,cik_str,ticker,title,sector,industry
0,320193,AAPL,Apple Inc.,Technology,Consumer Electronics
1,789019,MSFT,MICROSOFT CORP,Technology,Software—Infrastructure
2,1045810,NVDA,NVIDIA CORP,Technology,Semiconductors
3,1652044,GOOGL,Alphabet Inc.,Communication Services,Internet Content & Information
4,1018724,AMZN,AMAZON COM INC,Consumer Cyclical,Internet Retail
5,1326801,META,"Meta Platforms, Inc.",Communication Services,Internet Content & Information
6,1046179,TSM,TAIWAN SEMICONDUCTOR MANUFACTURING CO LTD,Technology,Semiconductors
7,1067983,BRK-B,BERKSHIRE HATHAWAY INC,Financial Services,Insurance—Diversified
8,1318605,TSLA,"Tesla, Inc.",Consumer Cyclical,Auto Manufacturers
9,59478,LLY,ELI LILLY & Co,Healthcare,Drug Manufacturers—General
10,1730168,AVGO,Broadcom Inc.,Technology,Semiconductors
11,353278,NVO,NOVO NORDISK A S,Healthcare,Biotechnology
12,19617,JPM,JPMORGAN CHASE & CO,Financial Services,Banks—Diversified
13,104169,WMT,Walmart Inc.,Consumer Defensive,Discount Stores
14,1403161,V,VISA INC.,Financial Services,Credit Services
16,34088,XOM,EXXON MOBIL CORP,Energy,Oil & Gas Integrated
17,731766,UNH,UNITEDHEALTH GROUP INC,Healthcare,Healthcare Plans
18,937966,ASML,ASML HOLDING NV,Technology,Semiconductor Equipment & Materials
19,1141391,MA,Mastercard Inc,Financial Services,Credit Services
20,909832,COST,COSTCO WHOLESALE CORP /NEW,Consumer Defensive,Discount Stores
21,80424,PG,PROCTER & GAMBLE Co,Consumer Defensive,Household & Personal Products
22,1341439,ORCL,ORACLE CORP,Technology,Software—Infrastructure
23,200406,JNJ,JOHNSON & JOHNSON,Healthcare,Drug Manufacturers—General
24,354950,HD,"HOME DEPOT, INC.",Consumer Cyclical,Home Improvement Retail
25,70858,BAC,BANK OF AMERICA CORP /DE/,Financial Services,Banks—Diversified
26,310158,MRK,"Merck & Co., Inc.",Healthcare,Drug Manufacturers—General
27,1065280,NFLX,NETFLIX INC,Communication Services,Entertainment
28,1551152,ABBV,AbbVie Inc.,Healthcare,Drug Manufacturers—General
29,2488,AMD,ADVANCED MICRO DEVICES INC,Technology,Semiconductors
30,93410,CVX,CHEVRON CORP,Energy,Oil & Gas Integrated
31,1047716,LTMAY,LATAM AIRLINES GROUP S.A.,Industrials,Airlines
32,1094517,TM,TOYOTA MOTOR CORP/,Consumer Cyclical,Auto Manufacturers
33,21344,KO,COCA COLA CO,Consumer Defensive,Beverages—Non-Alcoholic
34,796343,ADBE,ADOBE INC.,Technology,Software—Infrastructure
35,1108524,CRM,"Salesforce, Inc.",Technology,Software—Application
36,901832,AZN,ASTRAZENECA PLC,Healthcare,Drug Manufacturers—General
37,1000184,SAP,SAP SE,Technology,Software—Application
38,804328,QCOM,QUALCOMM INC/DE,Technology,Semiconductors
39,1306965,SHEL,Shell plc,Energy,Oil & Gas Integrated
40,77476,PEP,PEPSICO INC,Consumer Defensive,Beverages—Non-Alcoholic
41,1114448,NVS,NOVARTIS AG,Healthcare,Drug Manufacturers—General
42,1283699,TMUS,"T-Mobile US, Inc.",Communication Services,Telecom Services
43,72971,WFC,WELLS FARGO & COMPANY/MN,Financial Services,Banks—Diversified
44,6951,AMAT,APPLIED MATERIALS INC /DE,Technology,Semiconductor Equipment & Materials
45,1707925,LIN,LINDE PLC,Basic Materials,Specialty Chemicals
46,97745,TMO,THERMO FISHER SCIENTIFIC INC.,Healthcare,Diagnostics & Research
47,1061736,FMX,MEXICAN ECONOMIC DEVELOPMENT INC,Consumer Defensive,Beverages—Brewers
49,1737806,PDD,PDD Holdings Inc.,Consumer Cyclical,Internet Retail
50,1973239,ARM,ARM HOLDINGS PLC /UK,Technology,Semiconductors
51,1467373,ACN,Accenture plc,Technology,Information Technology Services
52,858877,CSCO,"CISCO SYSTEMS, INC.",Technology,Communication Equipment
53,97476,TXN,TEXAS INSTRUMENTS INC,Technology,Semiconductors
54,896878,INTU,INTUIT INC.,Technology,Software—Application
55,1577552,BABA,Alibaba Group Holding Ltd,Consumer Cyclical,Internet Retail
56,40545,GE,GENERAL ELECTRIC CO,Industrials,Aerospace & Defense
57,1744489,DIS,Walt Disney Co,Communication Services,Entertainment
58,313616,DHR,DANAHER CORP /DE/,Healthcare,Diagnostics & Research
59,63908,MCD,MCDONALDS CORP,Consumer Cyclical,Restaurants
60,1800,ABT,ABBOTT LABORATORIES,Healthcare,Medical Devices
61,732712,VZ,VERIZON COMMUNICATIONS INC,Communication Services,Telecom Services
62,4962,AXP,AMERICAN EXPRESS CO,Financial Services,Credit Services
63,318154,AMGN,AMGEN INC,Healthcare,Drug Manufacturers—General
64,895421,MS,MORGAN STANLEY,Financial Services,Capital Markets
65,51143,IBM,INTERNATIONAL BUSINESS MACHINES CORP,Technology,Information Technology Services
66,18230,CAT,CATERPILLAR INC,Industrials,Farm & Heavy Construction Machinery
67,879764,TTE,TotalEnergies SE,Energy,Oil & Gas Integrated
68,1089113,HSBC,HSBC HOLDINGS PLC,Financial Services,Banks—Diversified
69,1413329,PM,Philip Morris International Inc.,Consumer Defensive,Tobacco
70,78003,PFE,PFIZER INC,Healthcare,Drug Manufacturers—General
71,1035267,ISRG,INTUITIVE SURGICAL INC,Healthcare,Medical Instruments & Supplies
72,1144967,HDB,HDFC BANK LTD,Financial Services,Banks—Regional
73,1000275,RY,ROYAL BANK OF CANADA,Financial Services,Banks—Diversified
74,886982,GS,GOLDMAN SACHS GROUP INC,Financial Services,Capital Markets
75,1373715,NOW,"ServiceNow, Inc.",Technology,Software—Application
76,1543151,UBER,"Uber Technologies, Inc",Technology,Software—Application
77,811809,BHP,BHP Group Ltd,Basic Materials,Other Industrial Metals & Mining
78,753308,NEE,NEXTERA ENERGY INC,Utilities,Utilities—Regulated Electric
79,1166691,CMCSA,COMCAST CORP,Communication Services,Telecom Services
80,1393818,BX,Blackstone Inc.,Financial Services,Asset Management
81,50863,INTC,INTEL CORP,Technology,Semiconductors
82,723125,MU,MICRON TECHNOLOGY INC,Technology,Semiconductors
83,707549,LRCX,LAM RESEARCH CORP,Technology,Semiconductor Equipment & Materials
84,64040,SPGI,S&P Global Inc.,Financial Services,Financial Data & Stock Exchanges
85,887028,RTNTF,RIO TINTO LTD,Basic Materials,Other Industrial Metals & Mining
86,217410,UL,UNILEVER PLC,Consumer Defensive,Household & Personal Products
87,773840,HON,HONEYWELL INTERNATIONAL INC,Industrials,Conglomerates
88,316709,SCHW,SCHWAB CHARLES CORP,Financial Services,Capital Markets
89,100885,UNP,UNION PACIFIC CORP,Industrials,Railroads
90,732717,T,AT&T INC.,Communication Services,Telecom Services
91,1075531,BKNG,Booking Holdings Inc.,Consumer Cyclical,Travel Services
92,101829,RTX,RTX Corp,Industrials,Aerospace & Defense
93,1163165,COP,CONOCOPHILLIPS,Energy,Oil & Gas E&P
94,67088,MUFG,MITSUBISHI UFJ FINANCIAL GROUP INC,Financial Services,Banks—Diversified
95,1551182,ETN,Eaton Corp plc,Industrials,Specialty Industrial Machinery
96,310764,SYK,STRYKER CORP,Healthcare,Medical Devices
97,109198,TJX,TJX COMPANIES INC /DE/,Consumer Cyclical,Apparel Retail
98,831001,C,CITIGROUP INC,Financial Services,Banks—Diversified
99,875320,VRTX,VERTEX PHARMACEUTICALS INC / MA,Healthcare,Biotechnology
100,1121404,SNY,Sanofi,Healthcare,Drug Manufacturers—General
101,80661,PGR,PROGRESSIVE CORP/OH/,Financial Services,Insurance—Property & Casualty
102,1156039,ELV,"Elevance Health, Inc.",Healthcare,Healthcare Plans
103,60667,LOW,LOWES COMPANIES INC,Consumer Cyclical,Home Improvement Retail
104,1364742,BLK,BlackRock Inc.,Financial Services,Asset Management
105,319201,KLAC,KLA CORP,Technology,Semiconductor Equipment & Materials
106,1668717,BUD,Anheuser-Busch InBev SA/NV,Consumer Defensive,Beverages—Brewers
107,872589,REGN,"REGENERON PHARMACEUTICALS, INC.",Healthcare,Biotechnology
108,1596532,ANET,"Arista Networks, Inc.",Technology,Computer Hardware
109,6281,ADI,ANALOG DEVICES INC,Technology,Semiconductors
110,1090727,UPS,UNITED PARCEL SERVICE INC,Industrials,Integrated Freight & Logistics
111,1378580,EADSY,Airbus SE/ADR,Industrials,Aerospace & Defense
112,12927,BA,BOEING CO,Industrials,Aerospace & Defense
113,885725,BSX,BOSTON SCIENTIFIC CORP,Healthcare,Medical Devices
114,320187,NKE,"NIKE, Inc.",Consumer Cyclical,Footwear & Accessories
115,313838,SONY,Sony Group Corp,Technology,Consumer Electronics
116,936468,LMT,LOCKHEED MARTIN CORP,Industrials,Aerospace & Defense
117,1327567,PANW,Palo Alto Networks Inc,Technology,Software—Infrastructure
118,863064,RIO,RIO TINTO PLC,Basic Materials,Other Industrial Metals & Mining
119,1443276,TOELY,Tokyo Electron LTD,Technology,Semiconductor Equipment & Materials
120,1045609,PLD,"Prologis, Inc.",Real Estate,REIT—Industrial
121,1103838,IBN,ICICI BANK LTD,Financial Services,Banks—Regional
122,62709,MMC,"MARSH & MCLENNAN COMPANIES, INC.",Financial Services,Insurance Brokers
123,896159,CB,Chubb Ltd,Financial Services,Insurance—Property & Casualty
124,1571996,DELL,Dell Technologies Inc.,Technology,Computer Hardware
125,1161167,AIQUY,L AIR LIQUIDE SA /FI,Basic Materials,Specialty Chemicals
126,947263,TD,TORONTO DOMINION BANK,Financial Services,Banks—Diversified
127,1613103,MDT,Medtronic plc,Healthcare,Medical Devices
128,1119639,PBR,PETROBRAS - PETROLEO BRASILEIRO SA,Energy,Oil & Gas Integrated
129,1404912,KKR,KKR & Co. Inc.,Financial Services,Asset Management
130,1610520,UBS,UBS Group AG,Financial Services,Banks—Diversified
131,313807,BP,BP PLC,Energy,Oil & Gas Integrated
132,1559720,ABNB,"Airbnb, Inc.",Consumer Cyclical,Travel Services
133,315189,DE,DEERE & CO,Industrials,Farm & Heavy Construction Machinery
134,8670,ADP,AUTOMATIC DATA PROCESSING INC,Industrials,Staffing & Employment Services
135,1535527,CRWD,"CrowdStrike Holdings, Inc.",Technology,Software—Infrastructure
136,883241,SNPS,SYNOPSYS INC,Technology,Software—Infrastructure
137,1739940,CI,Cigna Group,Healthcare,Healthcare Plans
138,1053507,AMT,AMERICAN TOWER CORP /MA/,Real Estate,REIT—Specialty
139,1001838,SCCO,SOUTHERN COPPER CORP/,Basic Materials,Copper
140,948401,CFRUY,COMPAGNIE FINANCIERE RICHEMONT AG /FI,Consumer Cyclical,Luxury Goods
141,1022837,SMFG,"SUMITOMO MITSUI FINANCIAL GROUP, INC.",Financial Services,Banks—Diversified
142,748954,ATLKY,ATLAS COPCO AB,Industrials,Specialty Industrial Machinery
143,798354,FI,FISERV INC,Technology,Information Technology Services
144,1103982,MDLZ,"Mondelez International, Inc.",Consumer Defensive,Confectioners
145,1099590,MELI,MERCADOLIBRE INC,Consumer Cyclical,Internet Retail
146,813672,CDNS,CADENCE DESIGN SYSTEMS INC,Technology,Software—Application
147,929869,RELX,RELX PLC,Industrials,Specialty Business Services
148,92122,SO,SOUTHERN CO,Utilities,Utilities—Regulated Electric
149,1594805,SHOP,SHOPIFY INC.,Technology,Software—Application
150,823768,WM,WASTE MANAGEMENT INC,Industrials,Waste Management
151,882095,GILD,"GILEAD SCIENCES, INC.",Healthcare,Drug Manufacturers—General
152,829224,SBUX,STARBUCKS CORP,Consumer Cyclical,Restaurants
153,860730,HCA,"HCA Healthcare, Inc.",Healthcare,Medical Care Facilities
154,820313,APH,AMPHENOL CORP /DE/,Technology,Electronic Components
155,14272,BMY,BRISTOL MYERS SQUIBB CO,Healthcare,Drug Manufacturers—General
156,1067491,INFY,Infosys Ltd,Technology,Information Technology Services
157,1442651,SHECY,"Shin-Etsu Chemical Co., Ltd.",Basic Materials,Chemicals
158,1571949,ICE,"Intercontinental Exchange, Inc.",Financial Services,Financial Data & Stock Exchanges
159,764180,MO,"ALTRIA GROUP, INC.",Consumer Defensive,Tobacco
160,1555280,ZTS,Zoetis Inc.,Healthcare,Drug Manufacturers—Specialty & Generic
161,1059556,MCO,MOODYS CORP /DE/,Financial Services,Financial Data & Stock Exchanges
162,21665,CL,COLGATE PALMOLIVE CO,Consumer Defensive,Household & Personal Products
163,1058090,CMG,CHIPOTLE MEXICAN GRILL INC,Consumer Cyclical,Restaurants
164,1131399,GSK,GSK plc,Healthcare,Drug Manufacturers—General
165,1326160,DUK,Duke Energy CORP,Utilities,Utilities—Regulated Electric
166,40533,GD,GENERAL DYNAMICS CORP,Industrials,Aerospace & Defense
167,1648416,RACE,Ferrari N.V.,Consumer Cyclical,Auto Manufacturers
168,1140625,EQNR,EQUINOR ASA,Energy,Oil & Gas Integrated
169,927653,MCK,MCKESSON CORP,Healthcare,Medical Distribution
170,1017413,CNQ,CANADIAN NATURAL RESOURCES LTD,Energy,Oil & Gas E&P
171,1466258,TT,Trane Technologies plc,Industrials,Building Products & Equipment
172,89800,SHW,SHERWIN WILLIAMS CO,Basic Materials,Specialty Chemicals
173,1075124,TRI,THOMSON REUTERS CORP /CAN/,Industrials,Specialty Business Services
174,895728,ENB,ENBRIDGE INC,Energy,Oil & Gas Midstream
175,1524684,GLNCY,Glencore plc/ADR,Basic Materials,Other Industrial Metals & Mining
176,891478,SAN,"Banco Santander, S.A.",Financial Services,Banks—Diversified
177,16868,CNI,CANADIAN NATIONAL RAILWAY CO,Industrials,Railroads
178,831259,FCX,FREEPORT-MCMORAN INC,Basic Materials,Copper
179,16875,CP,CANADIAN PACIFIC KANSAS CITY LTD/CN,Industrials,Railroads
180,1067318,MBGYY,DAIMLER AG,Consumer Cyclical,Auto Manufacturers
181,1048911,FDX,FEDEX CORP,Industrials,Integrated Freight & Logistics
182,821189,EOG,EOG RESOURCES INC,Energy,Oil & Gas E&P
183,1101239,EQIX,EQUINIX INC,Real Estate,REIT—Specialty
184,723254,CTAS,CINTAS CORP,Industrials,Specialty Business Services
185,64803,CVS,CVS HEALTH Corp,Healthcare,Healthcare Plans
186,1260221,TDG,TransDigm Group INC,Industrials,Aerospace & Defense
187,835403,DEO,DIAGEO PLC,Consumer Defensive,Beverages—Wineries & Distilleries
188,1303523,BTI,British American Tobacco p.l.c.,Consumer Defensive,Tobacco
189,1413447,NXPI,NXP Semiconductors N.V.,Technology,Semiconductors
190,49826,ITW,ILLINOIS TOOL WORKS INC,Industrials,Specialty Industrial Machinery
191,1156375,CME,CME GROUP INC.,Financial Services,Financial Data & Stock Exchanges
192,31462,ECL,ECOLAB INC.,Basic Materials,Specialty Chemicals
193,27419,TGT,TARGET CORP,Consumer Defensive,Discount Stores
194,1048286,MAR,MARRIOTT INTERNATIONAL INC /MD/,Consumer Cyclical,Lodging
195,1868275,CEG,Constellation Energy Corp,Utilities,Utilities—Renewable
196,1858681,APO,"Apollo Global Management, Inc.",Financial Services,Asset Management
197,1001085,BN,BROOKFIELD Corp /ON/,Financial Services,Asset Management
198,76334,PH,PARKER HANNIFIN CORP,Industrials,Specialty Industrial Machinery
199,68505,MSI,"Motorola Solutions, Inc.",Technology,Communication Equipment
200,87347,SLB,SCHLUMBERGER LIMITED/NV,Energy,Oil & Gas Equipment & Services
201,713676,PNC,"PNC FINANCIAL SERVICES GROUP, INC.",Financial Services,Banks—Regional
202,10795,BDX,BECTON DICKINSON & CO,Healthcare,Medical Instruments & Supplies
203,315293,AON,Aon plc,Financial Services,Insurance Brokers
204,1835632,MRVL,"Marvell Technology, Inc.",Technology,Semiconductors
205,277948,CSX,CSX CORP,Industrials,Railroads
206,1061219,EPD,ENTERPRISE PRODUCTS PARTNERS L.P.,Energy,Oil & Gas Midstream
207,1133421,NOC,NORTHROP GRUMMAN CORP /DE/,Industrials,Aerospace & Defense
208,32604,EMR,EMERSON ELECTRIC CO,Industrials,Specialty Industrial Machinery
209,1691493,NU,Nu Holdings Ltd.,Financial Services,Banks—Regional
210,1639920,SPOT,Spotify Technology S.A.,Communication Services,Internet Content & Information
211,766704,WELL,WELLTOWER INC.,Real Estate,REIT—Healthcare Facilities
212,36104,USB,US BANCORP DE,Financial Services,Banks—Regional
213,1633917,PYPL,"PayPal Holdings, Inc.",Financial Services,Credit Services
214,927971,BMO,BANK OF MONTREAL /CAN/,Financial Services,Banks—Diversified
215,1321655,PLTR,Palantir Technologies Inc.,Technology,Software—Infrastructure
216,1060391,RSG,"REPUBLIC SERVICES, INC.",Industrials,Waste Management
217,1110646,NTES,"NetEase, Inc.",Communication Services,Electronic Gaming & Multimedia
218,1446250,BMWYY,Bayerische Motoren Werke AG/ADR,Consumer Cyclical,Auto Manufacturers
219,898173,ORLY,O REILLY AUTOMOTIVE INC,Consumer Cyclical,Specialty Retail
220,1132597,ITUB,Itau Unibanco Holding S.A.,Financial Services,Banks—Regional
221,842180,BBVA,"BANCO BILBAO VIZCAYA ARGENTARIA, S.A.",Financial Services,Banks—Diversified
222,882835,ROP,ROPER TECHNOLOGIES INC,Technology,Software—Application
223,1327811,WDAY,"Workday, Inc.",Technology,Software—Application
224,1947559,ANZGY,ANZ GROUP HOLDINGS LIMITED/ADR,Financial Services,Banks—Diversified
225,1004315,NGG,NATIONAL GRID PLC,Utilities,Utilities—Regulated Electric
226,1510295,MPC,Marathon Petroleum Corp,Energy,Oil & Gas Refining & Marketing
227,1039765,ING,ING GROEP NV,Financial Services,Banks—Diversified
228,354190,AJG,Arthur J. Gallagher & Co.,Financial Services,Insurance Brokers
229,1605484,STLA,Stellantis N.V.,Consumer Cyclical,Auto Manufacturers
231,1534701,PSX,Phillips 66,Energy,Oil & Gas Refining & Marketing
232,2969,APD,"Air Products & Chemicals, Inc.",Basic Materials,Specialty Chemicals
233,1783180,CARR,CARRIER GLOBAL Corp,Industrials,Building Products & Equipment
234,9631,BNS,BANK OF NOVA SCOTIA,Financial Services,Banks—Diversified
235,1099800,EW,Edwards Lifesciences Corp,Healthcare,Medical Devices
236,1063761,SPG,SIMON PROPERTY GROUP INC /DE/,Real Estate,REIT—Retail
237,1129137,AMX,AMERICA MOVIL SAB DE CV/,Communication Services,Telecom Services
238,66740,MMM,3M CO,Industrials,Conglomerates
239,1276187,ET,Energy Transfer LP,Energy,Oil & Gas Midstream
240,1335730,MFG,MIZUHO FINANCIAL GROUP INC,Financial Services,Banks—Regional
241,797468,OXY,OCCIDENTAL PETROLEUM CORP /DE/,Energy,Oil & Gas E&P
242,1679788,COIN,"Coinbase Global, Inc.",Financial Services,Financial Data & Stock Exchanges
243,1585689,HLT,Hilton Worldwide Holdings Inc.,Consumer Cyclical,Lodging
244,75362,PCAR,PACCAR INC,Industrials,Farm & Heavy Construction Machinery
245,1467858,GM,General Motors Co,Consumer Cyclical,Auto Manufacturers
246,1381197,IBKR,"Interactive Brokers Group, Inc.",Financial Services,Capital Markets
247,927628,COF,CAPITAL ONE FINANCIAL CORP,Financial Services,Credit Services
248,769397,ADSK,"Autodesk, Inc.",Technology,Software—Application
249,900075,CPRT,COPART INC,Industrials,Specialty Business Services
250,1375365,SMCI,"Super Micro Computer, Inc.",Technology,Computer Hardware
251,92230,TFC,TRUIST FINANCIAL CORP,Financial Services,Banks—Regional
252,107263,WMB,"WILLIAMS COMPANIES, INC.",Energy,Oil & Gas Midstream
253,37996,F,FORD MOTOR CO,Consumer Cyclical,Auto Manufacturers
254,849395,CRH,CRH PUBLIC LTD CO,Basic Materials,Building Materials
256,715153,HMC,HONDA MOTOR CO LTD,Consumer Cyclical,Auto Manufacturers
257,1393311,PSA,Public Storage,Real Estate,REIT—Industrial
258,4977,AFL,AFLAC INC,Financial Services,Insurance—Life
259,1164727,NEM,NEWMONT Corp /DE/,Basic Materials,Gold
260,1297996,DLR,"DIGITAL REALTY TRUST, INC.",Real Estate,REIT—Specialty
261,5272,AIG,"AMERICAN INTERNATIONAL GROUP, INC.",Financial Services,Insurance—Diversified
262,917851,VALE,Vale S.A.,Basic Materials,Other Industrial Metals & Mining
263,1099219,MET,METLIFE INC,Financial Services,Insurance—Life
264,827054,MCHP,MICROCHIP TECHNOLOGY INC,Technology,Semiconductors
265,1671933,TTD,"Trade Desk, Inc.",Technology,Software—Application
266,895564,BAESY,BAE SYSTEMS PLC /FI/,Industrials,Aerospace & Defense
267,1997652,TBN,Tamboran Resources Corp,Energy,Oil & Gas E&P
268,745732,ROST,"ROSS STORES, INC.",Consumer Cyclical,Apparel Retail
269,865752,MNST,Monster Beverage Corp,Consumer Defensive,Beverages—Non-Alcoholic
270,1002242,E,ENI SPA,Energy,Oil & Gas Integrated
271,1035002,VLO,VALERO ENERGY CORP/TX,Energy,Oil & Gas Refining & Marketing
272,1086888,MFC,MANULIFE FINANCIAL CORP,Financial Services,Insurance—Life
273,866787,AZO,AUTOZONE INC,Consumer Cyclical,Specialty Retail
274,311337,SU,SUNCOR ENERGY INC,Energy,Oil & Gas Integrated
275,702165,NSC,NORFOLK SOUTHERN CORP,Industrials,Railroads
276,1039684,OKE,ONEOK INC /NEW/,Energy,Oil & Gas Midstream
277,1032208,SRE,SEMPRA,Utilities,Utilities—Diversified
278,30554,CTA-PA,"EIDP, Inc.",Basic Materials,Agricultural Inputs
279,1996810,GEV,GE Vernova Inc.,Utilities,Utilities—Renewable
280,55785,KMB,KIMBERLY CLARK CORP,Consumer Defensive,Household & Personal Products
281,1545460,OLCLY,"Oriental Land Co., Ltd./ADR",Consumer Cyclical,Leisure
282,86312,TRV,"TRAVELERS COMPANIES, INC.",Financial Services,Insurance—Property & Casualty
283,1650372,TEAM,Atlassian Corp,Technology,Software—Application
284,1262039,FTNT,"Fortinet, Inc.",Technology,Software—Infrastructure
285,4904,AEP,AMERICAN ELECTRIC POWER CO INC,Utilities,Utilities—Regulated Electric
286,726728,O,REALTY INCOME CORP,Real Estate,REIT—Retail
287,1385157,TEL,TE Connectivity Ltd.,Technology,Electronic Components
288,1318220,WCN,"Waste Connections, Inc.",Industrials,Waste Management
289,16918,STZ,"CONSTELLATION BRANDS, INC.",Consumer Defensive,Beverages—Wineries & Distilleries
290,1640147,SNOW,Snowflake Inc.,Technology,Software—Application
291,1045520,CM,CANADIAN IMPERIAL BANK OF COMMERCE /CAN/,Financial Services,Banks—Diversified
292,1160106,LYG,Lloyds Banking Group plc,Financial Services,Banks—Regional
293,1004980,PCG,PG&E Corp,Utilities,Utilities—Regulated Electric
294,1446598,DNZOY,Denso Corp,Consumer Cyclical,Auto Parts
295,833444,JCI,Johnson Controls International plc,Industrials,Building Products & Equipment
296,1390777,BK,Bank of New York Mellon Corp,Financial Services,Asset Management
297,882184,DHI,HORTON D R INC /DE/,Consumer Cyclical,Residential Construction
298,4447,HES,HESS CORP,Energy,Oil & Gas E&P
299,49071,HUM,HUMANA INC,Healthcare,Healthcare Plans
300,277135,GWW,"W.W. GRAINGER, INC.",Industrials,Industrial Distribution
301,1682852,MRNA,"Moderna, Inc.",Healthcare,Biotechnology
302,1506307,KMI,"KINDER MORGAN, INC.",Energy,Oil & Gas Midstream
303,1792789,DASH,"DoorDash, Inc.",Communication Services,Internet Content & Information
304,1167379,ALC,ALCON INC,Healthcare,Medical Instruments & Supplies
305,1093557,DXCM,DEXCOM INC,Healthcare,Medical Devices
306,1140859,COR,"Cencora, Inc.",Healthcare,Medical Distribution
307,1418135,KDP,Keurig Dr Pepper Inc.,Consumer Defensive,Beverages—Non-Alcoholic
308,1279967,CRARY,CREDIT AGRICOLE S A,Financial Services,Banks—Regional
310,820027,AMP,AMERIPRISE FINANCIAL INC,Financial Services,Asset Management
311,1552000,MPLX,MPLX LP,Energy,Oil & Gas Midstream
312,1671750,DSCSY,Disco Corporation/ADR,Technology,Semiconductor Equipment & Materials
313,202058,LHX,"L3HARRIS TECHNOLOGIES, INC. /DE/",Industrials,Aerospace & Defense
314,1137774,PRU,PRUDENTIAL FINANCIAL INC,Financial Services,Insurance—Life
315,1703399,SE,Sea Ltd,Consumer Cyclical,Internet Retail
316,1091667,CHTR,"CHARTER COMMUNICATIONS, INC. /MO/",Communication Services,Telecom Services
317,1561550,DDOG,"Datadog, Inc.",Technology,Software—Application
318,1446519,DKILY,Daikin Industries Ltd,Industrials,Building Products & Equipment
319,1067701,URI,"UNITED RENTALS, INC.",Industrials,Rental & Leasing Services
320,1176948,ARES,Ares Management Corp,Financial Services,Asset Management
321,899051,ALL,ALLSTATE CORP,Financial Services,Insurance—Property & Casualty
322,723531,PAYX,PAYCHEX INC,Industrials,Staffing & Employment Services
323,1051470,CCI,CROWN CASTLE INC.,Real Estate,REIT—Specialty
324,884887,RCL,ROYAL CARIBBEAN CRUISES LTD,Consumer Cyclical,Travel Services
325,1450468,MRAAY,"Murata Manufacturing Co., Ltd./ADR",Technology,Electronic Components
326,715957,D,"DOMINION ENERGY, INC",Utilities,Utilities—Regulated Electric
327,312069,BCS,BARCLAYS PLC,Financial Services,Banks—Diversified
328,1395064,TAK,TAKEDA PHARMACEUTICAL CO LTD,Healthcare,Drug Manufacturers—Specialty & Generic
329,1549802,JD,"JD.com, Inc.",Consumer Cyclical,Internet Retail
330,1280452,MPWR,MONOLITHIC POWER SYSTEMS INC,Technology,Semiconductors
331,1136893,FIS,"Fidelity National Information Services, Inc.",Technology,Information Technology Services
332,1012037,CODYY,COMPAGNIE DE SAINT GOBAIN,Industrials,Building Products & Equipment
333,3570,LNG,"Cheniere Energy, Inc.",Energy,Oil & Gas Midstream
334,1535628,CAIXY,CaixaBank/ADR,Financial Services,Banks—Regional
335,861967,WTKWY,WOLTERS KLUWER N V /FI,Industrials,Specialty Business Services
336,1512673,SQ,"Block, Inc.",Technology,Software—Infrastructure
337,874716,IDXX,IDEXX LABORATORIES INC /DE,Healthcare,Diagnostics & Research
338,1900304,HLN,Haleon plc,Healthcare,Drug Manufacturers—Specialty & Generic
339,1442145,VRSK,"Verisk Analytics, Inc.",Industrials,Consulting Services
340,1781335,OTIS,Otis Worldwide Corp,Industrials,Specialty Industrial Machinery
341,920760,LEN,LENNAR CORP /NEW/,Consumer Cyclical,Residential Construction
342,878927,ODFL,"OLD DOMINION FREIGHT LINE, INC.",Industrials,Trucking
343,1232384,TRP,TC ENERGY CORP,Energy,Oil & Gas Midstream
344,1408198,MSCI,MSCI Inc.,Financial Services,Financial Data & Stock Exchanges
345,1637459,KHC,Kraft Heinz Co,Consumer Defensive,Packaged Foods
346,814547,FICO,FAIR ISAAC CORP,Technology,Software—Application
347,1834584,CPNG,"Coupang, Inc.",Consumer Cyclical,Internet Retail
348,1478242,IQV,IQVIA HOLDINGS INC.,Healthcare,Diagnostics & Research
349,24741,GLW,CORNING INC /NY,Technology,Electronic Components
350,1037868,AME,AMETEK INC/,Industrials,Specialty Industrial Machinery
351,1832433,FERG,Ferguson plc,Industrials,Industrial Distribution
352,788784,PEG,PUBLIC SERVICE ENTERPRISE GROUP INC,Utilities,Utilities—Regulated Electric
353,56873,KR,KROGER CO,Consumer Defensive,Grocery Stores
354,932787,STM,STMicroelectronics N.V.,Technology,Semiconductors
355,712515,EA,ELECTRONIC ARTS INC.,Communication Services,Electronic Gaming & Multimedia
356,1050915,PWR,"QUANTA SERVICES, INC.",Industrials,Engineering & Construction
357,1001250,EL,ESTEE LAUDER COMPANIES INC,Consumer Defensive,Household & Personal Products
358,1699150,IR,Ingersoll Rand Inc.,Industrials,Specialty Industrial Machinery
359,947484,ACGL,ARCH CAPITAL GROUP LTD.,Financial Services,Insurance—Diversified
360,1471055,BSBR,Banco Santander (Brasil) S.A.,Financial Services,Banks—Regional
361,26172,CMI,CUMMINS INC,Industrials,Specialty Industrial Machinery
362,47111,HSY,HERSHEY CO,Consumer Defensive,Confectioners
363,844551,WDS,WOODSIDE ENERGY GROUP LTD,Energy,Oil & Gas E&P
364,1751788,DOW,DOW INC.,Basic Materials,Chemicals
365,1090872,A,"AGILENT TECHNOLOGIES, INC.",Healthcare,Diagnostics & Research
366,73309,NUE,NUCOR CORP,Basic Materials,Steel
367,1397187,LULU,lululemon athletica inc.,Consumer Cyclical,Apparel Retail
368,1461748,PPERY,PT Bank Mandiri (Persero) Tbk / ADR,Financial Services,Banks—Regional
369,1539838,FANG,"Diamondback Energy, Inc.",Energy,Oil & Gas E&P
370,49938,IMO,IMPERIAL OIL LTD,Energy,Oil & Gas Integrated
371,1475260,CVE,CENOVUS ENERGY INC.,Energy,Oil & Gas Integrated
372,1041061,YUM,YUM BRANDS INC,Consumer Cyclical,Restaurants
373,815556,FAST,FASTENAL CO,Industrials,Industrial Distribution
374,1755672,CTVA,"Corteva, Inc.",Basic Materials,Agricultural Inputs
376,1635327,FLUT,Flutter Entertainment plc,Consumer Cyclical,Gambling
377,1071739,CNC,CENTENE CORP,Healthcare,Healthcare Plans
378,40704,GIS,GENERAL MILLS INC,Consumer Defensive,Packaged Foods
379,1120193,NDAQ,"NASDAQ, INC.",Financial Services,Financial Data & Stock Exchanges
380,2809,AEM,AGNICO EAGLE MINES LTD,Basic Materials,Gold
381,844150,NWG,NatWest Group plc,Financial Services,Banks—Regional
382,1932393,GEHC,GE HealthCare Technologies Inc.,Healthcare,Health Information Services
383,1674101,VRT,Vertiv Holdings Co,Industrials,Electrical Equipment & Parts
384,1944048,KVUE,Kenvue Inc.,Consumer Defensive,Household & Personal Products
385,47217,HPQ,HP INC,Technology,Computer Hardware
386,749251,IT,GARTNER INC,Technology,Information Technology Services
387,96021,SYY,SYSCO CORP,Consumer Defensive,Food Distribution
388,1109357,EXC,EXELON CORP,Utilities,Utilities—Regulated Electric
389,1289490,EXR,Extra Space Storage Inc.,Real Estate,REIT—Industrial
390,1329099,BIDU,"Baidu, Inc.",Communication Services,Internet Content & Information
391,1701605,BKR,Baker Hughes Co,Energy,Oil & Gas Equipment & Services
392,1123799,WIT,WIPRO LTD,Technology,Information Technology Services
393,1650107,CCEP,COCA-COLA EUROPACIFIC PARTNERS plc,Consumer Defensive,Beverages—Non-Alcoholic
394,1058290,CTSH,COGNIZANT TECHNOLOGY SOLUTIONS CORP,Technology,Information Technology Services
395,875045,BIIB,BIOGEN INC.,Healthcare,Drug Manufacturers—General
396,1269238,TCOM,Trip.com Group Ltd,Consumer Cyclical,Travel Services
397,1159508,DB,DEUTSCHE BANK AKTIENGESELLSCHAFT,Financial Services,Banks—Regional
398,4281,HWM,Howmet Aerospace Inc.,Industrials,Aerospace & Defense
399,1666700,DD,"DuPont de Nemours, Inc.",Basic Materials,Specialty Chemicals
400,916076,MLM,MARTIN MARIETTA MATERIALS INC,Basic Materials,Building Materials
401,1565025,ABEV,AMBEV S.A.,Consumer Defensive,Beverages—Brewers
402,1393612,DFS,Discover Financial Services,Financial Services,Credit Services
403,354518,EBCOY,EBARA CORP /ADR/,Industrials,Specialty Industrial Machinery
404,1524472,XYL,Xylem Inc.,Industrials,Specialty Industrial Machinery
405,1178670,ALNY,"ALNYLAM PHARMACEUTICALS, INC.",Healthcare,Biotechnology
406,1396009,VMC,Vulcan Materials CO,Basic Materials,Building Materials
408,1692819,VST,Vistra Corp.,Utilities,Utilities—Independent Power Producers
409,7084,ADM,Archer-Daniels-Midland Co,Consumer Defensive,Farm Products
410,1097864,ON,ON SEMICONDUCTOR CORP,Technology,Semiconductors
411,1359519,SVNDY,SEVEN & I HOLDINGS CO LTD,Consumer Defensive,Grocery Stores
412,1158838,ATEYY,ADVANTEST CORP,Technology,Semiconductor Equipment & Materials
413,1121788,GRMN,GARMIN LTD,Technology,Scientific & Technical Instruments
414,1300514,LVS,LAS VEGAS SANDS CORP,Consumer Cyclical,Resorts & Casinos
415,1700171,ANYYY,Aena S.A./ADR,Industrials,Airports & Air Services
416,1047862,ED,CONSOLIDATED EDISON INC,Utilities,Utilities—Regulated Electric
417,756894,GOLD,BARRICK GOLD CORP,Basic Materials,Gold
418,1468522,FER,Ferrovial SE,Industrials,Infrastructure Operations
419,1618756,QSR,Restaurant Brands International Inc.,Consumer Cyclical,Restaurants
420,27904,DAL,"DELTA AIR LINES, INC.",Industrials,Airlines
421,1489393,LYB,LyondellBasell Industries N.V.,Basic Materials,Specialty Chemicals
422,1024478,ROK,"ROCKWELL AUTOMATION, INC",Industrials,Specialty Industrial Machinery
423,1506293,PINS,"PINTEREST, INC.",Communication Services,Internet Content & Information
424,1947542,TLGPY,Telstra Group Ltd,Communication Services,Telecom Services
425,874766,HIG,"HARTFORD FINANCIAL SERVICES GROUP, INC.",Financial Services,Insurance—Property & Casualty
426,1713683,ZS,"Zscaler, Inc.",Technology,Software—Infrastructure
427,33185,EFX,EQUIFAX INC,Industrials,Consulting Services
428,79879,PPG,PPG INDUSTRIES INC,Basic Materials,Specialty Chemicals
429,1389170,TRGP,Targa Resources Corp.,Energy,Oil & Gas Midstream
430,1709048,GFS,GLOBALFOUNDRIES Inc.,Technology,Semiconductors
431,1057352,CSGP,"COSTAR GROUP, INC.",Real Estate,Real Estate Services
432,1090012,DVN,DEVON ENERGY CORP/DE,Energy,Oil & Gas E&P
434,45012,HAL,HALLIBURTON CO,Energy,Oil & Gas Equipment & Services
435,1393052,VEEV,VEEVA SYSTEMS INC,Healthcare,Health Information Services
436,72903,XEL,XCEL ENERGY INC,Utilities,Utilities—Regulated Electric
437,915912,AVB,AVALONBAY COMMUNITIES INC,Real Estate,REIT—Residential
438,1402057,CDW,CDW Corp,Technology,Information Technology Services
439,1131345,NVZMY,NOVOZYMES AS/FI,Basic Materials,Specialty Chemicals
440,1705696,VICI,VICI PROPERTIES INC.,Real Estate,REIT—Diversified
441,718940,BCE,BCE INC,Communication Services,Telecom Services
442,800365,FUJIY,FUJI PHOTO FILM CO LTD /FI,Industrials,Conglomerates
443,1404655,HUBS,HUBSPOT INC,Technology,Software—Application
444,1013462,ANSS,ANSYS INC,Technology,Software—Application
445,1097362,SLF,SUN LIFE FINANCIAL INC,Financial Services,Insurance—Diversified
446,29534,DG,DOLLAR GENERAL CORP,Consumer Defensive,Discount Stores
447,1132924,CHT,CHUNGHWA TELECOM CO LTD,Communication Services,Telecom Services
448,1038143,ORAN,ORANGE,Communication Services,Telecom Services
449,1477333,NET,"Cloudflare, Inc.",Technology,Software—Infrastructure
450,1037646,MTD,METTLER TOLEDO INTERNATIONAL INC/,Healthcare,Diagnostics & Research
451,1751008,APP,AppLovin Corp,Technology,Software—Application
452,943819,RMD,RESMED INC,Healthcare,Medical Instruments & Supplies
453,1021020,OEZVY,OSTERREICHISCHE ELEKTRIZITATSWIRTSCHAFTS /FI,Utilities,Utilities—Renewable
454,943452,WAB,WESTINGHOUSE AIR BRAKE TECHNOLOGIES CORP,Industrials,Railroads
455,916365,TSCO,TRACTOR SUPPLY CO /DE/,Consumer Cyclical,Specialty Retail
456,1645590,HPE,Hewlett Packard Enterprise Co,Technology,Communication Equipment
457,1433913,BDORY,BANCO DO BRASIL S.A.,Financial Services,Banks—Regional
458,827052,EIX,EDISON INTERNATIONAL,Utilities,Utilities—Regulated Electric
459,1564408,SNAP,Snap Inc,Communication Services,Internet Content & Information
460,46619,HEI,HEICO CORP,Industrials,Aerospace & Defense
461,1020569,IRM,IRON MOUNTAIN INC,Real Estate,REIT—Specialty
462,1138118,CBRE,"CBRE GROUP, INC.",Real Estate,Real Estate Services
463,1697862,ARGX,ARGENX SE,Healthcare,Biotechnology
464,1038683,RYAAY,RYANAIR HOLDINGS PLC,Industrials,Airlines
465,850918,GWLIF,GREAT-WEST LIFECO INC.,Financial Services,Insurance—Life
466,1002047,NTAP,"NetApp, Inc.",Technology,Computer Hardware
467,1050952,PUBGY,PUBLICIS GROUPE SA,Communication Services,Advertising Agencies
468,915191,FRFHF,FAIRFAX FINANCIAL HOLDINGS LTD/ CAN,Financial Services,Insurance—Property & Casualty
469,815097,CCL,CARNIVAL CORP,Consumer Cyclical,Travel Services
470,1060955,ICLR,ICON PLC,Healthcare,Diagnostics & Research
471,1805284,RKT,"Rocket Companies, Inc.",Financial Services,Mortgage Finance
472,1065088,EBAY,EBAY INC,Consumer Cyclical,Internet Retail
473,1140536,WTW,WILLIS TOWERS WATSON PLC,Financial Services,Insurance Brokers
474,1446596,FANUY,Fanuc Ltd,Industrials,Specialty Industrial Machinery
475,946581,TTWO,TAKE TWO INTERACTIVE SOFTWARE INC,Communication Services,Electronic Gaming & Multimedia
476,1744676,TME,Tencent Music Entertainment Group,Communication Services,Internet Content & Information
477,1070304,IX,ORIX CORP,Financial Services,Financial Conglomerates
478,906107,EQR,EQUITY RESIDENTIAL,Real Estate,REIT—Residential
479,79282,BRO,"BROWN & BROWN, INC.",Financial Services,Insurance Brokers
480,1659166,FTV,Fortive Corp,Technology,Scientific & Technical Instruments
481,1122411,ASX,"ASE Technology Holding Co., Ltd.",Technology,Semiconductors
482,106040,WDC,WESTERN DIGITAL CORP,Technology,Computer Hardware
483,313927,CHD,CHURCH & DWIGHT CO INC /DE/,Consumer Defensive,Household & Personal Products
484,1113169,TROW,PRICE T ROWE GROUP INC,Financial Services,Asset Management
485,1116578,PUK,PRUDENTIAL PLC,Financial Services,Insurance—Life
486,1323404,WPM,Wheaton Precious Metals Corp.,Basic Materials,Gold
487,1410636,AWK,"American Water Works Company, Inc.",Utilities,Utilities—Regulated Water
488,1315098,RBLX,Roblox Corp,Communication Services,Electronic Gaming & Multimedia
489,886986,TECK,TECK RESOURCES LTD,Basic Materials,Other Industrial Metals & Mining
490,36270,MTB,M&T BANK CORP,Financial Services,Banks—Regional
491,1985487,KSPI,Joint Stock Co Kaspi.kz,Technology,Software—Infrastructure
492,798941,FCNCA,FIRST CITIZENS BANCSHARES INC /DE/,Financial Services,Banks—Regional
493,313216,PHG,KONINKLIJKE PHILIPS NV,Healthcare,Medical Devices
494,51253,IFF,INTERNATIONAL FLAVORS & FRAGRANCES INC,Basic Materials,Specialty Chemicals
495,1160330,BBD,BANK BRADESCO,Financial Services,Banks—Regional
496,720005,RJF,RAYMOND JAMES FINANCIAL INC,Financial Services,Capital Markets
497,35527,FITB,FIFTH THIRD BANCORP,Financial Services,Banks—Regional
498,1823945,OWL,BLUE OWL CAPITAL INC.,Financial Services,Asset Management
499,783325,WEC,"WEC ENERGY GROUP, INC.",Utilities,Utilities—Regulated Electric
500,1123360,GPN,GLOBAL PAYMENTS INC,Industrials,Specialty Business Services
501,1383650,CQP,"Cheniere Energy Partners, L.P.",Energy,Oil & Gas Midstream
502,839923,VOD,VODAFONE GROUP PUBLIC LTD CO,Communication Services,Telecom Services
503,1274494,FSLR,"FIRST SOLAR, INC.",Technology,Solar
504,1725964,NTR,Nutrien Ltd.,Basic Materials,Agricultural Inputs
505,84839,ROL,ROLLINS INC,Consumer Cyclical,Personal Services
506,910521,DECK,DECKERS OUTDOOR CORP,Consumer Cyclical,Footwear & Accessories
507,29905,DOV,DOVER Corp,Industrials,Specialty Industrial Machinery
508,814052,TEF,TELEFONICA S A,Communication Services,Telecom Services
509,97210,TER,"TERADYNE, INC",Technology,Semiconductor Equipment & Materials
510,1601046,KEYS,"Keysight Technologies, Inc.",Technology,Scientific & Technical Instruments
511,1445930,KB,KB Financial Group Inc.,Financial Services,Banks—Regional
512,1383312,BR,"BROADRIDGE FINANCIAL SOLUTIONS, INC.",Technology,Information Technology Services
513,906163,NVR,NVR INC,Consumer Cyclical,Residential Construction
514,1967680,VLTO,Veralto Corp,Industrials,Pollution & Treatment Controls
515,1456346,FNV,FRANCO NEVADA Corp,Basic Materials,Gold
516,721371,CAH,CARDINAL HEALTH INC,Healthcare,Medical Distribution
517,105770,WST,WEST PHARMACEUTICAL SERVICES INC,Healthcare,Medical Instruments & Supplies
518,1061574,GIB,CGI INC,Technology,Information Technology Services
519,2005951,SW,Smurfit WestRock plc,Consumer Cyclical,Packaging & Containers
520,1444406,EC,ECOPETROL S.A.,Energy,Oil & Gas Integrated
521,1050446,MSTR,MICROSTRATEGY Inc,Technology,Software—Application
522,868675,TU,TELUS CORP,Communication Services,Telecom Services
523,1758730,TW,Tradeweb Markets Inc.,Financial Services,Capital Markets
524,1069183,AXON,"AXON ENTERPRISE, INC.",Industrials,Aerospace & Defense
525,936340,DTE,DTE ENERGY CO,Utilities,Utilities—Regulated Electric
526,935703,DLTR,"DOLLAR TREE, INC.",Consumer Defensive,Discount Stores
527,93751,STT,STATE STREET CORP,Financial Services,Asset Management
528,65984,ETR,ENTERGY CORP /DE/,Utilities,Utilities—Regulated Electric
529,1031296,FE,FIRSTENERGY CORP,Utilities,Utilities—Regulated Electric
530,822416,PHM,PULTEGROUP INC/MI/,Consumer Cyclical,Residential Construction
531,1837240,SYM,Symbotic Inc.,Industrials,Specialty Industrial Machinery
532,1687229,INVH,Invitation Homes Inc.,Real Estate,REIT—Residential
533,1335258,LYV,"Live Nation Entertainment, Inc.",Communication Services,Entertainment
534,1137789,STX,Seagate Technology Holdings plc,Technology,Computer Hardware
535,1136869,ZBH,"ZIMMER BIOMET HOLDINGS, INC.",Healthcare,Medical Devices
536,1910139,MBLY,Mobileye Global Inc.,Consumer Cyclical,Auto Parts
537,924613,NOK,NOKIA CORP,Technology,Communication Equipment
538,1546066,PBA,PEMBINA PIPELINE CORP,Energy,Oil & Gas Midstream
539,860731,TYL,TYLER TECHNOLOGIES INC,Technology,Software—Application
540,1033767,UMC,UNITED MICROELECTRONICS CORP,Technology,Semiconductors
541,1474432,PSTG,"Pure Storage, Inc.",Technology,Computer Hardware
542,1009001,CCJ,CAMECO CORP,Energy,Uranium
543,1669414,SMPNY,"Sompo Japan Nipponkoa Holdings, Inc./ADR",Financial Services,Insurance—Property & Casualty
544,1791706,LI,Li Auto Inc.,Consumer Cyclical,Auto Manufacturers
545,1334687,CJPRY,CENTRAL JAPAN RAILWAY CO,Industrials,Railroads
546,717826,ERIC,ERICSSON LM TELEPHONE CO,Technology,Communication Equipment
547,1101302,ENTG,ENTEGRIS INC,Technology,Semiconductor Equipment & Materials
548,740260,VTR,"Ventas, Inc.",Real Estate,REIT—Healthcare Facilities
549,1757898,STE,STERIS plc,Healthcare,Medical Devices
550,857005,PTC,PTC INC.,Technology,Software—Application
551,1034054,SBAC,SBA COMMUNICATIONS CORP,Real Estate,REIT—Specialty
552,1125259,CUK,CARNIVAL PLC,Consumer Cyclical,Leisure
553,1397911,LPLA,LPL Financial Holdings Inc.,Financial Services,Capital Markets
554,889132,PKX,POSCO HOLDINGS INC.,Basic Materials,Steel
555,1609711,GDDY,GoDaddy Inc.,Technology,Software—Infrastructure
556,11544,WRB,BERKLEY W R CORP,Financial Services,Insurance—Property & Casualty
557,1035443,ARE,"ALEXANDRIA REAL ESTATE EQUITIES, INC.",Real Estate,REIT—Office
558,1096343,MKL,MARKEL GROUP INC.,Financial Services,Insurance—Property & Casualty
559,72741,ES,EVERSOURCE ENERGY,Utilities,Utilities—Regulated Electric
560,1446705,NTDTY,NTT Data Corp,Technology,Information Technology Services
561,922224,PPL,PPL Corp,Utilities,Utilities—Regulated Electric
562,106535,WY,WEYERHAEUSER CO,Real Estate,REIT—Specialty
563,100493,TSN,"TYSON FOODS, INC.",Consumer Defensive,Farm Products
564,48898,HUBB,HUBBELL INC,Industrials,Electrical Equipment & Parts
565,1443646,BAH,Booz Allen Hamilton Holding Corp,Industrials,Consulting Services
566,1783879,HOOD,"Robinhood Markets, Inc.",Financial Services,Capital Markets
567,858470,CTRA,Coterra Energy Inc.,Energy,Oil & Gas E&P
568,14693,BF-B,BROWN FORMAN CORP,Consumer Defensive,Beverages—Wineries & Distilleries
569,1400691,HDELY,HeidelbergCement AG,Basic Materials,Building Materials
570,1336920,LDOS,"Leidos Holdings, Inc.",Technology,Information Technology Services
571,790051,CSL,CARLISLE COMPANIES INC,Industrials,Building Products & Equipment
572,733099,RCI,ROGERS COMMUNICATIONS INC,Communication Services,Telecom Services
573,1022671,STLD,STEEL DYNAMICS INC,Basic Materials,Steel
574,1601712,SYF,Synchrony Financial,Financial Services,Credit Services
575,1776985,BNTX,BioNTech SE,Healthcare,Biotechnology
576,1764757,DIDIY,DiDi Global Inc.,Technology,Software—Application
577,1666175,FTS,Fortis Inc.,Utilities,Utilities—Regulated Electric
578,55067,K,KELLANOVA,Consumer Defensive,Packaged Foods
579,1069202,LII,LENNOX INTERNATIONAL INC,Industrials,Building Products & Equipment
580,1015922,CHKP,CHECK POINT SOFTWARE TECHNOLOGIES LTD,Technology,Software—Infrastructure
581,105016,WSO,WATSCO INC,Industrials,Industrial Distribution
582,1175454,CPAY,"CORPAY, INC.",Technology,Software—Infrastructure
583,1130310,CNP,CENTERPOINT ENERGY INC,Utilities,Utilities—Regulated Electric
584,1263043,SHG,SHINHAN FINANCIAL GROUP CO LTD,Financial Services,Banks—Regional
585,1001807,TLK,PERUSAHAAN PERSEROAN PERSERO PT TELEKOMUNIKASI INDONESIA TBK,Communication Services,Telecom Services
586,1642896,IOT,Samsara Inc.,Technology,Software—Infrastructure
587,1002910,AEE,AMEREN CORP,Utilities,Utilities—Regulated Electric
588,1126328,PFG,PRINCIPAL FINANCIAL GROUP INC,Financial Services,Asset Management
589,1403568,ULTA,"Ulta Beauty, Inc.",Consumer Cyclical,Specialty Retail
590,1809587,BEKE,KE Holdings Inc.,Real Estate,Real Estate Services
591,1521332,APTV,Aptiv PLC,Consumer Cyclical,Auto Parts
592,49196,HBAN,HUNTINGTON BANCSHARES INC /MD/,Financial Services,Banks—Regional
593,922621,ERIE,ERIE INDEMNITY CO,Financial Services,Insurance Brokers
594,63754,MKC,MCCORMICK & CO INC,Consumer Defensive,Packaged Foods
595,1446437,YAHOY,Yahoo! Japan Corp,Consumer Cyclical,Internet Retail
596,1378789,AER,AerCap Holdings N.V.,Industrials,Rental & Leasing Services
597,764478,BBY,BEST BUY CO INC,Consumer Cyclical,Specialty Retail
598,1097149,ALGN,ALIGN TECHNOLOGY INC,Healthcare,Medical Devices
599,20286,CINF,CINCINNATI FINANCIAL CORP,Financial Services,Insurance—Property & Casualty
600,1281761,RF,REGIONS FINANCIAL CORP,Financial Services,Banks—Regional
601,719955,WSM,WILLIAMS SONOMA INC,Consumer Cyclical,Specialty Retail
602,920522,ESS,"ESSEX PROPERTY TRUST, INC.",Real Estate,REIT—Residential
603,9389,BALL,BALL Corp,Consumer Cyclical,Packaging & Containers
604,1093028,EJPRY,EAST JAPAN RAILWAY CO /FI,Industrials,Railroads
605,40987,GPC,GENUINE PARTS CO,Consumer Cyclical,Auto Parts
606,1094285,TDY,TELEDYNE TECHNOLOGIES INC,Technology,Scientific & Technical Instruments
607,1441816,MDB,"MongoDB, Inc.",Technology,Software—Infrastructure
608,818686,TEVA,TEVA PHARMACEUTICAL INDUSTRIES LTD,Healthcare,Drug Manufacturers—Specialty & Generic
609,1262823,WLK,WESTLAKE CORP,Basic Materials,Specialty Chemicals
610,1889539,CRBG,"Corebridge Financial, Inc.",Financial Services,Asset Management
611,1243429,MT,ArcelorMittal,Basic Materials,Steel
612,1883685,DKNG,DraftKings Inc.,Consumer Cyclical,Gambling
613,1437107,WBD,"Warner Bros. Discovery, Inc.",Communication Services,Entertainment
614,29989,OMC,OMNICOM GROUP INC.,Communication Services,Advertising Agencies
615,1163653,NMR,NOMURA HOLDINGS INC,Financial Services,Capital Markets
616,910631,KOF,COCA COLA FEMSA SAB DE CV,Consumer Defensive,Beverages—Non-Alcoholic
617,1585521,ZM,"Zoom Video Communications, Inc.",Technology,Software—Application
618,1374310,CBOE,"Cboe Global Markets, Inc.",Financial Services,Financial Data & Stock Exchanges
619,811156,CMS,CMS ENERGY CORP,Utilities,Utilities—Regulated Electric
620,1014473,VRSN,VERISIGN INC/CA,Technology,Software—Infrastructure
621,859737,HOLX,HOLOGIC INC,Healthcare,Medical Instruments & Supplies
622,1069347,SGSOY,SGS SOCIETE GENERALE DE SURVEILLANCE HOLDING SA /FI,Industrials,Consulting Services
623,731802,ATO,ATMOS ENERGY CORP,Utilities,Utilities—Regulated Gas
624,8818,AVY,Avery Dennison Corp,Consumer Cyclical,Packaging & Containers
625,1811074,TPL,Texas Pacific Land Corp,Energy,Oil & Gas E&P
626,1190723,TS,TENARIS SA,Energy,Oil & Gas Equipment & Services
627,10456,BAX,BAXTER INTERNATIONAL INC,Healthcare,Medical Instruments & Supplies
628,73124,NTRS,NORTHERN TRUST CORP,Financial Services,Asset Management
629,105634,EME,"EMCOR Group, Inc.",Industrials,Engineering & Construction
630,52988,J,JACOBS SOLUTIONS INC.,Industrials,Engineering & Construction
631,4127,SWKS,"SKYWORKS SOLUTIONS, INC.",Technology,Semiconductors
632,1324424,EXPE,"Expedia Group, Inc.",Consumer Cyclical,Travel Services
633,711404,COO,"COOPER COMPANIES, INC.",Healthcare,Medical Instruments & Supplies
634,1179929,MOH,"MOLINA HEALTHCARE, INC.",Healthcare,Healthcare Plans
635,920148,LH,LABCORP HOLDINGS INC.,Healthcare,Diagnostics & Research
636,858446,IHG,INTERCONTINENTAL HOTELS GROUP PLC /NEW/,Consumer Cyclical,Lodging
637,940944,DRI,DARDEN RESTAURANTS INC,Consumer Cyclical,Restaurants
638,746515,EXPD,EXPEDITORS INTERNATIONAL OF WASHINGTON INC,Industrials,Integrated Freight & Logistics
639,1533232,BEP,Brookfield Renewable Partners L.P.,Utilities,Utilities—Renewable
640,1286681,DPZ,DOMINOS PIZZA INC,Consumer Cyclical,Restaurants
641,912595,MAA,MID AMERICA APARTMENT COMMUNITIES INC.,Real Estate,REIT—Residential
642,1110803,ILMN,"ILLUMINA, INC.",Healthcare,Diagnostics & Research
643,1000697,WAT,WATERS CORP /DE/,Healthcare,Diagnostics & Research
644,60086,L,LOEWS CORP,Financial Services,Insurance—Property & Casualty
645,1013871,NRG,"NRG ENERGY, INC.",Utilities,Utilities—Independent Power Producers
646,1677250,ZTO,ZTO Express (Cayman) Inc.,Industrials,Integrated Freight & Logistics
647,48465,HRL,HORMEL FOODS CORP /DE/,Consumer Defensive,Packaged Foods
648,759944,CFG,CITIZENS FINANCIAL GROUP INC/RI,Financial Services,Banks—Regional
649,92380,LUV,SOUTHWEST AIRLINES CO,Industrials,Airlines
650,1089063,DKS,"DICK'S SPORTING GOODS, INC.",Consumer Cyclical,Specialty Retail
651,1316835,BLDR,"Builders FirstSource, Inc.",Industrials,Building Products & Equipment
652,877212,ZBRA,ZEBRA TECHNOLOGIES CORP,Technology,Communication Equipment
653,21076,CLX,CLOROX CO /DE/,Consumer Defensive,Household & Personal Products
654,217346,TXT,TEXTRON INC,Industrials,Aerospace & Defense
655,1434265,GMAB,GENMAB A/S,Healthcare,Biotechnology
656,1095073,EG,"EVEREST GROUP, LTD.",Financial Services,Insurance—Reinsurance
657,1039610,EDPFY,EDP ENERGIAS DE PORTUGAL SA,Utilities,Utilities—Diversified
658,1439124,EBR,BRAZILIAN ELECTRIC POWER CO,Utilities,Utilities—Renewable
659,728535,JBHT,HUNT J B TRANSPORT SERVICES INC,Industrials,Integrated Freight & Logistics
660,33213,EQT,EQT Corp,Energy,Oil & Gas E&P
661,861884,RS,"RELIANCE, INC.",Basic Materials,Steel
662,75677,PKG,PACKAGING CORP OF AMERICA,Consumer Cyclical,Packaging & Containers
663,1564708,NWSA,NEWS CORP,Communication Services,Entertainment
664,1754301,FOXA,Fox Corp,Communication Services,Entertainment
665,1660134,OKTA,"Okta, Inc.",Technology,Software—Infrastructure
666,1996862,BG,Bunge Global SA,Consumer Defensive,Farm Products
667,1319161,WMG,Warner Music Group Corp.,Communication Services,Entertainment
668,1048477,BMRN,BIOMARIN PHARMACEUTICAL INC,Healthcare,Biotechnology
669,1013237,FDS,FACTSET RESEARCH SYSTEMS INC,Financial Services,Financial Data & Stock Exchanges
670,101778,MRO,MARATHON OIL CORP,Energy,Oil & Gas E&P
671,1874178,RIVN,"Rivian Automotive, Inc. / DE",Consumer Cyclical,Auto Manufacturers
672,1423902,WES,"Western Midstream Partners, LP",Energy,Oil & Gas Midstream
673,100517,UAL,"United Airlines Holdings, Inc.",Industrials,Airlines
674,1562401,AMH,American Homes 4 Rent,Real Estate,REIT—Residential
675,1651308,BGNE,"BeiGene, Ltd.",Healthcare,Biotechnology
676,1579298,BURL,"Burlington Stores, Inc.",Consumer Cyclical,Apparel Retail
677,74208,UDR,"UDR, Inc.",Real Estate,REIT—Residential
678,1022079,DGX,QUEST DIAGNOSTICS INC,Healthcare,Diagnostics & Research
679,912593,SUI,SUN COMMUNITIES INC,Real Estate,REIT—Residential
680,1001474,KKPNY,KONINKLIJKE KPN N V,Communication Services,Telecom Services
681,1802768,RPRX,Royalty Pharma plc,Healthcare,Biotechnology
682,930157,RTO,RENTOKIL INITIAL PLC /FI,Industrials,Specialty Business Services
683,1402436,SSNC,SS&C Technologies Holdings Inc,Technology,Software—Application
684,1468174,H,Hyatt Hotels Corp,Consumer Cyclical,Lodging
685,849399,GEN,Gen Digital Inc.,Technology,Software—Infrastructure
686,1745201,VIK,Viking Holdings Ltd,Consumer Cyclical,Travel Services
687,1056696,MANH,MANHATTAN ASSOCIATES INC,Technology,Software—Application
688,1937926,BAM,Brookfield Asset Management Ltd.,Financial Services,Asset Management
689,1880661,TPG,TPG Inc.,Financial Services,Asset Management
690,51434,IP,INTERNATIONAL PAPER CO /NEW/,Consumer Cyclical,Packaging & Containers
691,1849253,RYAN,"RYAN SPECIALTY HOLDINGS, INC.",Financial Services,Insurance—Specialty
692,1552033,TRU,TransUnion,Industrials,Consulting Services
693,1449566,WLMIY,Wilmar International Ltd,Consumer Defensive,Packaged Foods
694,832101,IEX,IDEX CORP /DE/,Industrials,Specialty Industrial Machinery
695,882602,OMVKY,OMV AKTIENGESELLSCHAFT /FI,Energy,Oil & Gas Integrated
696,1618732,NTNX,"Nutanix, Inc.",Technology,Software—Infrastructure
697,1780232,GFL,GFL Environmental Inc.,Industrials,Waste Management
698,62996,MAS,MASCO CORP /DE/,Industrials,Building Products & Equipment
699,1527166,CG,Carlyle Group Inc.,Financial Services,Asset Management
700,1032975,LOGI,LOGITECH INTERNATIONAL S.A.,Technology,Computer Hardware
701,1370946,OC,Owens Corning,Industrials,Building Products & Equipment
702,1690820,CVNA,CARVANA CO.,Consumer Cyclical,Auto & Truck Dealerships
703,1082554,UTHR,UNITED THERAPEUTICS Corp,Healthcare,Biotechnology
704,1031308,BSY,BENTLEY SYSTEMS INC,Technology,Software—Application
705,1306830,CE,Celanese Corp,Basic Materials,Chemicals
706,914475,NBIX,NEUROCRINE BIOSCIENCES INC,Healthcare,Drug Manufacturers—Specialty & Generic
707,1066119,VIV,TELEFONICA BRASIL S.A.,Communication Services,Telecom Services
708,1463101,ENPH,"Enphase Energy, Inc.",Technology,Solar
709,1046102,RBA,RB GLOBAL INC.,Industrials,Specialty Business Services
710,1722482,AVTR,"Avantor, Inc.",Basic Materials,Specialty Chemicals
711,1172724,GFI,GOLD FIELDS LTD,Basic Materials,Gold
712,1086222,AKAM,AKAMAI TECHNOLOGIES INC,Technology,Software—Infrastructure
713,873303,SRPT,"Sarepta Therapeutics, Inc.",Healthcare,Biotechnology
714,1855612,GRAB,Grab Holdings Ltd,Technology,Software—Application
715,1748790,AMCR,Amcor plc,Consumer Cyclical,Packaging & Containers
716,765880,DOC,"HEALTHPEAK PROPERTIES, INC.",Real Estate,REIT—Healthcare Facilities
717,1650164,TOST,"Toast, Inc.",Technology,Software—Infrastructure
718,789570,MGM,MGM Resorts International,Consumer Cyclical,Resorts & Casinos
719,23217,CAG,CONAGRA BRANDS INC.,Consumer Defensive,Packaged Foods
720,1145197,PODD,INSULET CORP,Healthcare,Medical Devices
721,1634997,AGR,"Avangrid, Inc.",Utilities,Utilities—Regulated Electric
722,898174,RGA,REINSURANCE GROUP OF AMERICA INC,Financial Services,Insurance—Reinsurance
723,864749,TRMB,TRIMBLE INC.,Technology,Scientific & Technical Instruments
724,1159152,JHX,James Hardie Industries plc,Basic Materials,Building Materials
725,16732,CPB,CAMPBELL SOUP CO,Consumer Defensive,Packaged Foods
726,91440,SNA,Snap-on Inc,Industrials,Tools & Accessories
727,91576,KEY,KEYCORP /NEW/,Financial Services,Banks—Regional
728,1604821,NTRA,"Natera, Inc.",Healthcare,Diagnostics & Research
729,1658566,PR,Permian Resources Corp,Energy,Oil & Gas E&P
730,110621,RPM,RPM INTERNATIONAL INC/DE/,Basic Materials,Specialty Chemicals
731,1690981,NNGRY,NN Group NV/ADR,Financial Services,Insurance—Diversified
732,898293,JBL,JABIL INC,Technology,Electronic Components
733,1001290,BAP,CREDICORP LTD,Financial Services,Banks—Regional
734,1333986,EQH,"Equitable Holdings, Inc.",Financial Services,Insurance—Diversified
735,1372920,EDU,New Oriental Education & Technology Group Inc.,Consumer Defensive,Education & Training Services
736,352541,LNT,ALLIANT ENERGY CORP,Utilities,Utilities—Regulated Electric
737,42888,GGG,GRACO INC,Industrials,Specialty Industrial Machinery
738,1331875,FNF,"Fidelity National Financial, Inc.",Financial Services,Insurance—Specialty
739,726958,CASY,CASEYS GENERAL STORES INC,Consumer Cyclical,Specialty Retail
740,908937,SIRI,SIRIUS XM HOLDINGS INC.,Communication Services,Entertainment
741,1135951,RDY,DR REDDYS LABORATORIES LTD,Healthcare,Drug Manufacturers—Specialty & Generic
742,1070423,PAA,PLAINS ALL AMERICAN PIPELINE LP,Energy,Oil & Gas Midstream
743,1111711,NI,NISOURCE INC.,Utilities,Utilities—Regulated Gas
744,1287750,ARCC,ARES CAPITAL CORP,Financial Services,Asset Management
745,879101,KIM,KIMCO REALTY CORP,Real Estate,REIT—Retail
746,1773383,DT,"Dynatrace, Inc.",Technology,Software—Application
747,1341766,CELH,"Celsius Holdings, Inc.",Consumer Defensive,Beverages—Non-Alcoholic
748,1406234,BIP,Brookfield Infrastructure Partners L.P.,Utilities,Utilities—Diversified
749,1792044,VTRS,Viatris Inc,Healthcare,Drug Manufacturers—Specialty & Generic
750,72331,NDSN,NORDSON CORP,Industrials,Specialty Industrial Machinery
751,1445475,BOUYY,Bouygues SA,Industrials,Engineering & Construction
752,909327,SUZ,Suzano S.A.,Basic Materials,Paper & Paper Products
753,31791,RVTY,"REVVITY, INC.",Healthcare,Diagnostics & Research
754,70318,THC,TENET HEALTHCARE CORP,Healthcare,Medical Care Facilities
755,1450123,JBSAY,JBS S.A.,Consumer Defensive,Packaged Foods
756,1324404,CF,"CF Industries Holdings, Inc.",Basic Materials,Agricultural Inputs
757,1289419,MORN,"Morningstar, Inc.",Financial Services,Financial Data & Stock Exchanges
758,1720635,NVT,nVent Electric plc,Industrials,Electrical Equipment & Parts
759,1668397,MEDP,"Medpace Holdings, Inc.",Healthcare,Diagnostics & Research
761,874761,AES,AES CORP,Utilities,Utilities—Diversified
762,1070750,HST,"HOST HOTELS & RESORTS, INC.",Real Estate,REIT—Hotel & Motel
763,40729,ALLY,Ally Financial Inc.,Financial Services,Credit Services
764,895417,ELS,EQUITY LIFESTYLE PROPERTIES INC,Real Estate,REIT—Residential
765,93556,SWK,"STANLEY BLACK & DECKER, INC.",Industrials,Tools & Accessories
766,1665918,USFD,US Foods Holding Corp.,Consumer Defensive,Food Distribution
767,1792580,OVV,Ovintiv Inc.,Energy,Oil & Gas E&P
768,77360,PNR,PENTAIR plc,Industrials,Specialty Industrial Machinery
769,21175,CNA,CNA FINANCIAL CORP,Financial Services,Insurance—Property & Casualty
770,1633931,BLD,TopBuild Corp,Industrials,Engineering & Construction
771,1294591,RKUNY,"Rakuten Group, Inc.",Consumer Cyclical,Internet Retail
772,1588823,TFII,TFI International Inc.,Industrials,Trucking
773,749098,MGA,MAGNA INTERNATIONAL INC,Consumer Cyclical,Auto Parts
774,1711269,EVRG,"Evergy, Inc.",Utilities,Utilities—Regulated Electric
775,1575965,GLPI,"Gaming & Leisure Properties, Inc.",Real Estate,REIT—Specialty
776,927066,DVA,DAVITA INC.,Healthcare,Medical Care Facilities
777,1090425,LAMR,LAMAR ADVERTISING CO/NEW,Real Estate,REIT—Specialty
778,352915,UHS,UNIVERSAL HEALTH SERVICES INC,Healthcare,Medical Care Facilities
779,1897982,AZPN,"Aspen Technology, Inc.",Technology,Software—Application
780,845982,SNN,SMITH & NEPHEW PLC,Healthcare,Medical Devices
781,1043604,JNPR,JUNIPER NETWORKS INC,Technology,Communication Equipment
782,1025378,WPC,W. P. Carey Inc.,Real Estate,REIT—Diversified
783,1567094,CNH,CNH Industrial N.V.,Industrials,Farm & Heavy Construction Machinery
784,822818,CLH,CLEAN HARBORS INC,Industrials,Waste Management
785,779152,JKHY,JACK HENRY & ASSOCIATES INC,Technology,Information Technology Services
786,879169,INCY,INCYTE CORP,Healthcare,Biotechnology
787,1973832,AU,AngloGold Ashanti PLC,Basic Materials,Gold
788,1858985,ONON,On Holding AG,Consumer Cyclical,Footwear & Accessories
789,1845338,MNDY,monday.com Ltd.,Technology,Software—Application
790,91142,AOS,SMITH A O CORP,Industrials,Specialty Industrial Machinery
791,1166003,XPO,"XPO, Inc.",Industrials,Trucking
792,1161125,BCH,BANK OF CHILE,Financial Services,Banks—Regional
793,1604028,WMS,"ADVANCED DRAINAGE SYSTEMS, INC.",Industrials,Building Products & Equipment
794,1177702,SAIA,SAIA INC,Industrials,Trucking
795,1673358,YUMC,"Yum China Holdings, Inc.",Consumer Cyclical,Restaurants
796,866374,FLEX,FLEX LTD.,Technology,Electronic Components
797,1531152,BJ,"BJ's Wholesale Club Holdings, Inc.",Consumer Defensive,Discount Stores
798,1475011,JBAXY,Julius Baer Group Ltd.,Financial Services,Asset Management
799,909037,SQM,CHEMICAL & MINING CO OF CHILE INC,Basic Materials,Specialty Chemicals
800,91419,SJM,J M SMUCKER Co,Consumer Defensive,Packaged Foods
801,1794515,ZI,ZoomInfo Technologies Inc.,Technology,Software—Application
802,1636222,WING,Wingstop Inc.,Consumer Cyclical,Restaurants
803,38777,BEN,FRANKLIN RESOURCES INC,Financial Services,Asset Management
804,1598110,CYBR,CyberArk Software Ltd.,Technology,Software—Infrastructure
805,913144,RNR,RENAISSANCERE HOLDINGS LTD,Financial Services,Insurance—Reinsurance
806,910606,REG,REGENCY CENTERS CORP,Real Estate,REIT—Retail
807,1600033,ELF,"e.l.f. Beauty, Inc.",Consumer Defensive,Household & Personal Products
808,1713445,RDDT,"Reddit, Inc.",Communication Services,Internet Content & Information
809,1104506,INSM,INSMED Inc,Healthcare,Biotechnology
810,906345,CPT,CAMDEN PROPERTY TRUST,Real Estate,REIT—Residential
811,820318,COHR,COHERENT CORP.,Technology,Scientific & Technical Instruments
812,704532,ONTO,ONTO INNOVATION INC.,Technology,Semiconductor Equipment & Materials
813,794170,TOL,"Toll Brothers, Inc.",Consumer Cyclical,Residential Construction
814,1707753,ESTC,Elastic N.V.,Technology,Software—Application
815,4457,UHAL,U-Haul Holding Co /NV/,Industrials,Rental & Leasing Services
816,1528396,GWRE,"Guidewire Software, Inc.",Technology,Software—Application
817,1333141,FMS,Fresenius Medical Care AG,Healthcare,Medical Care Facilities
818,904851,YPF,YPF SOCIEDAD ANONIMA,Energy,Oil & Gas Integrated
819,1604778,QRVO,"Qorvo, Inc.",Technology,Semiconductors
820,1170010,KMX,CARMAX INC,Consumer Cyclical,Auto & Truck Dealerships
821,945841,POOL,POOL CORP,Industrials,Industrial Distribution
822,1447126,KAIKY,Kawasaki Kisen Kaisha Ltd,Industrials,Marine Shipping
823,1646972,ACI,"Albertsons Companies, Inc.",Consumer Defensive,Grocery Stores
824,868857,ACM,AECOM,Industrials,Engineering & Construction
825,1037038,RL,RALPH LAUREN CORP,Consumer Cyclical,Apparel Manufacturing
826,1679273,LW,"Lamb Weston Holdings, Inc.",Consumer Defensive,Packaged Foods
828,1281721,SGIOY,SHIONOGI & CO LTD,Healthcare,Drug Manufacturers—Specialty & Generic
829,1681459,FTI,TechnipFMC plc,Energy,Oil & Gas Equipment & Services
830,842023,TECH,BIO-TECHNE Corp,Healthcare,Biotechnology
831,1617640,ZG,"ZILLOW GROUP, INC.",Communication Services,Internet Content & Information
832,915389,EMN,EASTMAN CHEMICAL CO,Basic Materials,Specialty Chemicals
833,769218,AEG,AEGON LTD.,Financial Services,Insurance—Diversified
834,1446656,KIKOY,Kikkoman Corp,Consumer Defensive,Packaged Foods
835,1289460,TXRH,"Texas Roadhouse, Inc.",Consumer Cyclical,Restaurants
836,1065696,LKQ,LKQ CORP,Consumer Cyclical,Auto Parts
837,1003935,NICE,NICE Ltd.,Technology,Software—Application
838,1127055,VIVHY,VIVENDI,Communication Services,Entertainment
839,1504122,PTBRY,PT Bank Negara Indonesia (Persero) Tbk/ADR,Financial Services,Banks—Regional
840,1481045,DSEEY,Daiwa Securities Group Inc.,Financial Services,Capital Markets
841,1783398,UWMC,UWM Holdings Corp,Financial Services,Mortgage Finance
842,96223,JEF,Jefferies Financial Group Inc.,Financial Services,Capital Markets
843,51644,IPG,"INTERPUBLIC GROUP OF COMPANIES, INC.",Communication Services,Advertising Agencies
844,895126,CHK,CHESAPEAKE ENERGY CORP,Energy,Oil & Gas E&P
845,1841666,APA,APA Corp,Energy,Oil & Gas E&P
846,1037540,BXP,"BXP, Inc.",Real Estate,REIT—Office
847,915913,ALB,ALBEMARLE CORP,Basic Materials,Specialty Chemicals
848,1035983,FIX,COMFORT SYSTEMS USA INC,Industrials,Engineering & Construction
849,1261333,DOCU,"DOCUSIGN, INC.",Technology,Software—Application
850,831641,TTEK,TETRA TECH INC,Industrials,Engineering & Construction
851,1590364,FTAI,FTAI Aviation Ltd.,Industrials,Rental & Leasing Services
852,1352010,EPAM,"EPAM Systems, Inc.",Technology,Information Technology Services
853,24545,TAP,MOLSON COORS BEVERAGE CO,Consumer Defensive,Beverages—Brewers
854,1766502,CHWY,"Chewy, Inc.",Consumer Cyclical,Internet Retail
855,1977102,BIRK,Birkenstock Holding plc,Consumer Cyclical,Footwear & Accessories
856,59527,LECO,LINCOLN ELECTRIC HOLDINGS INC,Industrials,Tools & Accessories
857,1170858,SBS,COMPANHIA DE SANEAMENTO BASICO DO ESTADO DE SAO PAULO-SABESP,Utilities,Utilities—Regulated Water
858,108312,WWD,"Woodward, Inc.",Industrials,Aerospace & Defense
859,701818,KGC,KINROSS GOLD CORP,Basic Materials,Gold
860,1486159,CHRD,Chord Energy Corp,Energy,Oil & Gas E&P
861,26324,CW,CURTISS WRIGHT CORP,Industrials,Aerospace & Defense
862,1005284,OLED,UNIVERSAL DISPLAY CORP \PA\,Technology,Electronic Components
863,1326380,GME,GameStop Corp.,Consumer Cyclical,Specialty Retail
864,216228,ITT,ITT INC.,Industrials,Specialty Industrial Machinery
865,1468608,VDMCY,Vodacom Group Ltd / ADR,Communication Services,Telecom Services
866,1100682,CRL,"CHARLES RIVER LABORATORIES INTERNATIONAL, INC.",Healthcare,Diagnostics & Research
867,1596783,CTLT,"Catalent, Inc.",Healthcare,Drug Manufacturers—Specialty & Generic
868,1065837,SKX,SKECHERS USA INC,Consumer Cyclical,Footwear & Accessories
869,1639438,CAVA,"CAVA GROUP, INC.",Consumer Cyclical,Restaurants
870,1047127,AMKR,"AMKOR TECHNOLOGY, INC.",Technology,Semiconductor Equipment & Materials
871,806968,WPP,WPP plc,Communication Services,Advertising Agencies
872,1043277,CHRW,"C. H. ROBINSON WORLDWIDE, INC.",Industrials,Integrated Freight & Logistics
873,1042046,AFG,AMERICAN FINANCIAL GROUP INC,Financial Services,Insurance—Property & Casualty
874,20212,CHDN,Churchill Downs Inc,Consumer Cyclical,Gambling
875,1078642,CRRFY,CARREFOUR SA,Consumer Defensive,Grocery Stores
876,78128,WTRG,"Essential Utilities, Inc.",Utilities,Utilities—Regulated Water
877,96943,TFX,TELEFLEX INC,Healthcare,Medical Instruments & Supplies
878,89089,SCI,SERVICE CORP INTERNATIONAL,Consumer Cyclical,Personal Services
879,1571283,REXR,"Rexford Industrial Realty, Inc.",Real Estate,REIT—Industrial
880,1433270,AR,ANTERO RESOURCES Corp,Energy,Oil & Gas E&P
881,1579241,ALLE,Allegion plc,Industrials,Security & Protection Services
882,1048695,FFIV,"F5, INC.",Technology,Software—Infrastructure
883,1298675,CUBE,CubeSmart,Real Estate,REIT—Industrial
884,1957132,SN,"SharkNinja, Inc.",Consumer Cyclical,"Furnishings, Fixtures & Appliances"
885,1495153,MMYT,MakeMyTrip Ltd,Consumer Cyclical,Travel Services
886,1796209,APG,APi Group Corp,Industrials,Engineering & Construction
887,1069157,EWBC,EAST WEST BANCORP INC,Financial Services,Banks—Regional
888,1483994,HTHT,H World Group Ltd,Consumer Cyclical,Lodging
889,1037976,JLL,JONES LANG LASALLE INC,Real Estate,Real Estate Services
890,1856525,CNM,"Core & Main, Inc.",Industrials,Industrial Distribution
891,1517231,SSMXY,Sysmex Corporation/ADR,Healthcare,Medical Instruments & Supplies
892,1019849,PAG,"PENSKE AUTOMOTIVE GROUP, INC.",Consumer Cyclical,Auto & Truck Dealerships
893,1507079,FND,"Floor & Decor Holdings, Inc.",Consumer Cyclical,Home Improvement Retail
894,1545772,BPYPP,Brookfield Property Partners L.P.,Real Estate,Real Estate Services
895,1618673,PFGC,Performance Food Group Co,Consumer Defensive,Food Distribution
896,1736541,NIO,NIO Inc.,Consumer Cyclical,Auto Manufacturers
897,1913510,VFS,VinFast Auto Ltd.,Consumer Cyclical,Auto Manufacturers
898,1447669,TWLO,TWILIO INC,Communication Services,Internet Content & Information
899,1116132,TPR,"TAPESTRY, INC.",Consumer Cyclical,Luxury Goods
900,5513,UNM,Unum Group,Financial Services,Insurance—Life
902,1131383,STN,STANTEC INC,Industrials,Engineering & Construction
903,1177394,SNX,TD SYNNEX CORP,Technology,Electronics & Computer Distribution
904,1501585,HII,"HUNTINGTON INGALLS INDUSTRIES, INC.",Industrials,Aerospace & Defense
905,1438654,RDEIY,Red Electrica Corporacion SA/ADR,Utilities,Utilities—Regulated Electric
906,1787425,XP,XP Inc.,Financial Services,Capital Markets
907,1127248,EMRAF,EMERA INC,Utilities,Utilities—Regulated Electric
908,1174922,WYNN,WYNN RESORTS LTD,Consumer Cyclical,Resorts & Casinos
909,1915657,DINO,HF Sinclair Corp,Energy,Oil & Gas Refining & Marketing
910,16058,CACI,CACI INTERNATIONAL INC /DE/,Technology,Information Technology Services
911,1043219,NLY,ANNALY CAPITAL MANAGEMENT INC,Real Estate,REIT—Mortgage
913,317540,COKE,"Coca-Cola Consolidated, Inc.",Consumer Defensive,Beverages—Non-Alcoholic
914,1573516,MUSA,Murphy USA Inc.,Consumer Cyclical,Specialty Retail
915,750004,LNW,"Light & Wonder, Inc.",Consumer Cyclical,Gambling
916,1611052,PCOR,"PROCORE TECHNOLOGIES, INC.",Technology,Software—Application
917,1302215,HLI,"HOULIHAN LOKEY, INC.",Financial Services,Capital Markets
918,887225,KEP,KOREA ELECTRIC POWER CORP,Utilities,Utilities—Regulated Electric
919,1754581,FUTU,Futu Holdings Ltd,Financial Services,Capital Markets
920,1618921,WBA,"Walgreens Boots Alliance, Inc.",Healthcare,Pharmaceutical Retailers
921,896622,ATR,"APTARGROUP, INC.",Healthcare,Medical Instruments & Supplies
922,1237831,GMED,GLOBUS MEDICAL INC,Healthcare,Medical Devices
923,1018840,ANF,ABERCROMBIE & FITCH CO /DE/,Consumer Cyclical,Apparel Retail
924,1027552,BSAC,BANCO SANTANDER CHILE,Financial Services,Banks—Regional
925,1109354,BRKR,BRUKER CORP,Healthcare,Medical Devices
926,737758,TTC,TORO CO,Industrials,Tools & Accessories
927,1511737,UI,Ubiquiti Inc.,Technology,Communication Equipment
928,1440130,UUGRY,United Utilities Group plc,Utilities,Utilities—Regulated Water
929,1123452,ASR,SOUTHEAST AIRPORT GROUP,Industrials,Airports & Air Services
930,1446457,BDNNY,Boliden AB,Basic Materials,Other Industrial Metals & Mining
931,1062579,DOX,AMDOCS LTD,Technology,Software—Infrastructure
932,1076378,CX,CEMEX SAB DE CV,Basic Materials,Building Materials
933,1049502,MKSI,MKS INSTRUMENTS INC,Technology,Scientific & Technical Instruments
934,802481,PPC,PILGRIMS PRIDE CORP,Consumer Defensive,Packaged Foods
935,1973266,TKO,"TKO Group Holdings, Inc.",Communication Services,Entertainment
936,1433195,APPF,APPFOLIO INC,Technology,Software—Application
937,1380365,IDKOY,"IDEMITSU KOSAN CO., LTD",Energy,Oil & Gas Refining & Marketing
938,1428439,ROKU,"ROKU, INC",Communication Services,Entertainment
939,82811,RRX,REGAL REXNORD CORP,Industrials,Specialty Industrial Machinery
940,1699838,CFLT,"Confluent, Inc.",Technology,Software—Infrastructure
941,1015820,QGEN,QIAGEN N.V.,Healthcare,Diagnostics & Research
942,1603923,WFRD,Weatherford International plc,Energy,Oil & Gas Equipment & Services
943,39911,GPS,GAP INC,Consumer Cyclical,Apparel Retail
944,1579091,CART,Maplebear Inc.,Consumer Cyclical,Internet Retail
945,1669162,KNSL,"Kinsale Capital Group, Inc.",Financial Services,Insurance—Property & Casualty
947,1436786,OUKPY,Outotec OYJ,Industrials,Farm & Heavy Construction Machinery
948,1649094,PCVX,"Vaxcyte, Inc.",Healthcare,Biotechnology
949,1334036,CROX,"Crocs, Inc.",Consumer Cyclical,Footwear & Accessories
950,1789832,HESM,Hess Midstream LP,Energy,Oil & Gas Midstream
951,1820953,AFRM,"Affirm Holdings, Inc.",Technology,Software—Infrastructure
952,764622,PNW,PINNACLE WEST CAPITAL CORP,Utilities,Utilities—Regulated Electric
953,1163302,X,UNITED STATES STEEL CORP,Basic Materials,Steel
954,1285785,MOS,MOSAIC CO,Basic Materials,Agricultural Inputs
955,1219601,CCK,"CROWN HOLDINGS, INC.",Consumer Cyclical,Packaging & Containers
956,1868778,INFA,Informatica Inc.,Technology,Software—Infrastructure
957,1408710,FN,Fabrinet,Technology,Electronic Components
958,1901440,ULS,UL Solutions Inc.,Industrials,Specialty Business Services
959,1736297,ALAB,"Astera Labs, Inc.",Technology,Semiconductors
960,1486957,BWXT,"BWX Technologies, Inc.",Industrials,Aerospace & Defense
961,1474735,GNRC,GENERAC HOLDINGS INC.,Industrials,Specialty Industrial Machinery
962,1576789,WIX,Wix.com Ltd.,Technology,Software—Infrastructure
963,938323,PSO,PEARSON PLC,Communication Services,Publishing
964,1838413,YMM,Full Truck Alliance Co. Ltd.,Technology,Software—Application
965,1584509,ARMK,Aramark,Industrials,Specialty Business Services
966,85535,RGLD,ROYAL GOLD INC,Basic Materials,Gold
967,1024305,COTY,COTY INC.,Consumer Defensive,Household & Personal Products
968,888491,OHI,OMEGA HEALTHCARE INVESTORS INC,Real Estate,REIT—Healthcare Facilities
969,1050140,DSGX,DESCARTES SYSTEMS GROUP INC,Technology,Software—Application
970,71691,NYT,NEW YORK TIMES CO,Communication Services,Publishing
971,350894,SEIC,SEI INVESTMENTS CO,Financial Services,Asset Management
972,1034670,ALV,AUTOLIV INC,Consumer Cyclical,Auto Parts
973,785161,EHC,Encompass Health Corp,Healthcare,Medical Care Facilities
974,36966,FHN,FIRST HORIZON CORP,Financial Services,Banks—Regional
975,1267238,AIZ,"ASSURANT, INC.",Financial Services,Insurance—Specialty
976,1801198,LEGN,Legend Biotech Corp,Healthcare,Biotechnology
977,1437178,EGFEY,EFG Eurobank Ergasias S.A./ADR,Financial Services,Banks—Regional
978,720672,SF,STIFEL FINANCIAL CORP,Financial Services,Capital Markets
979,34903,FRT,FEDERAL REALTY INVESTMENT TRUST,Real Estate,REIT—Retail
980,1357615,KBR,"KBR, INC.",Industrials,Engineering & Construction
981,29644,DCI,DONALDSON Co INC,Industrials,Specialty Industrial Machinery
982,1964738,SOLV,Solventum Corp,Healthcare,Health Information Services
983,1493594,MTSI,"MACOM Technology Solutions Holdings, Inc.",Technology,Semiconductors
984,49600,EGP,EASTGROUP PROPERTIES INC,Real Estate,REIT—Industrial
985,1027664,ESLT,ELBIT SYSTEMS LTD,Industrials,Aerospace & Defense
986,701985,BBWI,"Bath & Body Works, Inc.",Consumer Cyclical,Specialty Retail
987,1766363,EDR,"Endeavor Group Holdings, Inc.",Communication Services,Entertainment
988,851205,CGNX,COGNEX CORP,Technology,Scientific & Technical Instruments
989,275880,PSN,PARSONS CORP,Technology,Information Technology Services
990,1002638,OTEX,OPEN TEXT CORP,Technology,Software—Application
991,1360901,EVR,Evercore Inc.,Financial Services,Capital Markets
992,1842827,BZ,Kanzhun Ltd,Communication Services,Internet Content & Information
993,1518542,SPXSY,Spirax-Sarco Engineering PLC/ADR,Industrials,Specialty Industrial Machinery
994,1000228,HSIC,HENRY SCHEIN INC,Healthcare,Medical Distribution
995,74260,ORI,OLD REPUBLIC INTERNATIONAL CORP,Financial Services,Insurance—Diversified
996,1575515,SFM,"Sprouts Farmers Market, Inc.",Consumer Defensive,Grocery Stores
997,891103,MTCH,"Match Group, Inc.",Communication Services,Internet Content & Information
998,855658,LSCC,LATTICE SEMICONDUCTOR CORP,Technology,Semiconductors
999,315852,RRC,RANGE RESOURCES CORP,Energy,Oil & Gas E&P
1000,1590955,PAYC,"Paycom Software, Inc.",Technology,Software—Application
1001,1347557,PAC,Pacific Airport Group,Industrials,Airports & Air Services
1002,1324948,RBC,RBC Bearings INC,Industrials,Tools & Accessories
1003,1124140,EXAS,EXACT SCIENCES CORP,Healthcare,Diagnostics & Research
1004,1944013,CR,Crane Co,Industrials,Specialty Industrial Machinery
1005,1071371,CIB,BANCOLOMBIA SA,Financial Services,Banks—Regional
1006,1206264,TPX,"TEMPUR SEALY INTERNATIONAL, INC.",Consumer Cyclical,"Furnishings, Fixtures & Appliances"
1007,15615,MTZ,MASTEC INC,Industrials,Engineering & Construction
1008,813828,PARA,Paramount Global,Communication Services,Entertainment
1009,1519751,FBIN,"Fortune Brands Innovations, Inc.",Industrials,Building Products & Equipment
1010,1475922,PRI,"Primerica, Inc.",Financial Services,Insurance—Life
1011,1701732,ALTR,Altair Engineering Inc.,Technology,Software—Infrastructure
1012,1264136,WF,WOORI FINANCIAL GROUP INC.,Financial Services,Banks—Regional
1013,1653482,GTLB,Gitlab Inc.,Technology,Software—Infrastructure
1014,19584,CHE,CHEMED CORP,Healthcare,Medical Care Facilities
1015,813762,IEP,ICAHN ENTERPRISES L.P.,Energy,Oil & Gas Refining & Marketing
1016,1635088,ROIV,Roivant Sciences Ltd.,Healthcare,Biotechnology
1017,1513761,NCLH,Norwegian Cruise Line Holdings Ltd.,Consumer Cyclical,Travel Services
1018,1069878,TREX,TREX CO INC,Industrials,Building Products & Equipment
1019,1562088,DUOL,"Duolingo, Inc.",Technology,Software—Application
1020,1062066,ALSMY,ALSTOM,Industrials,Railroads
1021,1015650,SKM,SK TELECOM CO LTD,Communication Services,Telecom Services
1022,1449003,ASXFY,ASX Ltd.,Financial Services,Financial Data & Stock Exchanges
1023,1289688,JCYGY,Jardine Cycle & Carriage Ltd.,Industrials,Conglomerates
1024,1590895,CZR,"Caesars Entertainment, Inc.",Consumer Cyclical,Resorts & Casinos
1025,929008,WCC,WESCO INTERNATIONAL INC,Industrials,Industrial Distribution
1026,46080,HAS,"HASBRO, INC.",Consumer Cyclical,Leisure
1027,12208,BIO,"BIO-RAD LABORATORIES, INC.",Healthcare,Medical Devices
1028,1408075,GPK,GRAPHIC PACKAGING HOLDING CO,Consumer Cyclical,Packaging & Containers
1029,1612042,ASND,Ascendis Pharma A/S,Healthcare,Biotechnology
1030,771992,PAAS,PAN AMERICAN SILVER CORP,Basic Materials,Gold
1031,1492691,KNX,Knight-Swift Transportation Holdings Inc.,Industrials,Trucking
1032,1567514,ITCI,"Intra-Cellular Therapies, Inc.",Healthcare,Drug Manufacturers—Specialty & Generic
1033,751364,NNN,"NNN REIT, INC.",Real Estate,REIT—Retail
1034,1278021,MKTX,MARKETAXESS HOLDINGS INC,Financial Services,Capital Markets
1035,355811,GNTX,GENTEX CORP,Consumer Cyclical,Auto Parts
1036,887936,FCN,"FTI CONSULTING, INC",Industrials,Consulting Services
1037,1552275,SUN,Sunoco LP,Energy,Oil & Gas Refining & Marketing
1038,1557860,GLOB,Globant S.A.,Technology,Information Technology Services
1039,1308547,DLB,"Dolby Laboratories, Inc.",Industrials,Specialty Business Services
1040,320335,GL,GLOBE LIFE INC.,Financial Services,Insurance—Life
1041,1124198,FLR,FLUOR CORP,Industrials,Engineering & Construction
1042,1611983,LBRDA,Liberty Broadband Corp,Communication Services,Telecom Services
1043,1591698,PCTY,Paylocity Holding Corp,Technology,Software—Application
1044,1616862,AXTA,Axalta Coating Systems Ltd.,Basic Materials,Specialty Chemicals
1045,1309108,WEX,WEX Inc.,Technology,Software—Infrastructure
1046,7332,SWN,SOUTHWESTERN ENERGY CO,Energy,Oil & Gas E&P
1047,1725057,DAY,"Dayforce, Inc.",Technology,Software—Application
1048,1560385,LSXMA,Liberty Media Corp,Communication Services,Broadcasting
1049,801337,WBS,WEBSTER FINANCIAL CORP,Financial Services,Banks—Regional
1050,1455863,COLD,AMERICOLD REALTY TRUST,Real Estate,REIT—Industrial
1051,12659,HRB,H&R BLOCK INC,Consumer Cyclical,Personal Services
1052,1520006,MTDR,Matador Resources Co,Energy,Oil & Gas E&P
1053,1046257,INGR,Ingredion Inc,Consumer Defensive,Packaged Foods
1054,1437774,BZZUY,BUZZI UNICEM S.p.A.,Basic Materials,Building Materials
1055,1805387,CERE,"Cerevel Therapeutics Holdings, Inc.",Healthcare,Biotechnology
1056,1866581,BROS,Dutch Bros Inc.,Consumer Cyclical,Restaurants
1057,1144215,AYI,ACUITY BRANDS INC,Industrials,Electrical Equipment & Parts
1058,94845,LEVI,LEVI STRAUSS & CO,Consumer Cyclical,Apparel Manufacturing
1059,1675149,AA,Alcoa Corp,Basic Materials,Aluminum
1060,1772016,BRBR,"BELLRING BRANDS, INC.",Consumer Defensive,Packaged Foods
1061,66570,MSA,MSA Safety Inc,Industrials,Security & Protection Services
1062,1529192,VIPS,Vipshop Holdings Ltd,Consumer Cyclical,Internet Retail
1063,1597264,BPMC,Blueprint Medicines Corp,Healthcare,Biotechnology
1064,1628171,RVMD,"Revolution Medicines, Inc.",Healthcare,Biotechnology
1065,22356,CBSH,COMMERCE BANCSHARES INC /MO/,Financial Services,Banks—Regional
1066,1071321,TKC,TURKCELL ILETISIM HIZMETLERI A S,Communication Services,Telecom Services
1067,918646,EXP,EAGLE MATERIALS INC,Basic Materials,Building Materials
1068,772406,CRUS,"CIRRUS LOGIC, INC.",Technology,Semiconductors
1069,6201,AAL,American Airlines Group Inc.,Industrials,Airlines
1070,764065,CLF,CLEVELAND-CLIFFS INC.,Basic Materials,Steel
1071,1852131,NXT,Nextracker Inc.,Technology,Solar
1072,1811210,LCID,"Lucid Group, Inc.",Consumer Cyclical,Auto Manufacturers
1073,1810997,XPEV,XPENG INC.,Consumer Cyclical,Auto Manufacturers
1075,1018963,ATI,ATI INC,Industrials,Metal Fabrication
1076,1342874,TX,Ternium S.A.,Basic Materials,Steel
1077,908255,BWA,BORGWARNER INC,Consumer Cyclical,Auto Parts
1078,109563,AIT,APPLIED INDUSTRIAL TECHNOLOGIES INC,Industrials,Industrial Distribution
1079,1428336,HQY,"HEALTHEQUITY, INC.",Healthcare,Health Information Services
1080,1109345,NVMI,NOVA LTD.,Technology,Semiconductor Equipment & Materials
1081,1125376,ENSG,"ENSIGN GROUP, INC",Healthcare,Medical Care Facilities
1082,1623925,AM,Antero Midstream Corp,Energy,Oil & Gas Midstream
1083,1826168,TIMB,TIM S.A.,Communication Services,Telecom Services
1084,1467623,DBX,"DROPBOX, INC.",Technology,Software—Infrastructure
1085,1535929,VOYA,"Voya Financial, Inc.",Financial Services,Financial Conglomerates
1086,1423689,AGNC,AGNC Investment Corp.,Real Estate,REIT—Mortgage
1087,851968,MHK,MOHAWK INDUSTRIES INC,Consumer Cyclical,"Furnishings, Fixtures & Appliances"
1088,1030894,CLS,CELESTICA INC,Technology,Electronic Components
1089,1021635,OGE,OGE ENERGY CORP.,Utilities,Utilities—Regulated Electric
1090,28917,DDS,"DILLARD'S, INC.",Consumer Cyclical,Department Stores
1091,920371,SSD,"Simpson Manufacturing Co., Inc.",Basic Materials,Lumber & Wood Production
1092,871464,HNGKY,HONGKONG LAND HOLDINGS LTD /FI,Real Estate,Real Estate—Development
1093,1021860,NOV,NOV Inc.,Energy,Oil & Gas Equipment & Services
1094,1433642,HLNE,Hamilton Lane INC,Financial Services,Asset Management
1095,1723690,BILI,Bilibili Inc.,Communication Services,Electronic Gaming & Multimedia
1096,800954,OMRNY,OMRON CORP /FI,Technology,Electronic Components
1097,880266,AGCO,AGCO CORP /DE,Industrials,Farm & Heavy Construction Machinery
1098,56047,KEX,KIRBY CORP,Industrials,Marine Shipping
1099,1073404,GGB,GERDAU S.A.,Basic Materials,Steel
1100,824142,AAON,"AAON, INC.",Industrials,Building Products & Equipment
1101,1734722,PATH,"UiPath, Inc.",Technology,Software—Infrastructure
1102,1602065,VNOM,"Viper Energy, Inc.",Energy,Oil & Gas Midstream
1103,1637810,FSV,FirstService Corp,Real Estate,Real Estate Services
1104,1122491,BRFS,BRF S.A.,Consumer Defensive,Packaged Foods
1105,1092699,SPSC,SPS COMMERCE INC,Technology,Software—Infrastructure
1106,917273,RMBS,RAMBUS INC,Technology,Semiconductors
1107,1818201,CCCS,CCC Intelligent Solutions Holdings Inc.,Technology,Software—Infrastructure
1108,37785,FMC,FMC CORP,Basic Materials,Agricultural Inputs
1109,1833756,DRS,"Leonardo DRS, Inc.",Industrials,Aerospace & Defense
1110,1647088,WSC,WillScot Mobile Mini Holdings Corp.,Industrials,Rental & Leasing Services
1111,1321732,PEN,Penumbra Inc,Healthcare,Medical Devices
1112,874015,IONS,IONIS PHARMACEUTICALS INC,Healthcare,Biotechnology
1113,1159036,HALO,"HALOZYME THERAPEUTICS, INC.",Healthcare,Biotechnology
1114,914208,IVZ,Invesco Ltd.,Financial Services,Asset Management
1115,1570585,LBTYA,Liberty Global Ltd.,Communication Services,Telecom Services
1116,1212545,WAL,WESTERN ALLIANCE BANCORPORATION,Financial Services,Banks—Regional
1118,1581068,BRX,Brixmor Property Group Inc.,Real Estate,REIT—Retail
1119,1581285,BCUCY,Brunello Cucinelli S.p.A./ADR,Consumer Cyclical,Luxury Goods
1120,936395,CIEN,CIENA CORP,Technology,Communication Equipment
1121,1842022,DTM,"DT Midstream, Inc.",Energy,Oil & Gas Midstream
1122,1509589,CIVI,"CIVITAS RESOURCES, INC.",Energy,Oil & Gas E&P
1123,1023128,LAD,LITHIA MOTORS INC,Consumer Cyclical,Auto & Truck Dealerships
1124,28412,CMA,COMERICA INC /NEW/,Financial Services,Banks—Regional
1125,1438569,GRFS,Grifols SA,Healthcare,Drug Manufacturers—General
1126,912767,UFPI,UFP INDUSTRIES INC,Basic Materials,Lumber & Wood Production
1127,1378992,BERY,"BERRY GLOBAL GROUP, INC.",Consumer Cyclical,Packaging & Containers
1128,1720671,HCP,"HashiCorp, Inc.",Technology,Software—Infrastructure
1129,775158,OSK,OSHKOSH CORP,Industrials,Farm & Heavy Construction Machinery
1130,1739104,ELAN,Elanco Animal Health Inc,Healthcare,Drug Manufacturers—Specialty & Generic
1131,730272,RGEN,REPLIGEN CORP,Healthcare,Medical Instruments & Supplies
1132,1818874,SOFI,"SoFi Technologies, Inc.",Financial Services,Credit Services
1133,201533,CMS-PB,CONSUMERS ENERGY CO,Utilities,Utilities—Regulated Electric
1134,1178819,AGI,ALAMOS GOLD INC,Basic Materials,Gold
1135,1192448,GKOS,GLAUKOS Corp,Healthcare,Medical Devices
1137,1370637,ETSY,ETSY INC,Consumer Cyclical,Internet Retail
1138,1114700,GGAL,GRUPO FINANCIERO GALICIA SA,Financial Services,Banks—Regional
1139,1479094,STAG,"STAG Industrial, Inc.",Real Estate,REIT—Industrial
1140,88205,SPXC,"SPX Technologies, Inc.",Industrials,Building Products & Equipment
1141,1590714,ESI,Element Solutions Inc,Basic Materials,Specialty Chemicals
1142,812011,MTN,VAIL RESORTS INC,Consumer Cyclical,Resorts & Casinos
1143,1703056,ADT,ADT Inc.,Industrials,Security & Protection Services
1144,1411207,ALSN,Allison Transmission Holdings Inc,Consumer Cyclical,Auto Parts
1145,1061894,GIL,Gildan Activewear Inc.,Consumer Cyclical,Apparel Manufacturing
1146,1447137,BKGFY,Berkeley Group Holdings plc,Consumer Cyclical,Residential Construction
1147,1360604,HR,Healthcare Realty Trust Inc,Real Estate,REIT—Healthcare Facilities
1148,842162,LEA,LEAR CORP,Consumer Cyclical,Auto Parts
1149,921825,FR,FIRST INDUSTRIAL REALTY TRUST INC,Real Estate,REIT—Industrial
1150,892450,KT,KT CORP,Communication Services,Telecom Services
1151,1499620,TAL,TAL Education Group,Consumer Defensive,Education & Training Services
1152,109380,ZION,"ZIONS BANCORPORATION, NATIONAL ASSOCIATION /UT/",Financial Services,Banks—Regional
1153,769520,MIDD,MIDDLEBY Corp,Industrials,Specialty Industrial Machinery
1154,1061983,CYTK,CYTOKINETICS INC,Healthcare,Biotechnology
1155,939767,EXEL,"EXELIXIS, INC.",Healthcare,Biotechnology
1156,315213,RHI,ROBERT HALF INC.,Industrials,Staffing & Employment Services
1157,932696,NSIT,INSIGHT ENTERPRISES INC,Technology,Electronics & Computer Distribution
1158,1616707,W,Wayfair Inc.,Consumer Cyclical,Internet Retail
1159,20520,FYBR,"Frontier Communications Parent, Inc.",Communication Services,Telecom Services
1160,89439,MLI,MUELLER INDUSTRIES INC,Industrials,Metal Fabrication
1161,763901,BPOP,"POPULAR, INC.",Financial Services,Banks—Regional
1162,350698,AN,"AUTONATION, INC.",Consumer Cyclical,Auto & Truck Dealerships
1163,885550,CACC,CREDIT ACCEPTANCE CORP,Financial Services,Credit Services
1164,39263,CFR,"CULLEN/FROST BANKERS, INC.",Financial Services,Banks—Regional
1165,1530950,POST,"Post Holdings, Inc.",Consumer Defensive,Packaged Foods
1166,1794669,FOUR,"Shift4 Payments, Inc.",Technology,Software—Infrastructure
1167,84246,RLI,RLI CORP,Financial Services,Insurance—Property & Casualty
1168,1637207,PLNT,"Planet Fitness, Inc.",Consumer Cyclical,Leisure
1169,1611647,FRPT,"Freshpet, Inc.",Consumer Defensive,Packaged Foods
1170,1232524,JAZZ,Jazz Pharmaceuticals plc,Healthcare,Biotechnology
1171,1442655,NGKSY,"NGK Spark Plug Co., Ltd.",Consumer Cyclical,Auto Parts
1172,1157601,MDGL,"MADRIGAL PHARMACEUTICALS, INC.",Healthcare,Biotechnology
1173,1837429,BNRE,Brookfield Reinsurance Ltd.,Financial Services,Insurance—Reinsurance
1174,1621563,SUM,"Summit Materials, Inc.",Basic Materials,Building Materials
1175,1835830,KVYO,"Klaviyo, Inc.",Technology,Software—Infrastructure
1176,7536,ARW,"ARROW ELECTRONICS, INC.",Technology,Electronics & Computer Distribution
1177,1437578,BFAM,BRIGHT HORIZONS FAMILY SOLUTIONS INC.,Consumer Cyclical,Personal Services
1178,853816,LSTR,LANDSTAR SYSTEM INC,Industrials,Integrated Freight & Logistics
1179,1465128,STWD,"STARWOOD PROPERTY TRUST, INC.",Real Estate,REIT—Mortgage
1180,889331,LFUS,LITTELFUSE INC /DE,Technology,Electronic Components
1181,1558812,MEJHY,MEIJI Holdings Co Ltd/ADR,Consumer Defensive,Packaged Foods
1182,1592000,ENLC,"EnLink Midstream, LLC",Energy,Oil & Gas Midstream
1183,1895262,NE,Noble Corp plc,Energy,Oil & Gas Drilling
1184,917251,ADC,AGREE REALTY CORP,Real Estate,REIT—Retail
1185,1109138,CAMT,CAMTEK LTD,Technology,Semiconductor Equipment & Materials
1186,1437153,CUYTY,Colruyt SA,Consumer Defensive,Grocery Stores
1187,1402388,WFG,"WEST FRASER TIMBER CO., LTD",Basic Materials,Lumber & Wood Production
1188,1023514,HMY,HARMONY GOLD MINING CO LTD,Basic Materials,Gold
1189,1583708,S,"SentinelOne, Inc.",Technology,Software—Infrastructure
1190,717423,MUR,MURPHY OIL CORP,Energy,Oil & Gas E&P
1191,30625,FLS,FLOWSERVE CORP,Industrials,Specialty Industrial Machinery
1192,1015328,WTFC,WINTRUST FINANCIAL CORP,Financial Services,Banks—Regional
1193,1520697,ACHC,"Acadia Healthcare Company, Inc.",Healthcare,Medical Care Facilities
1194,1723089,CHX,ChampionX Corp,Energy,Oil & Gas Equipment & Services
1195,1782754,AZEK,AZEK Co Inc.,Industrials,Building Products & Equipment
1196,1835963,GLBE,Global-E Online Ltd.,Consumer Cyclical,Internet Retail
1197,1810806,U,Unity Software Inc.,Technology,Software—Application
1198,1639300,OLLI,"Ollie's Bargain Outlet Holdings, Inc.",Consumer Defensive,Discount Stores
1199,1115055,PNFP,PINNACLE FINANCIAL PARTNERS INC,Financial Services,Banks—Regional
1200,1496963,SQSP,"Squarespace, Inc.",Technology,Software—Infrastructure
1201,78239,PVH,PVH CORP. /DE/,Consumer Cyclical,Apparel Manufacturing
1202,866291,ALGM,"ALLEGRO MICROSYSTEMS, INC.",Technology,Semiconductors
1203,1655888,OBDC,Blue Owl Capital Corp,Financial Services,Credit Services
1204,22444,CMC,COMMERCIAL METALS Co,Basic Materials,Steel
1205,1867072,KD,"Kyndryl Holdings, Inc.",Technology,Information Technology Services
1206,1736035,BXSL,Blackstone Secured Lending Fund,Financial Services,Asset Management
1207,1607678,VKTX,"Viking Therapeutics, Inc.",Healthcare,Biotechnology
1208,1437470,MYTHY,Mytilineos Holdings S.A.,Industrials,Conglomerates
1209,1214816,AXS,AXIS CAPITAL HOLDINGS LTD,Financial Services,Insurance—Specialty
1210,1157557,CIG,ENERGY CO OF MINAS GERAIS,Utilities,Utilities—Diversified
1211,1448893,ESNT,Essent Group Ltd.,Financial Services,Insurance—Specialty
1212,1366561,SMAR,SMARTSHEET INC,Technology,Software—Application
1213,1943896,RBRK,"Rubrik, Inc.",Technology,Software—Infrastructure
1214,1786842,VNT,Vontier Corp,Technology,Scientific & Technical Instruments
1215,795403,WTS,WATTS WATER TECHNOLOGIES INC,Industrials,Specialty Industrial Machinery
1216,1040829,RHP,"Ryman Hospitality Properties, Inc.",Real Estate,REIT—Hotel & Motel
1217,1510599,PDI,PIMCO Dynamic Income Fund,Financial Services,Asset Management
1218,1580905,IBP,"Installed Building Products, Inc.",Consumer Cyclical,Residential Construction
1219,1173382,CAE,CAE INC,Industrials,Aerospace & Defense
1220,913353,CIGI,Colliers International Group Inc.,Real Estate,Real Estate Services
1221,1476150,TRNO,Terreno Realty Corp,Real Estate,REIT—Industrial
1222,18349,SNV,SYNOVUS FINANCIAL CORP,Financial Services,Banks—Regional
1223,1722684,WH,"WYNDHAM HOTELS & RESORTS, INC.",Consumer Cyclical,Lodging
1224,1571123,SAIC,Science Applications International Corp,Technology,Information Technology Services
1225,911177,CWST,CASELLA WASTE SYSTEMS INC,Industrials,Waste Management
1226,764038,SSB,SouthState Corp,Financial Services,Banks—Regional
1227,892553,GTLS,CHART INDUSTRIES INC,Industrials,Specialty Industrial Machinery
1228,1477294,ST,Sensata Technologies Holding plc,Technology,Scientific & Technical Instruments
1229,1852244,GXO,"GXO Logistics, Inc.",Industrials,Integrated Freight & Logistics
1230,1815846,MNSO,MINISO Group Holding Ltd,Consumer Cyclical,Specialty Retail
1231,1068851,PB,PROSPERITY BANCSHARES INC,Financial Services,Banks—Regional
1232,1546354,DUFRY,Dufry AG/ADR,Consumer Cyclical,Specialty Retail
1233,916540,DAR,DARLING INGREDIENTS INC.,Consumer Defensive,Packaged Foods
1234,60519,LPX,LOUISIANA-PACIFIC CORP,Industrials,Building Products & Equipment
1235,1988894,AS,"Amer Sports, Inc.",Consumer Cyclical,Leisure
1236,1447945,ASMVY,ASM Pacific Technology Ltd.,Technology,Semiconductor Equipment & Materials
1237,876437,MTG,MGIC INVESTMENT CORP,Financial Services,Insurance—Specialty
1238,1124941,BECN,BEACON ROOFING SUPPLY INC,Industrials,Industrial Distribution
1239,1076930,NOVT,NOVANTA INC,Technology,Scientific & Technical Instruments
1240,1046311,CHH,CHOICE HOTELS INTERNATIONAL INC /DE,Consumer Cyclical,Lodging
1241,1653653,RRR,"Red Rock Resorts, Inc.",Consumer Cyclical,Resorts & Casinos
1242,875357,BOKF,BOK FINANCIAL CORP,Financial Services,Banks—Regional
1243,1767582,LKNCY,Luckin Coffee Inc.,Consumer Cyclical,Restaurants
1244,1562476,TMHC,Taylor Morrison Home Corp,Consumer Cyclical,Residential Construction
1245,937556,MASI,MASIMO CORP,Healthcare,Medical Devices
1246,1849635,DJT,Trump Media & Technology Group Corp.,Communication Services,Internet Content & Information
1247,1584207,OMF,"OneMain Holdings, Inc.",Financial Services,Credit Services
1248,1177609,FIVE,"FIVE BELOW, INC",Consumer Cyclical,Specialty Retail
1249,833079,MTH,Meritage Homes CORP,Consumer Cyclical,Residential Construction
1250,941221,ICL,ICL Group Ltd.,Basic Materials,Agricultural Inputs
1251,1822993,JXN,Jackson Financial Inc.,Financial Services,Insurance—Life
1252,1786431,REYN,Reynolds Consumer Products Inc.,Consumer Cyclical,Packaging & Containers
1253,1422183,FSK,FS KKR Capital Corp,Financial Services,Asset Management
1254,1674910,VVV,VALVOLINE INC,Consumer Cyclical,Auto & Truck Dealerships
1255,1999001,FUN,Six Flags Entertainment Corporation/NEW,Consumer Cyclical,Leisure
1256,1398659,G,Genpact LTD,Technology,Information Technology Services
1257,230557,SIGI,SELECTIVE INSURANCE GROUP INC,Financial Services,Insurance—Property & Casualty
1258,98362,TKR,TIMKEN CO,Industrials,Tools & Accessories
1259,1747009,ETRN,Equitrans Midstream Corp,Energy,Oil & Gas Midstream
1260,1806837,VERX,"Vertex, Inc.",Technology,Software—Application
1261,1877322,ESAB,ESAB Corp,Industrials,Metal Fabrication
1262,67347,MOD,MODINE MANUFACTURING CO,Consumer Cyclical,Auto Parts
1263,1711279,KRYS,"Krystal Biotech, Inc.",Healthcare,Biotechnology
1264,1717115,TEM,"Tempus AI, Inc.",Healthcare,Health Information Services
1265,106640,WHR,WHIRLPOOL CORP /DE/,Consumer Cyclical,"Furnishings, Fixtures & Appliances"
1266,78150,PHI,PLDT Inc.,Communication Services,Telecom Services
1267,1274173,JHG,JANUS HENDERSON GROUP PLC,Financial Services,Asset Management
1268,1442653,ROHCY,"ROHM Co., Ltd.",Technology,Semiconductors
1269,1599298,SMMT,Summit Therapeutics Inc.,Healthcare,Biotechnology
1270,9092,BMI,BADGER METER INC,Technology,Scientific & Technical Instruments
1271,899689,VNO,VORNADO REALTY TRUST,Real Estate,REIT—Office
1272,1142417,NXST,"NEXSTAR MEDIA GROUP, INC.",Communication Services,Entertainment
1273,74303,OLN,OLIN Corp,Basic Materials,Specialty Chemicals
1274,1041792,ELP,ENERGY CO OF PARANA,Utilities,Utilities—Diversified
1275,67887,MOG-A,MOOG INC.,Industrials,Aerospace & Defense
1276,63276,MAT,MATTEL INC /DE/,Consumer Cyclical,Leisure
1277,1472787,FAF,First American Financial Corp,Financial Services,Insurance—Specialty
1278,1910851,RCM,R1 RCM Inc. /DE,Healthcare,Health Information Services
1279,861878,SRCL,STERICYCLE INC,Industrials,Waste Management
1280,1860742,BLCO,Bausch & Lomb Corp,Healthcare,Medical Instruments & Supplies
1281,1455955,PUTKY,PT United Tractors Tbk / ADR,Basic Materials,Other Industrial Metals & Mining
1282,1507605,MARA,"MARATHON DIGITAL HOLDINGS, INC.",Financial Services,Capital Markets
1283,707179,ONB,OLD NATIONAL BANCORP /IN/,Financial Services,Banks—Regional
1284,1521036,LNTH,"Lantheus Holdings, Inc.",Healthcare,Drug Manufacturers—Specialty & Generic
1285,1759509,LYFT,"Lyft, Inc.",Technology,Software—Application
1286,1786352,BILL,"BILL Holdings, Inc.",Technology,Software—Application
1287,717605,HXL,HEXCEL CORP /DE/,Industrials,Aerospace & Defense
1288,1487712,AL,AIR LEASE CORP,Industrials,Rental & Leasing Services
1289,1538118,YKLTY,"Yakult Honsha Co., LTD/ADR",Consumer Defensive,Beverages—Non-Alcoholic
1290,1791863,BEPC,Brookfield Renewable Corp,Utilities,Utilities—Renewable
1291,17843,CRS,CARPENTER TECHNOLOGY CORP,Industrials,Metal Fabrication
1292,102729,VMI,VALMONT INDUSTRIES INC,Industrials,Conglomerates
1293,1355444,ERJ,EMBRAER S.A.,Industrials,Aerospace & Defense
1295,913290,FRO,Frontline plc,Energy,Oil & Gas Midstream
1296,1650729,SITE,"SiteOne Landscape Supply, Inc.",Industrials,Industrial Distribution
1297,314808,VAL,Valaris Ltd,Energy,Oil & Gas Equipment & Services
1298,1169561,CVLT,COMMVAULT SYSTEMS INC,Technology,Software—Application
1299,9326,BCPC,BALCHEM CORP,Basic Materials,Specialty Chemicals
1300,59558,LNC,LINCOLN NATIONAL CORP,Financial Services,Insurance—Life
1301,794367,M,"Macy's, Inc.",Consumer Cyclical,Department Stores
1302,1807794,CRDO,Credo Technology Group Holding Ltd,Technology,Semiconductors
1303,85961,R,RYDER SYSTEM INC,Industrials,Rental & Leasing Services
1304,1556593,RITM,Rithm Capital Corp.,Real Estate,REIT—Mortgage
1305,906553,BYD,BOYD GAMING CORP,Consumer Cyclical,Resorts & Casinos
1306,1299939,CADE,Cadence Bank,Financial Services,Banks—Regional
1307,1821825,OGN,Organon & Co.,Healthcare,Drug Manufacturers—General
1308,1698990,MGY,Magnolia Oil & Gas Corp,Energy,Oil & Gas E&P
1309,1866368,CWAN,"Clearwater Analytics Holdings, Inc.",Technology,Software—Application
1310,1297989,EXLS,"ExlService Holdings, Inc.",Technology,Information Technology Services
1311,1032220,MMS,"MAXIMUS, INC.",Industrials,Specialty Business Services
1312,314590,SSL,SASOL LTD,Basic Materials,Specialty Chemicals
1313,933136,COOP,Mr. Cooper Group Inc.,Financial Services,Mortgage Finance
1314,1618563,NSA,National Storage Affiliates Trust,Real Estate,REIT—Industrial
1315,1849853,STVN,Stevanato Group S.p.A.,Healthcare,Medical Instruments & Supplies
1316,1107843,QLYS,"QUALYS, INC.",Technology,Software—Infrastructure
1317,1361113,VRNS,VARONIS SYSTEMS INC,Technology,Software—Infrastructure
1318,277509,FSS,FEDERAL SIGNAL CORP /DE/,Industrials,Pollution & Treatment Controls
1320,893538,SM,SM Energy Co,Energy,Oil & Gas E&P
1321,1796022,STEP,StepStone Group Inc.,Financial Services,Asset Management
1322,57515,LANC,LANCASTER COLONY CORP,Consumer Defensive,Packaged Foods
1323,1692115,SWX,"Southwest Gas Holdings, Inc.",Utilities,Utilities—Regulated Gas
1324,1347426,BMA,Macro Bank Inc.,Financial Services,Banks—Regional
1325,1516513,DOCS,"Doximity, Inc.",Healthcare,Health Information Services
1326,1012100,SEE,SEALED AIR CORP/DE,Consumer Cyclical,Packaging & Containers
1327,1660280,TENB,"Tenable Holdings, Inc.",Technology,Software—Infrastructure
1328,818479,XRAY,DENTSPLY SIRONA Inc.,Healthcare,Medical Instruments & Supplies
1329,67716,MDU,MDU RESOURCES GROUP INC,Industrials,Conglomerates
1330,70145,NFG,NATIONAL FUEL GAS CO,Energy,Oil & Gas Integrated
1331,103379,VFC,V F CORP,Consumer Cyclical,Apparel Manufacturing
1332,856982,MMSI,MERIT MEDICAL SYSTEMS INC,Healthcare,Medical Instruments & Supplies
1333,2000178,LOAR,Loar Holdings Inc.,Industrials,Aerospace & Defense
1334,795266,KBH,KB HOME,Consumer Cyclical,Residential Construction
1335,1534504,PBF,PBF Energy Inc.,Energy,Oil & Gas Refining & Marketing
1336,1439288,ZWS,Zurn Elkay Water Solutions Corp,Industrials,Pollution & Treatment Controls
1337,1004434,AMG,"AFFILIATED MANAGERS GROUP, INC.",Financial Services,Asset Management
1338,67215,DY,DYCOM INDUSTRIES INC,Industrials,Engineering & Construction
1339,937098,TNET,"TRINET GROUP, INC.",Industrials,Staffing & Employment Services
1340,7431,AWI,ARMSTRONG WORLD INDUSTRIES INC,Industrials,Building Products & Equipment
1341,1113232,ACLS,AXCELIS TECHNOLOGIES INC,Technology,Semiconductor Equipment & Materials
1342,37808,FNB,FNB CORP/PA/,Financial Services,Banks—Regional
1343,98222,TDW,TIDEWATER INC,Energy,Oil & Gas Equipment & Services
1344,1728951,EPRT,"ESSENTIAL PROPERTIES REALTY TRUST, INC.",Real Estate,REIT—Diversified
1345,1430162,CSAN,Cosan S.A.,Energy,Oil & Gas Refining & Marketing
1346,1013857,PEGA,PEGASYSTEMS INC,Technology,Software—Application
1347,16040,CBT,CABOT CORP,Basic Materials,Specialty Chemicals
1348,821130,USM,UNITED STATES CELLULAR CORP,Communication Services,Telecom Services
1349,1282637,NEU,NEWMARKET CORP,Basic Materials,Specialty Chemicals
1350,1415404,SATS,EchoStar CORP,Technology,Communication Equipment
1351,1286043,KRG,KITE REALTY GROUP TRUST,Real Estate,REIT—Retail
1352,730263,THO,THOR INDUSTRIES INC,Consumer Cyclical,Recreational Vehicles
1353,40211,GATX,GATX CORP,Industrials,Rental & Leasing Services
1354,1756262,TMDX,"TransMedics Group, Inc.",Healthcare,Medical Devices
1355,1545851,VRN,Veren Inc.,Energy,Oil & Gas E&P
1356,1934850,FG,"F&G Annuities & Life, Inc.",Financial Services,Insurance—Life
1357,1743881,BBIO,"BridgeBio Pharma, Inc.",Healthcare,Biotechnology
1358,1567683,CWEN,"Clearway Energy, Inc.",Utilities,Utilities—Renewable
1359,766421,ALK,"ALASKA AIR GROUP, INC.",Industrials,Airlines
1360,1666138,ATKR,Atkore Inc.,Industrials,Electrical Equipment & Parts
1361,91767,SON,SONOCO PRODUCTS CO,Consumer Cyclical,Packaging & Containers
1362,1331520,HOMB,HOME BANCSHARES INC,Financial Services,Banks—Regional
1363,1039399,FORM,FORMFACTOR INC,Technology,Semiconductors
1364,1962746,LOT,Lotus Technology Inc.,Consumer Cyclical,Auto Manufacturers
1365,851520,EXPO,EXPONENT INC,Industrials,Engineering & Construction
1366,69891,FIZZ,NATIONAL BEVERAGE CORP,Consumer Defensive,Beverages—Non-Alcoholic
1367,1823529,ACT,"Enact Holdings, Inc.",Financial Services,Insurance—Specialty
1368,1363829,ESGR,Enstar Group LTD,Financial Services,Insurance—Diversified
1369,1368622,AVAV,AeroVironment Inc,Industrials,Aerospace & Defense
1370,924805,FRHC,Freedom Holding Corp.,Financial Services,Capital Markets
1371,890926,RDN,RADIAN GROUP INC,Financial Services,Insurance—Specialty
1372,887153,SIM,"GRUPO SIMEC, S.A.B. de C.V.",Basic Materials,Steel
1373,14930,BC,BRUNSWICK CORP,Consumer Cyclical,Recreational Vehicles
1374,1861560,NUVL,"Nuvalent, Inc.",Healthcare,Biotechnology
1375,1057877,IDA,IDACORP INC,Utilities,Utilities—Regulated Electric
1377,1014739,OPCH,"Option Care Health, Inc.",Healthcare,Medical Care Facilities
1378,884614,UGI,UGI CORP /PA/,Utilities,Utilities—Regulated Gas
1379,1745916,PFSI,"PennyMac Financial Services, Inc.",Financial Services,Mortgage Finance
1380,1674416,CRSP,CRISPR Therapeutics AG,Healthcare,Biotechnology
1381,1636519,MSGS,Madison Square Garden Sports Corp.,Communication Services,Entertainment
1382,1094972,UGP,ULTRAPAR HOLDINGS INC,Energy,Oil & Gas Refining & Marketing
1383,840489,FCFS,"FirstCash Holdings, Inc.",Financial Services,Credit Services
1384,1050797,COLM,COLUMBIA SPORTSWEAR CO,Consumer Cyclical,Apparel Manufacturing
1385,1682745,VRRM,VERRA MOBILITY Corp,Industrials,Infrastructure Operations
1386,1320414,SEM,SELECT MEDICAL HOLDINGS CORP,Healthcare,Medical Care Facilities
1387,1029199,EEFT,"EURONET WORLDWIDE, INC.",Technology,Software—Infrastructure
1388,1674862,ASH,ASHLAND INC.,Basic Materials,Specialty Chemicals
1389,1569650,OZK,Bank OZK,Financial Services,Banks—Regional
1390,8858,AVT,AVNET INC,Technology,Electronics & Computer Distribution
1392,1290109,LPL,"LG Display Co., Ltd.",Technology,Consumer Electronics
1393,1328581,BCC,BOISE CASCADE Co,Basic Materials,Building Materials
1394,2001184,PACS,"PACS Group, Inc.",Healthcare,Medical Care Facilities
1395,1609253,CRC,California Resources Corp,Energy,Oil & Gas E&P
1396,1828108,AUR,"Aurora Innovation, Inc.",Technology,Information Technology Services
1397,1032033,SLM,SLM Corp,Financial Services,Credit Services
1398,1765159,NVEI,Nuvei Corp,Technology,Software—Infrastructure
1399,1128928,FLO,FLOWERS FOODS INC,Consumer Defensive,Packaged Foods
1400,1581990,PAGP,PLAINS GP HOLDINGS LP,Energy,Oil & Gas Midstream
1401,1144980,ABG,ASBURY AUTOMOTIVE GROUP INC,Consumer Cyclical,Auto & Truck Dealerships
1402,1492422,APLS,"Apellis Pharmaceuticals, Inc.",Healthcare,Biotechnology
1403,780571,ITRI,"ITRON, INC.",Technology,Scientific & Technical Instruments
1404,849869,SLGN,SILGAN HOLDINGS INC,Consumer Cyclical,Packaging & Containers
1405,944695,THG,"HANOVER INSURANCE GROUP, INC.",Financial Services,Insurance—Property & Casualty
1406,78890,BCO,BRINKS CO,Industrials,Security & Protection Services
1407,928876,TSEM,TOWER SEMICONDUCTOR LTD,Technology,Semiconductors
1408,1748797,DOOO,BRP Inc.,Consumer Cyclical,Recreational Vehicles
1409,1114995,PI,IMPINJ INC,Technology,Communication Equipment
1410,1788348,BIPC,Brookfield Infrastructure Corp,Utilities,Utilities—Regulated Gas
1411,776867,WTM,WHITE MOUNTAINS INSURANCE GROUP LTD,Financial Services,Insurance—Property & Casualty
1412,1326110,IBRX,"ImmunityBio, Inc.",Healthcare,Biotechnology
1413,1954042,ZK,ZEEKR Intelligent Technology Holding Ltd,Consumer Cyclical,Auto Manufacturers
1414,1528849,RH,RH,Consumer Cyclical,Specialty Retail
1415,1396440,MAIN,Main Street Capital CORP,Financial Services,Asset Management
1416,784977,POR,PORTLAND GENERAL ELECTRIC CO /OR/,Utilities,Utilities—Regulated Electric
1417,1451505,RIG,Transocean Ltd.,Energy,Oil & Gas Drilling
1418,1273813,AGO,ASSURED GUARANTY LTD,Financial Services,Insurance—Specialty
1419,1094831,BGC,"BGC Group, Inc.",Financial Services,Capital Markets
1420,1476204,PECO,"Phillips Edison & Company, Inc.",Real Estate,REIT—Retail
1421,1626115,PJT,PJT Partners Inc.,Financial Services,Capital Markets
1422,1599901,RNA,"Avidity Biosciences, Inc.",Healthcare,Biotechnology
1423,38725,FELE,FRANKLIN ELECTRIC CO INC,Industrials,Specialty Industrial Machinery
1424,874866,CRVL,CORVEL CORP,Financial Services,Insurance Brokers
1425,729986,UBSI,UNITED BANKSHARES INC/WV,Financial Services,Banks—Regional
1426,1773751,HIMS,"Hims & Hers Health, Inc.",Consumer Defensive,Household & Personal Products
1427,1296445,ORA,"ORMAT TECHNOLOGIES, INC.",Utilities,Utilities—Renewable
1428,313143,HAE,HAEMONETICS CORP,Healthcare,Medical Instruments & Supplies
1429,793952,HOG,"HARLEY-DAVIDSON, INC.",Consumer Cyclical,Recreational Vehicles
1430,1803599,CNXC,Concentrix Corp,Technology,Information Technology Services
1431,1013131,BVN,BUENAVENTURA MINING CO INC,Basic Materials,Other Precious Metals & Mining
1432,1003078,MSM,MSC INDUSTRIAL DIRECT CO INC,Industrials,Industrial Distribution
1433,912958,TIGO,MILLICOM INTERNATIONAL CELLULAR SA,Communication Services,Telecom Services
1434,1624794,CSWI,"CSW INDUSTRIALS, INC.",Industrials,Specialty Industrial Machinery
1435,1466085,IRT,"INDEPENDENCE REALTY TRUST, INC.",Real Estate,REIT—Residential
1436,790526,RDNT,"RadNet, Inc.",Healthcare,Diagnostics & Research
1437,1764013,IMVT,"Immunovant, Inc.",Healthcare,Biotechnology
1438,1483934,STNG,Scorpio Tankers Inc.,Energy,Oil & Gas Midstream
1439,3453,MATX,"Matson, Inc.",Industrials,Marine Shipping
1440,1434588,LOPE,"Grand Canyon Education, Inc.",Consumer Defensive,Education & Training Services
1441,1800227,IAC,IAC Inc.,Communication Services,Internet Content & Information
1442,887343,COLB,"COLUMBIA BANKING SYSTEM, INC.",Financial Services,Banks—Regional
1443,39368,FUL,FULLER H B CO,Basic Materials,Specialty Chemicals
1444,1365135,WU,Western Union CO,Financial Services,Credit Services
1445,52827,RYN,RAYONIER INC,Real Estate,REIT—Specialty
1446,931015,PII,Polaris Inc.,Consumer Cyclical,Recreational Vehicles
1447,356309,NJR,NEW JERSEY RESOURCES CORP,Utilities,Utilities—Regulated Gas
1448,1476765,GBDC,"GOLUB CAPITAL BDC, Inc.",Financial Services,Asset Management
1449,36029,FFIN,FIRST FINANCIAL BANKSHARES INC,Financial Services,Banks—Regional
1450,1174169,AQN,ALGONQUIN POWER & UTILITIES CORP.,Utilities,Utilities—Renewable
1451,868671,GBCI,"GLACIER BANCORP, INC.",Financial Services,Banks—Regional
1452,935036,ACIW,"ACI WORLDWIDE, INC.",Technology,Software—Infrastructure
1453,1520262,ALKS,Alkermes plc.,Healthcare,Drug Manufacturers—Specialty & Generic
1454,1659939,ENIC,Enel Chile S.A.,Utilities,Utilities—Regulated Electric
1455,1596967,MC,Moelis & Co,Financial Services,Capital Markets
1456,912615,URBN,URBAN OUTFITTERS INC,Consumer Cyclical,Apparel Retail
1457,1815779,HAFN,Hafnia Ltd,Industrials,Marine Shipping
1458,1745431,STNE,StoneCo Ltd.,Technology,Software—Infrastructure
1459,101382,UMBF,UMB FINANCIAL CORP,Financial Services,Banks—Regional
1460,833640,POWI,POWER INTEGRATIONS INC,Technology,Semiconductors
1461,1799208,DNB,"Dun & Bradstreet Holdings, Inc.",Financial Services,Financial Data & Stock Exchanges
1462,1364885,SPR,"Spirit AeroSystems Holdings, Inc.",Industrials,Aerospace & Defense
1463,1776967,NTCOY,Natura &Co Holding S.A.,Consumer Defensive,Household & Personal Products
1464,750577,HWC,HANCOCK WHITNEY CORP,Financial Services,Banks—Regional
1465,1674168,HGV,Hilton Grand Vacations Inc.,Consumer Cyclical,Resorts & Casinos
1466,1289308,ENS,EnerSys,Industrials,Electrical Equipment & Parts
1467,1619762,IGT,International Game Technology PLC,Consumer Cyclical,Gambling
1468,1446694,SHWDY,Showa Denko K.K./ADR,Basic Materials,Chemicals
1469,1692063,SNDR,"Schneider National, Inc.",Industrials,Trucking
1470,1712807,PAGS,PagSeguro Digital Ltd.,Technology,Software—Infrastructure
1471,1955520,KNF,Knife River Corp,Basic Materials,Building Materials
1472,927003,AEIS,ADVANCED ENERGY INDUSTRIES INC,Industrials,Electrical Equipment & Parts
1473,919012,AEO,AMERICAN EAGLE OUTFITTERS INC,Consumer Cyclical,Apparel Retail
1474,1704715,AMR,"Alpha Metallurgical Resources, Inc.",Basic Materials,Coking Coal
1475,1718512,GTES,Gates Industrial Corp plc,Industrials,Specialty Industrial Machinery
1476,1592438,ROYMY,Royal Mail plc/ADR,Industrials,Integrated Freight & Logistics
1477,1749723,NFE,New Fortress Energy Inc.,Utilities,Utilities—Regulated Gas
1478,890564,ASGN,ASGN Inc,Technology,Information Technology Services
1479,1380366,GNNDY,GN STORE NORD A/S,Healthcare,Medical Devices
1480,1739445,ACA,"Arcosa, Inc.",Industrials,Engineering & Construction
1481,1530721,CPRI,Capri Holdings Ltd,Consumer Cyclical,Luxury Goods
1482,1609550,INSP,"Inspire Medical Systems, Inc.",Healthcare,Medical Devices
1483,1809104,ALIT,"Alight, Inc. / Delaware",Technology,Software—Application
1484,90896,SKY,Skyline Champion Corp,Consumer Cyclical,Residential Construction
1486,889900,PTEN,PATTERSON UTI ENERGY INC,Energy,Oil & Gas Drilling
1487,825313,AB,ALLIANCEBERNSTEIN HOLDING L.P.,Financial Services,Asset Management
1488,1070412,CNX,CNX Resources Corp,Energy,Oil & Gas E&P
1489,1104485,NOG,"NORTHERN OIL & GAS, INC.",Energy,Oil & Gas E&P
1490,860748,KMPR,KEMPER Corp,Financial Services,Insurance—Property & Casualty
1491,1445305,WK,WORKIVA INC,Technology,Software—Application
1492,1800667,FROG,JFrog Ltd,Technology,Software—Application
1493,1345105,CPA,"Copa Holdings, S.A.",Industrials,Airlines
1494,1448978,SMBMY,SembCorp Marine Ltd.,Industrials,Aerospace & Defense
1495,1111928,IPGP,IPG PHOTONICS CORP,Technology,Semiconductor Equipment & Materials
1496,1280058,BLKB,BLACKBAUD INC,Technology,Software—Application
1497,1676238,BRZE,"Braze, Inc.",Technology,Software—Application
1498,1579428,AXSM,"Axsome Therapeutics, Inc.",Healthcare,Biotechnology
1499,1031203,GPI,GROUP 1 AUTOMOTIVE INC,Consumer Cyclical,Auto & Truck Dealerships
1500,1698535,NXE,NexGen Energy Ltd.,Energy,Uranium
1501,1114483,ITGR,Integer Holdings Corp,Healthcare,Medical Devices
1502,1515673,RARE,Ultragenyx Pharmaceutical Inc.,Healthcare,Biotechnology
1503,1816007,LU,Lufax Holding Ltd,Financial Services,Credit Services
1504,1122976,AVNT,AVIENT CORP,Basic Materials,Specialty Chemicals
1505,1672013,GOLF,Acushnet Holdings Corp.,Consumer Cyclical,Leisure
1506,1025996,KRC,KILROY REALTY CORP,Real Estate,REIT—Office
1507,1651311,MRUS,Merus N.V.,Healthcare,Biotechnology
1508,1658247,CRNX,"Crinetics Pharmaceuticals, Inc.",Healthcare,Biotechnology
1509,832988,SIG,SIGNET JEWELERS LTD,Consumer Cyclical,Luxury Goods
1510,1610250,BOOT,"Boot Barn Holdings, Inc.",Consumer Cyclical,Apparel Retail
1511,1817358,ASO,"Academy Sports & Outdoors, Inc.",Consumer Cyclical,Specialty Retail
1512,1840776,HGTY,"Hagerty, Inc.",Financial Services,Insurance—Property & Casualty
1513,1851003,ZETA,Zeta Global Holdings Corp.,Technology,Software—Application
1514,1633978,LITE,Lumentum Holdings Inc.,Technology,Communication Equipment
1515,1869198,LTH,"Life Time Group Holdings, Inc.",Consumer Cyclical,Leisure
1516,1835681,PWSC,"POWERSCHOOL HOLDINGS, INC.",Technology,Software—Application
1517,1568651,OSCR,"Oscar Health, Inc.",Healthcare,Healthcare Plans
1518,1307954,HUN,Huntsman CORP,Basic Materials,Chemicals
1519,913142,BDC,BELDEN INC.,Technology,Communication Equipment
1520,1949543,STR,Sitio Royalties Corp.,Energy,Oil & Gas E&P
1521,1130464,BKH,BLACK HILLS CORP /SD/,Utilities,Utilities—Regulated Gas
1522,944148,CBZ,"CBIZ, Inc.",Industrials,Specialty Business Services
1523,1764046,CLVT,CLARIVATE PLC,Technology,Information Technology Services
1524,1258602,NNI,NELNET INC,Financial Services,Credit Services
1525,822663,IPAR,INTER PARFUMS INC,Consumer Defensive,Household & Personal Products
1526,1410384,QTWO,"Q2 Holdings, Inc.",Technology,Software—Application
1527,1429937,BTG,B2GOLD CORP,Basic Materials,Gold
1528,1040971,SLG,SL GREEN REALTY CORP,Real Estate,REIT—Office
1529,897723,SANM,SANMINA CORP,Technology,Electronic Components
1530,1322422,HBM,Hudbay Minerals Inc.,Basic Materials,Copper
1531,1590717,CTRE,"CareTrust REIT, Inc.",Real Estate,REIT—Healthcare Facilities
1532,1372612,BOX,BOX INC,Technology,Software—Infrastructure
1533,1544522,FRSH,Freshworks Inc.,Technology,Software—Application
1534,1722608,IQ,"iQIYI, Inc.",Communication Services,Entertainment
1535,931427,TGS,GAS TRANSPORTER OF THE SOUTH INC,Energy,Oil & Gas Integrated
1536,1284812,CNS,"COHEN & STEERS, INC.",Financial Services,Asset Management
1537,1898416,ALVO,Alvotech,Healthcare,Drug Manufacturers—Specialty & Generic
1538,1818794,DYN,"Dyne Therapeutics, Inc.",Healthcare,Biotechnology
1539,930826,SLVYY,SOLVAY S A /ADR/,Basic Materials,Chemicals
1540,1691303,HCC,"WARRIOR MET COAL, INC.",Basic Materials,Coking Coal
1541,1038074,SLAB,SILICON LABORATORIES INC.,Technology,Semiconductors
1542,1819848,JOBY,"Joby Aviation, Inc.",Industrials,Airports & Air Services
1543,1577526,AI,"C3.ai, Inc.",Technology,Software—Application
1544,723612,CAR,"AVIS BUDGET GROUP, INC.",Industrials,Rental & Leasing Services
1545,1311370,LAZ,"Lazard, Inc.",Financial Services,Capital Markets
1546,66756,ALE,ALLETE INC,Utilities,Utilities—Diversified
1547,1620533,SHAK,Shake Shack Inc.,Consumer Cyclical,Restaurants
1548,1585364,PRGO,PERRIGO Co plc,Healthcare,Drug Manufacturers—Specialty & Generic
1549,1702744,SMPL,Simply Good Foods Co,Consumer Defensive,Packaged Foods
1550,72333,JWN,NORDSTROM INC,Consumer Cyclical,Department Stores
1551,1760965,KTB,"Kontoor Brands, Inc.",Consumer Cyclical,Apparel Manufacturing
1552,1364479,HRI,HERC HOLDINGS INC,Industrials,Rental & Leasing Services
1553,1902733,NCNO,"nCino, Inc.",Technology,Software—Application
1554,910073,NYCB,"NEW YORK COMMUNITY BANCORP, INC.",Financial Services,Banks—Regional
1555,1587732,OGS,"ONE Gas, Inc.",Utilities,Utilities—Regulated Gas
1556,1561680,TPH,"Tri Pointe Homes, Inc.",Consumer Cyclical,Residential Construction
1557,886346,KAI,KADANT INC,Industrials,Specialty Industrial Machinery
1558,1207179,GLNG,GOLAR LNG LTD,Energy,Oil & Gas Midstream
1559,29002,DIOD,DIODES INC /DEL/,Technology,Semiconductors
1560,1977303,ALTM,Arcadium Lithium plc,Basic Materials,Specialty Chemicals
1561,1841804,INST,"INSTRUCTURE HOLDINGS, INC.",Technology,Software—Application
1562,1466593,OTTR,Otter Tail Corp,Utilities,Utilities—Diversified
1563,1492298,SBRA,"Sabra Health Care REIT, Inc.",Real Estate,REIT—Healthcare Facilities
1564,1381668,TFSL,TFS Financial CORP,Financial Services,Banks—Regional
1565,46765,HP,"Helmerich & Payne, Inc.",Energy,Oil & Gas Drilling
1566,1230245,PIPR,PIPER SANDLER COMPANIES,Financial Services,Capital Markets
1567,315709,IBOC,INTERNATIONAL BANCSHARES CORP,Financial Services,Banks—Regional
1568,351569,ABCB,Ameris Bancorp,Financial Services,Banks—Regional
1569,825542,SMG,SCOTTS MIRACLE-GRO CO,Basic Materials,Agricultural Inputs
1570,97216,TEX,TEREX CORP,Industrials,Farm & Heavy Construction Machinery
1571,1564902,PRKS,United Parks & Resorts Inc.,Consumer Cyclical,Leisure
1572,1655891,TRMD,TORM plc,Energy,Oil & Gas Midstream
1573,1158449,AAP,ADVANCE AUTO PARTS INC,Consumer Cyclical,Specialty Retail
1574,1990354,WAY,Waystar Holding Corp.,Healthcare,Health Information Services
1575,25232,CUZ,COUSINS PROPERTIES INC,Real Estate,REIT—Office
1576,1592386,VIRT,"Virtu Financial, Inc.",Financial Services,Capital Markets
1577,827876,CLSK,"CLEANSPARK, INC.",Financial Services,Capital Markets
1578,1737706,SDRL,Seadrill Ltd,Energy,Oil & Gas Drilling
1579,949870,SAM,BOSTON BEER CO INC,Consumer Defensive,Beverages—Brewers
1580,817720,SYNA,SYNAPTICS Inc,Technology,Semiconductors
1581,874238,STRL,"STERLING INFRASTRUCTURE, INC.",Industrials,Engineering & Construction
1582,1603756,AXNX,"Axonics, Inc.",Healthcare,Medical Devices
1583,1786909,SBSW,Sibanye Stillwater Ltd,Basic Materials,Other Precious Metals & Mining
1584,1819928,DV,"DoubleVerify Holdings, Inc.",Technology,Software—Application
1585,1337619,ENV,"ENVESTNET, INC.",Technology,Software—Application
1586,1126956,SR,SPIRE INC,Utilities,Utilities—Regulated Gas
1587,1195737,NEA,Nuveen AMT-Free Quality Municipal Income Fund,Financial Services,Asset Management
1588,1418121,APLE,"Apple Hospitality REIT, Inc.",Real Estate,REIT—Hotel & Motel
1589,793733,SKYW,SKYWEST INC,Industrials,Airlines
1590,932470,TEO,TELECOM ARGENTINA SA,Communication Services,Telecom Services
1591,714310,VLY,VALLEY NATIONAL BANCORP,Financial Services,Banks—Regional
1592,1295947,PBH,Prestige Consumer Healthcare Inc.,Healthcare,Drug Manufacturers—Specialty & Generic
1593,884713,PRMW,Primo Water Corp /CN/,Consumer Defensive,Beverages—Non-Alcoholic
1594,912242,MAC,MACERICH CO,Real Estate,REIT—Retail
1595,1699136,WHD,"Cactus, Inc.",Energy,Oil & Gas Equipment & Services
1596,1469395,PAM,Pampa Energy Inc.,Utilities,Utilities—Independent Power Producers
1597,56679,KFY,KORN FERRY,Industrials,Staffing & Employment Services
1598,1527636,ATHM,Autohome Inc.,Communication Services,Internet Content & Information
1599,1576280,GH,"Guardant Health, Inc.",Healthcare,Diagnostics & Research
1600,1588978,PRCT,PROCEPT BioRobotics Corp,Healthcare,Medical Devices
1601,1561894,HASI,"HA Sustainable Infrastructure Capital, Inc.",Real Estate,Real Estate Services
1602,799292,MHO,"M/I HOMES, INC.",Consumer Cyclical,Residential Construction
1603,1627223,CC,Chemours Co,Basic Materials,Specialty Chemicals
1604,1451809,SITM,SITIME Corp,Technology,Semiconductors
1605,1280784,HTGC,"Hercules Capital, Inc.",Financial Services,Asset Management
1606,1430723,SFBS,"ServisFirst Bancshares, Inc.",Financial Services,Banks—Regional
1607,1378239,OMAB,Central North Airport Group,Industrials,Airports & Air Services
1608,1822479,SHC,Sotera Health Co,Healthcare,Diagnostics & Research
1609,1688568,DXC,DXC Technology Co,Technology,Information Technology Services
1610,1000753,NSP,"INSPERITY, INC.",Industrials,Staffing & Employment Services
1611,1694028,LBRT,Liberty Energy Inc.,Energy,Oil & Gas Equipment & Services
1612,1604481,EURN,Euronav NV,Energy,Oil & Gas Midstream
1613,719413,HL,HECLA MINING CO/DE/,Basic Materials,Other Precious Metals & Mining
1614,1836470,SRAD,Sportradar Group AG,Technology,Software—Application
1615,918608,EGO,ELDORADO GOLD CORP /FI,Basic Materials,Gold
1616,1108426,PNM,PNM RESOURCES INC,Utilities,Utilities—Regulated Electric
1617,30697,WEN,Wendy's Co,Consumer Cyclical,Restaurants
1618,1621434,BSM,"Black Stone Minerals, L.P.",Energy,Oil & Gas E&P
1619,1780312,ASTS,"AST SpaceMobile, Inc.",Technology,Communication Equipment
1620,1299709,AX,"Axos Financial, Inc.",Financial Services,Banks—Regional
1621,1981792,HHH,Howard Hughes Holdings Inc.,Real Estate,Real Estate—Diversified
1622,1012019,RUSHA,RUSH ENTERPRISES INC \TX\,Consumer Cyclical,Auto & Truck Dealerships
1623,816761,TDC,TERADATA CORP /DE/,Technology,Software—Infrastructure
1624,1835539,OLK,Olink Holding AB (publ),Healthcare,Diagnostics & Research
1625,886977,MEOH,METHANEX CORP,Basic Materials,Chemicals
1626,785956,JJSF,J&J SNACK FOODS CORP,Consumer Defensive,Packaged Foods
1627,1497770,WD,"Walker & Dunlop, Inc.",Financial Services,Mortgage Finance
1628,711377,NEOG,NEOGEN CORP,Healthcare,Diagnostics & Research
1629,1049659,SID,NATIONAL STEEL CO,Basic Materials,Steel
1630,1459200,ALRM,"Alarm.com Holdings, Inc.",Technology,Software—Application
1631,1741530,QFIN,"Qifu Technology, Inc.",Financial Services,Credit Services
1632,1648257,HCM,HUTCHMED (China) Ltd,Healthcare,Drug Manufacturers—Specialty & Generic
1633,25445,CXT,"Crane NXT, Co.",Industrials,Specialty Industrial Machinery
1634,896262,AMED,AMEDISYS INC,Healthcare,Medical Care Facilities
1635,1929561,RXO,"RXO, Inc.",Industrials,Trucking
1636,1564538,GRP-UN,GRANITE REAL ESTATE INVESTMENT TRUST,Real Estate,REIT—Industrial
1637,879407,ARWR,"ARROWHEAD PHARMACEUTICALS, INC.",Healthcare,Biotechnology
1638,871763,MAN,ManpowerGroup Inc.,Industrials,Staffing & Employment Services
1639,1086600,ARLP,ALLIANCE RESOURCE PARTNERS LP,Energy,Thermal Coal
1640,1600438,GMS,GMS Inc.,Industrials,Building Products & Equipment
1641,913241,SHOO,"STEVEN MADDEN, LTD.",Consumer Cyclical,Footwear & Accessories
1642,1045450,EPR,EPR PROPERTIES,Real Estate,REIT—Specialty
1643,1424182,BNL,"Broadstone Net Lease, Inc.",Real Estate,REIT—Diversified
1644,1394832,ATS,ATS Corp /ATS,Industrials,Specialty Industrial Machinery
1645,310142,SXT,SENSIENT TECHNOLOGIES CORP,Basic Materials,Specialty Chemicals
1646,1418819,IRDM,Iridium Communications Inc.,Communication Services,Telecom Services
1647,1829726,TFPM,Triple Flag Precious Metals Corp.,Basic Materials,Other Precious Metals & Mining
1648,1670592,YETI,"YETI Holdings, Inc.",Consumer Cyclical,Leisure
1649,1061630,BXMT,"BLACKSTONE MORTGAGE TRUST, INC.",Real Estate,REIT—Mortgage
1650,1389050,AROC,"Archrock, Inc.",Energy,Oil & Gas Equipment & Services
1651,7789,ASB,ASSOCIATED BANC-CORP,Financial Services,Banks—Regional
1652,746598,BRC,BRADY CORP,Industrials,Security & Protection Services
1653,1088856,CORT,CORCEPT THERAPEUTICS INC,Healthcare,Biotechnology
1654,1001316,TGTX,"TG THERAPEUTICS, INC.",Healthcare,Biotechnology
1655,745308,JOE,ST JOE Co,Real Estate,Real Estate—Diversified
1656,1935979,BHVN,Biohaven Ltd.,Healthcare,Biotechnology
1657,1361658,TNL,Travel & Leisure Co.,Consumer Cyclical,Travel Services
1658,16160,CALM,CAL-MAINE FOODS INC,Consumer Defensive,Farm Products
1659,771497,ABM,ABM INDUSTRIES INC /DE/,Industrials,Specialty Business Services
1660,1570827,VCTR,"Victory Capital Holdings, Inc.",Financial Services,Asset Management
1661,717954,UNF,UNIFIRST CORP,Industrials,Specialty Business Services
1662,1069258,KTOS,"KRATOS DEFENSE & SECURITY SOLUTIONS, INC.",Industrials,Aerospace & Defense
1663,1868941,FLNC,"Fluence Energy, Inc.",Utilities,Utilities—Renewable
1664,1677576,IIPR,INNOVATIVE INDUSTRIAL PROPERTIES INC,Real Estate,REIT—Industrial
1665,1405495,IDCC,"InterDigital, Inc.",Technology,Software—Application
1666,50725,GFF,GRIFFON CORP,Industrials,Conglomerates
1667,23194,CRK,COMSTOCK RESOURCES INC,Energy,Oil & Gas E&P
1668,1638833,SGRY,"Surgery Partners, Inc.",Healthcare,Medical Care Facilities
1669,1820872,GBTG,"Global Business Travel Group, Inc.",Technology,Software—Application
1670,42582,GT,GOODYEAR TIRE & RUBBER CO /OH/,Consumer Cyclical,Auto Parts
1671,1178879,FOLD,"AMICUS THERAPEUTICS, INC.",Healthcare,Biotechnology
1672,1786205,ACLX,"Arcellx, Inc.",Healthcare,Biotechnology
1673,103730,VSH,VISHAY INTERTECHNOLOGY INC,Technology,Semiconductors
1674,1288847,FIVN,"Five9, Inc.",Technology,Software—Infrastructure
1675,806628,DNP,DNP SELECT INCOME FUND INC,Financial Services,Asset Management
1676,1224608,CNO,"CNO Financial Group, Inc.",Financial Services,Insurance—Life
1677,104889,GHC,Graham Holdings Co,Consumer Defensive,Education & Training Services
1678,1054905,IOSP,INNOSPEC INC.,Basic Materials,Specialty Chemicals
1679,1984060,AESI,Atlas Energy Solutions Inc.,Energy,Oil & Gas Equipment & Services
1680,700564,FULT,FULTON FINANCIAL CORP,Financial Services,Banks—Regional
1681,1617406,PK,Park Hotels & Resorts Inc.,Real Estate,REIT—Hotel & Motel
1682,1164863,NPO,Enpro Inc.,Industrials,Specialty Industrial Machinery
1683,877860,NHI,NATIONAL HEALTH INVESTORS INC,Real Estate,REIT—Healthcare Facilities
1684,894315,SITC,SITE Centers Corp.,Real Estate,REIT—Retail
1685,1714899,DNLI,Denali Therapeutics Inc.,Healthcare,Biotechnology
1686,81362,KWR,QUAKER CHEMICAL CORP,Basic Materials,Specialty Chemicals
1687,1057706,FBP,FIRST BANCORP /PR/,Financial Services,Banks—Regional
1688,1582961,DOCN,"DigitalOcean Holdings, Inc.",Technology,Software—Infrastructure
1689,921738,PENN,"PENN Entertainment, Inc.",Consumer Cyclical,Resorts & Casinos
1690,105132,WDFC,WD 40 CO,Basic Materials,Specialty Chemicals
1691,1338749,PCH,POTLATCHDELTIC CORP,Real Estate,REIT—Specialty
1692,1993004,NWE,"NorthWestern Energy Group, Inc.",Utilities,Utilities—Regulated Electric
1693,1582313,XENE,Xenon Pharmaceuticals Inc.,Healthcare,Biotechnology
1694,88121,SEB,SEABOARD CORP /DE/,Industrials,Conglomerates
1695,1676725,IDYA,"IDEAYA Biosciences, Inc.",Healthcare,Biotechnology
1696,1531048,NARI,"Inari Medical, Inc.",Healthcare,Medical Devices
1697,1477720,ASAN,"Asana, Inc.",Technology,Software—Application
1698,1710366,CEIX,CONSOL Energy Inc.,Energy,Thermal Coal
1699,857855,UCBI,UNITED COMMUNITY BANKS INC,Financial Services,Banks—Regional
1700,1627272,OR,Osisko Gold Royalties LTD,Basic Materials,Gold
1701,883948,AUB,Atlantic Union Bankshares Corp,Financial Services,Banks—Regional
1702,1090633,IIJIY,INTERNET INITIATIVE JAPAN INC,Communication Services,Telecom Services
1703,1529274,ALKT,"ALKAMI TECHNOLOGY, INC.",Technology,Software—Application
1704,1469367,RUN,Sunrun Inc.,Technology,Solar
1705,1037676,ARCH,"ARCH RESOURCES, INC.",Basic Materials,Coking Coal
1706,1388658,IRTC,"iRhythm Technologies, Inc.",Healthcare,Medical Devices
1707,1381640,MLCO,Melco Resorts & Entertainment LTD,Consumer Cyclical,Resorts & Casinos
1708,1809519,GDRX,"GoodRx Holdings, Inc.",Healthcare,Health Information Services
1709,860546,CDP,COPT DEFENSE PROPERTIES,Real Estate,REIT—Office
1710,1666134,BL,"BLACKLINE, INC.",Technology,Software—Application
1711,1064728,BTU,PEABODY ENERGY CORP,Energy,Thermal Coal
1712,703351,EAT,"BRINKER INTERNATIONAL, INC",Consumer Cyclical,Restaurants
1713,1581280,TWST,Twist Bioscience Corp,Healthcare,Diagnostics & Research
1714,883984,ICUI,ICU MEDICAL INC/DE,Healthcare,Medical Instruments & Supplies
1715,64996,MCY,MERCURY GENERAL CORP,Financial Services,Insurance—Property & Casualty
1716,899715,SKT,TANGER INC.,Real Estate,REIT—Retail
1717,1336917,UAA,"Under Armour, Inc.",Consumer Cyclical,Apparel Manufacturing
1718,895419,WOLF,"WOLFSPEED, INC.",Technology,Semiconductors
1719,1834048,ASAI,Sendas Distributor S.A.,Consumer Defensive,Grocery Stores
1720,1157408,LRN,"Stride, Inc.",Consumer Defensive,Education & Training Services
1721,860413,FIBK,FIRST INTERSTATE BANCSYSTEM INC,Financial Services,Banks—Regional
1723,1524358,VAC,MARRIOTT VACATIONS WORLDWIDE Corp,Consumer Cyclical,Resorts & Casinos
1724,913059,BBAR,Banco BBVA Argentina S.A.,Financial Services,Banks—Regional
1725,1048268,IESC,"IES Holdings, Inc.",Industrials,Engineering & Construction
1726,1821586,MLTX,MoonLake Immunotherapeutics,Healthcare,Biotechnology
1727,1637873,ACVA,ACV Auctions Inc.,Consumer Cyclical,Auto & Truck Dealerships
1728,1828318,ENVX,Enovix Corp,Industrials,Electrical Equipment & Parts
1729,1111335,VC,VISTEON CORP,Consumer Cyclical,Auto Parts
1730,78749,AGYS,AGILYSYS INC,Technology,Software—Application
1731,1773427,SWTX,"SpringWorks Therapeutics, Inc.",Healthcare,Biotechnology
1732,921082,HIW,"HIGHWOODS PROPERTIES, INC.",Real Estate,REIT—Office
1733,1433660,JBT,John Bean Technologies CORP,Industrials,Specialty Industrial Machinery
1734,278166,CVCO,CAVCO INDUSTRIES INC.,Consumer Cyclical,Residential Construction
1736,1828365,RLX,RLX Technology Inc.,Consumer Defensive,Tobacco
1737,1070494,ACAD,ACADIA PHARMACEUTICALS INC,Healthcare,Biotechnology
1738,1714174,BUR,Burford Capital Ltd,Financial Services,Asset Management
1739,1279495,BTE,BAYTEX ENERGY CORP.,Energy,Oil & Gas E&P
1740,760498,BANF,BANCFIRST CORP /OK/,Financial Services,Banks—Regional
1741,1158324,CCOI,"COGENT COMMUNICATIONS HOLDINGS, INC.",Communication Services,Telecom Services
1742,1350593,MWA,"Mueller Water Products, Inc.",Industrials,Specialty Industrial Machinery
1743,1718227,ROAD,"Construction Partners, Inc.",Industrials,Engineering & Construction
1744,1077428,TCBI,TEXAS CAPITAL BANCSHARES INC/TX,Financial Services,Banks—Regional
1745,1679049,INSW,"International Seaways, Inc.",Energy,Oil & Gas Midstream
1746,1253986,ABR,ARBOR REALTY TRUST INC,Real Estate,REIT—Mortgage
1747,1340243,MOR,MorphoSys AG,Healthcare,Biotechnology
1748,1035201,CWT,CALIFORNIA WATER SERVICE GROUP,Utilities,Utilities—Regulated Water
1749,785786,PLXS,PLEXUS CORP,Technology,Electronic Components
1750,933974,AZTA,"Azenta, Inc.",Healthcare,Medical Instruments & Supplies
1751,1679363,MORF,"Morphic Holding, Inc.",Healthcare,Biotechnology
1752,1756770,CURLF,"Curaleaf Holdings, Inc.",Healthcare,Drug Manufacturers—Specialty & Generic
1753,874499,GPOR,GULFPORT ENERGY CORP,Energy,Oil & Gas E&P
1754,1522540,MQ,"Marqeta, Inc.",Technology,Software—Infrastructure
1755,1717393,CAAP,CORPORACION AMERICA AIRPORTS S.A.,Industrials,Airports & Air Services
1756,1477815,SG,"Sweetgreen, Inc.",Consumer Cyclical,Restaurants
1757,1547903,NMIH,"NMI Holdings, Inc.",Financial Services,Insurance—Specialty
1758,1368514,ADMA,"ADMA BIOLOGICS, INC.",Healthcare,Biotechnology
1759,1828016,PLTK,Playtika Holding Corp.,Communication Services,Electronic Gaming & Multimedia
1760,1664703,BE,Bloom Energy Corp,Industrials,Electrical Equipment & Parts
1761,828944,WSFS,WSFS FINANCIAL CORP,Financial Services,Banks—Regional
1762,1740332,REZI,"RESIDEO TECHNOLOGIES, INC.",Industrials,Industrial Distribution
1763,1522727,USAC,"USA Compression Partners, LP",Energy,Oil & Gas Equipment & Services
1764,1275214,CSQ,CALAMOS STRATEGIC TOTAL RETURN FUND,Financial Services,Asset Management
1765,43920,GEF,"GREIF, INC",Consumer Cyclical,Packaging & Containers
1766,1877787,ZGN,Ermenegildo Zegna N.V.,Consumer Cyclical,Apparel Manufacturing
1767,1639691,LIVN,LivaNova PLC,Healthcare,Medical Devices
1768,1161728,MGEE,MGE ENERGY INC,Utilities,Utilities—Regulated Electric
1769,1541401,ESRT,"Empire State Realty Trust, Inc.",Real Estate,REIT—Diversified
1770,1795139,GTBIF,Green Thumb Industries Inc.,Healthcare,Drug Manufacturers—Specialty & Generic
1771,1083839,NAD,Nuveen Quality Municipal Income Fund,Financial Services,Asset Management
1772,1685040,BHF,"Brighthouse Financial, Inc.",Financial Services,Insurance—Life
1773,1438133,TNDM,TANDEM DIABETES CARE INC,Healthcare,Medical Devices
1774,1071438,BAK,BRASKEM SA,Basic Materials,Chemicals
1775,1856314,YOU,"Clear Secure, Inc.",Technology,Software—Application
1776,1056288,FHI,"FEDERATED HERMES, INC.",Financial Services,Asset Management
1777,2230,ADX,"ADAMS DIVERSIFIED EQUITY FUND, INC.",Financial Services,Asset Management
1778,1651717,NOMD,Nomad Foods Ltd,Consumer Defensive,Packaged Foods
1779,886744,GERN,GERON CORP,Healthcare,Biotechnology
1780,1517302,APAM,Artisan Partners Asset Management Inc.,Financial Services,Asset Management
1781,866706,ESE,ESCO TECHNOLOGIES INC,Technology,Scientific & Technical Instruments
1782,1757073,NVST,Envista Holdings Corp,Healthcare,Medical Instruments & Supplies
1783,1386716,SBLK,Star Bulk Carriers Corp.,Industrials,Marine Shipping
1784,1649904,RYTM,"RHYTHM PHARMACEUTICALS, INC.",Healthcare,Biotechnology
1785,910108,LXP,LXP Industrial Trust,Real Estate,REIT—Industrial
1786,1856485,SLVM,Sylvamo Corp,Basic Materials,Paper & Paper Products
1787,1563411,CSTM,CONSTELLIUM SE,Basic Materials,Aluminum
1788,1056903,AWR,AMERICAN STATES WATER CO,Utilities,Utilities—Regulated Water
1789,868780,DORM,"Dorman Products, Inc.",Consumer Cyclical,Auto Parts
1790,1615903,IFS,Intercorp Financial Services Inc.,Financial Services,Banks—Regional
1791,1549107,MANU,Manchester United plc,Communication Services,Entertainment
1792,1417398,HI,"Hillenbrand, Inc.",Industrials,Specialty Industrial Machinery
1793,103145,VECO,VEECO INSTRUMENTS INC,Technology,Semiconductor Equipment & Materials
1794,1329394,SIMO,Silicon Motion Technology CORP,Technology,Semiconductors
1795,1864163,INTR,"Inter & Co, Inc.",Financial Services,Banks—Regional
1796,56978,KLIC,KULICKE & SOFFA INDUSTRIES INC,Technology,Semiconductor Equipment & Materials
1797,1834622,HAYW,"Hayward Holdings, Inc.",Industrials,Electrical Equipment & Parts
1798,1978954,TBBB,BBB FOODS INC,Consumer Defensive,Discount Stores
1799,36377,FHB,"FIRST HAWAIIAN, INC.",Financial Services,Banks—Regional
1800,861842,CATY,CATHAY GENERAL BANCORP,Financial Services,Banks—Regional
1801,1551306,PGNY,"Progyny, Inc.",Healthcare,Health Information Services
1802,1834488,NABL,"N-able, Inc.",Technology,Information Technology Services
1803,885590,BHC,Bausch Health Companies Inc.,Healthcare,Drug Manufacturers—Specialty & Generic
1804,1013934,STRA,"Strategic Education, Inc.",Consumer Defensive,Education & Training Services
1805,1969373,VTMX,"Vesta Real Estate Corporation, S.A.B. de C.V.",Real Estate,Real Estate—Development
1806,104918,AVA,AVISTA CORP,Utilities,Utilities—Diversified
1807,1385280,CNK,"Cinemark Holdings, Inc.",Communication Services,Entertainment
1808,1997859,WBTN,WEBTOON Entertainment Inc.,Technology,Software—Application
1809,1029145,GOGL,Golden Ocean Group Ltd,Industrials,Marine Shipping
1810,1364250,DEI,Douglas Emmett Inc,Real Estate,REIT—Office
1811,1811414,QS,QuantumScape Corp,Consumer Cyclical,Auto Parts
1812,1090116,NVG,Nuveen AMT-Free Municipal Credit Income Fund,Financial Services,Asset Management
1813,1085869,PRFT,PERFICIENT INC,Technology,Information Technology Services
1814,891014,MTX,MINERALS TECHNOLOGIES INC,Basic Materials,Specialty Chemicals
1815,1276520,GNW,GENWORTH FINANCIAL INC,Financial Services,Insurance—Life
1816,1379438,EXG,Eaton Vance Tax-Managed Global Diversified Equity Income Fund,Financial Services,Asset Management
1817,1167419,RIOT,"Riot Platforms, Inc.",Financial Services,Capital Markets
1818,1494259,CARG,"CarGurus, Inc.",Consumer Cyclical,Auto & Truck Dealerships
1819,837465,MODG,Topgolf Callaway Brands Corp.,Consumer Cyclical,Leisure
1820,1853717,ATAT,Atour Lifestyle Holdings Ltd,Consumer Cyclical,Lodging
1821,1509991,KOS,Kosmos Energy Ltd.,Energy,Oil & Gas E&P
1822,1727263,FTDR,"Frontdoor, Inc.",Consumer Cyclical,Personal Services
1823,1361538,PRIM,Primoris Services Corp,Industrials,Engineering & Construction
1824,940942,HUBG,"Hub Group, Inc.",Industrials,Integrated Freight & Logistics
1825,1553079,ESBA,"Empire State Realty OP, L.P.",Real Estate,REIT—Office
1827,752714,MGRC,MCGRATH RENTCORP,Industrials,Rental & Leasing Services
1828,861459,GVA,GRANITE CONSTRUCTION INC,Industrials,Engineering & Construction
1829,1504764,AVAL,Grupo Aval Acciones Y Valores S.A.,Financial Services,Banks—Regional
1830,1958140,BATRA,"Atlanta Braves Holdings, Inc.",Communication Services,Entertainment
1831,819793,AIN,ALBANY INTERNATIONAL CORP /DE/,Consumer Cyclical,Textile Manufacturing
1832,1591587,AMK,"AssetMark Financial Holdings, Inc.",Financial Services,Asset Management
1833,1750,AIR,AAR CORP,Industrials,Aerospace & Defense
1834,925261,AKO-A,ANDINA BOTTLING CO INC,Consumer Defensive,Beverages—Non-Alcoholic
1835,1601072,AY,Atlantica Sustainable Infrastructure plc,Utilities,Utilities—Renewable
1836,1384905,RNG,"RingCentral, Inc.",Technology,Software—Application
1837,1858257,AVDX,"AvidXchange Holdings, Inc.",Technology,Software—Infrastructure
1838,1576940,CCS,"Century Communities, Inc.",Consumer Cyclical,Residential Construction
1839,730464,ATGE,Adtalem Global Education Inc.,Consumer Defensive,Education & Training Services
1840,1287865,MPW,MEDICAL PROPERTIES TRUST INC,Real Estate,REIT—Healthcare Facilities
1841,1809987,MIR,"Mirion Technologies, Inc.",Industrials,Specialty Industrial Machinery
1842,1628369,CWK,Cushman & Wakefield plc,Real Estate,Real Estate Services
1843,1565687,INTA,"Intapp, Inc.",Technology,Software—Application
1844,1530804,TROX,Tronox Holdings plc,Basic Materials,Chemicals
1845,1356570,WNS,WNS (HOLDINGS) LTD,Technology,Information Technology Services
1846,1575828,XPRO,EXPRO GROUP HOLDINGS N.V.,Energy,Oil & Gas Equipment & Services
1847,1692787,KNTK,Kinetik Holdings Inc.,Energy,Oil & Gas Midstream
1848,1569345,CXM,"Sprinklr, Inc.",Technology,Software—Application
1849,1373670,GRBK,"Green Brick Partners, Inc.",Consumer Cyclical,Residential Construction
1850,1376139,CVI,CVR ENERGY INC,Energy,Oil & Gas Refining & Marketing
1851,1543726,NHNKY,Nihon Kohden Corporation/ADR,Healthcare,Medical Devices
1852,1819994,RKLB,"Rocket Lab USA, Inc.",Industrials,Aerospace & Defense
1853,1690680,NMRK,"NEWMARK GROUP, INC.",Real Estate,Real Estate Services
1854,885639,KSS,KOHLS Corp,Consumer Cyclical,Department Stores
1855,215466,CDE,"Coeur Mining, Inc.",Basic Materials,Gold
1856,1526520,TRIP,"TripAdvisor, Inc.",Consumer Cyclical,Travel Services
1857,1603145,NEP,"NEXTERA ENERGY PARTNERS, LP",Utilities,Utilities—Renewable
1858,763744,LCII,LCI INDUSTRIES,Consumer Cyclical,Recreational Vehicles
1859,1560327,RPD,"Rapid7, Inc.",Technology,Software—Infrastructure
1860,1679688,DBRG,"DigitalBridge Group, Inc.",Real Estate,Real Estate Services
1861,894405,ARCB,ARCBEST CORP /DE/,Industrials,Trucking
1862,1070081,PTCT,"PTC THERAPEUTICS, INC.",Healthcare,Biotechnology
1863,723188,CBU,"COMMUNITY FINANCIAL SYSTEM, INC.",Financial Services,Banks—Regional
1864,1782170,RELY,"Remitly Global, Inc.",Technology,Software—Infrastructure
1865,1534675,TGLS,Tecnoglass Inc.,Basic Materials,Building Materials
1866,1810546,EBC,"Eastern Bankshares, Inc.",Financial Services,Banks—Regional
1867,1280263,AMBA,AMBARELLA INC,Technology,Semiconductor Equipment & Materials
1868,1345016,YELP,YELP INC,Communication Services,Internet Content & Information
1869,1362004,ICFI,"ICF International, Inc.",Industrials,Consulting Services
1870,1815442,KYMR,"Kymera Therapeutics, Inc.",Healthcare,Biotechnology
1871,73756,OII,OCEANEERING INTERNATIONAL INC,Energy,Oil & Gas Equipment & Services
1872,1275014,UCTT,"Ultra Clean Holdings, Inc.",Technology,Semiconductor Equipment & Materials
1873,744218,CLDX,"Celldex Therapeutics, Inc.",Healthcare,Biotechnology
1874,1334933,UEC,URANIUM ENERGY CORP,Energy,Uranium
1875,1110452,AFLYY,AIR FRANCE-KLM /FI,Industrials,Airlines
1876,1439222,AGIO,"AGIOS PHARMACEUTICALS, INC.",Healthcare,Biotechnology
1877,1041803,PSMT,PRICESMART INC,Consumer Defensive,Discount Stores
1878,1084048,ZD,"ZIFF DAVIS, INC.",Communication Services,Advertising Agencies
1879,814453,NWL,NEWELL BRANDS INC.,Consumer Defensive,Household & Personal Products
1880,1781755,BWIN,"Baldwin Insurance Group, Inc.",Financial Services,Insurance Brokers
1881,1579877,OUT,OUTFRONT Media Inc.,Real Estate,REIT—Specialty
1882,1366868,GSAT,"Globalstar, Inc.",Communication Services,Telecom Services
1883,107140,WLY,"JOHN WILEY & SONS, INC.",Communication Services,Publishing
1884,1649313,BWLP,BW LPG Ltd,Industrials,Marine Shipping
1885,1216583,JPC,Nuveen Preferred & Income Opportunities Fund,Financial Services,Asset Management
1886,1854587,CLBT,Cellebrite DI Ltd.,Technology,Software—Infrastructure
1887,1878848,IREN,Iris Energy Ltd,Financial Services,Capital Markets
1888,1420800,ENOV,Enovis CORP,Industrials,Specialty Industrial Machinery
1889,1137887,NZF,Nuveen Municipal Credit Income Fund,Financial Services,Asset Management
1890,19745,CPK,CHESAPEAKE UTILITIES CORP,Utilities,Utilities—Regulated Gas
1891,1831097,AGL,"agilon health, inc.",Healthcare,Medical Care Facilities
1894,76605,PATK,PATRICK INDUSTRIES INC,Consumer Cyclical,"Furnishings, Fixtures & Appliances"
1895,354647,CVBF,CVB FINANCIAL CORP,Financial Services,Banks—Regional
1896,913760,SNEX,StoneX Group Inc.,Financial Services,Capital Markets
1897,39899,TGNA,TEGNA INC,Communication Services,Broadcasting
1898,99780,TRN,TRINITY INDUSTRIES INC,Industrials,Railroads
1899,1921963,ATMU,Atmus Filtration Technologies Inc.,Industrials,Pollution & Treatment Controls
1900,1801368,MP,MP Materials Corp. / DE,Basic Materials,Other Industrial Metals & Mining
1901,1526125,GDS,GDS Holdings Ltd,Technology,Information Technology Services
1902,1581760,LIF,"Life360, Inc.",Technology,Software—Application
1903,1051512,TDS,TELEPHONE & DATA SYSTEMS INC /DE/,Communication Services,Telecom Services
1904,1825088,DFH,"Dream Finders Homes, Inc.",Consumer Cyclical,Residential Construction
1905,1654126,ZIM,ZIM Integrated Shipping Services Ltd.,Industrials,Marine Shipping
1906,805676,PRK,PARK NATIONAL CORP /OH/,Financial Services,Banks—Regional
1907,1839439,PYCR,"PAYCOR HCM, INC.",Technology,Software—Application
1908,1611547,UE,Urban Edge Properties,Real Estate,REIT—Retail
1909,1203464,IAG,IAMGOLD CORP,Basic Materials,Gold
1910,1039065,OSIS,OSI SYSTEMS INC,Technology,Electronic Components
1911,936528,WAFD,WAFD INC,Financial Services,Banks—Regional
1912,914156,UFPT,UFP TECHNOLOGIES INC,Healthcare,Medical Devices
1913,876167,PRGS,PROGRESS SOFTWARE CORP /MA,Technology,Software—Infrastructure
1914,1853860,ERO,Ero Copper Corp.,Basic Materials,Copper
1915,1287032,PSEC,PROSPECT CAPITAL CORP,Financial Services,Asset Management
1916,1846832,DLO,dLocal Ltd,Technology,Software—Infrastructure
1917,1210677,FA,FIRST ADVANTAGE CORP,Industrials,Specialty Business Services
1918,1841156,PAY,"Paymentus Holdings, Inc.",Technology,Software—Infrastructure
1919,1819516,UP,Wheels Up Experience Inc.,Industrials,Airports & Air Services
1920,1907085,ODD,Oddity Tech Ltd,Technology,Software—Infrastructure
1921,899923,MYGN,MYRIAD GENETICS INC,Healthcare,Diagnostics & Research
1922,1441683,APPN,APPIAN CORP,Technology,Software—Infrastructure
1923,109177,SPB,"Spectrum Brands Holdings, Inc.",Consumer Defensive,Household & Personal Products
1924,1974640,APGE,"Apogee Therapeutics, Inc.",Healthcare,Biotechnology
1925,1101215,BFH,"BREAD FINANCIAL HOLDINGS, INC.",Financial Services,Credit Services
1926,1650132,FCPT,"Four Corners Property Trust, Inc.",Real Estate,REIT—Retail
1927,917520,IART,INTEGRA LIFESCIENCES HOLDINGS CORP,Healthcare,Medical Devices
1928,912766,LAUR,"LAUREATE EDUCATION, INC.",Consumer Defensive,Education & Training Services
1929,46195,BOH,BANK OF HAWAII CORP,Financial Services,Banks—Regional
1930,1576427,CRTO,Criteo S.A.,Communication Services,Advertising Agencies
1931,1406666,CALX,"CALIX, INC",Technology,Software—Infrastructure
1932,1888886,GPCR,Structure Therapeutics Inc.,Healthcare,Biotechnology
1933,8947,AZZ,AZZ INC,Industrials,Specialty Business Services
1934,1978867,CDLR,Cadeler A/S,Industrials,Engineering & Construction
1935,1060822,CRI,CARTERS INC,Consumer Cyclical,Apparel Retail
1936,1263994,UTG,REAVES UTILITY INCOME FUND,Financial Services,Asset Management
1937,1340736,ETY,Eaton Vance Tax-Managed Diversified Equity Income Fund,Financial Services,Asset Management
1938,1827090,CERT,"Certara, Inc.",Healthcare,Health Information Services
1939,1111485,RXST,"RxSight, Inc.",Healthcare,Medical Devices
1940,1275617,UTF,COHEN & STEERS INFRASTRUCTURE FUND INC,Financial Services,Asset Management
1941,1262976,CMPR,CIMPRESS plc,Industrials,Specialty Business Services
1942,700923,MYRG,MYR GROUP INC.,Industrials,Engineering & Construction
1943,1756607,EQX,Equinox Gold Corp.,Basic Materials,Gold
1944,850209,FL,"FOOT LOCKER, INC.",Consumer Cyclical,Apparel Retail
1945,1190935,PTY,PIMCO CORPORATE & INCOME OPPORTUNITY FUND,Financial Services,Asset Management
1946,887359,VCEL,Vericel Corp,Healthcare,Biotechnology
1947,1570187,OSTIY,Osterreichische Post AG ADR,Industrials,Integrated Freight & Logistics
1948,1504008,BKU,"BankUnited, Inc.",Financial Services,Banks—Regional
1949,84748,ROG,ROGERS CORP,Technology,Electronic Components
1950,1455633,PEGRY,Pennon Group Plc / ADR,Utilities,Utilities—Regulated Water
1951,887733,CENT,CENTRAL GARDEN & PET CO,Consumer Defensive,Packaged Foods
1952,1419945,TNK,TEEKAY TANKERS LTD.,Energy,Oil & Gas Midstream
1953,1767042,KGS,"Kodiak Gas Services, Inc.",Energy,Oil & Gas Equipment & Services
1954,90498,SFNC,SIMMONS FIRST NATIONAL CORP,Financial Services,Banks—Regional
1955,1628908,EVH,"Evolent Health, Inc.",Healthcare,Health Information Services
1956,88941,SMTC,SEMTECH CORP,Technology,Semiconductors
1957,1104657,MTRN,MATERION Corp,Basic Materials,Other Industrial Metals & Mining
1958,1820144,GRND,Grindr Inc.,Technology,Software—Application
1959,108516,WOR,"WORTHINGTON ENTERPRISES, INC.",Industrials,Metal Fabrication
1960,793074,WERN,WERNER ENTERPRISES INC,Industrials,Trucking
1961,1721947,JAMF,Jamf Holding Corp.,Technology,Software—Application
1962,1848763,RNW,ReNew Energy Global plc,Utilities,Utilities—Renewable
1963,1616318,VSTO,Vista Outdoor Inc.,Consumer Cyclical,Leisure
1964,888746,CCU,UNITED BREWERIES CO INC,Consumer Defensive,Beverages—Brewers
1965,1991792,CGON,"CG Oncology, Inc.",Healthcare,Biotechnology
1966,1835591,VZIO,Vizio Holding Corp.,Technology,Consumer Electronics
1967,1652130,NTLA,"Intellia Therapeutics, Inc.",Healthcare,Biotechnology
1968,1770787,TXG,"10x Genomics, Inc.",Healthcare,Health Information Services
1969,1771515,GO,Grocery Outlet Holding Corp.,Consumer Defensive,Grocery Stores
1970,1817713,JANX,"Janux Therapeutics, Inc.",Healthcare,Biotechnology
1971,1425205,IOVA,"IOVANCE BIOTHERAPEUTICS, INC.",Healthcare,Biotechnology
1972,1823306,LSPD,Lightspeed Commerce Inc.,Technology,Software—Application
1973,1724965,TALO,TALOS ENERGY INC.,Energy,Oil & Gas E&P
1974,1726978,GSHD,"Goosehead Insurance, Inc.",Financial Services,Insurance—Diversified
1975,1028918,PPBI,PACIFIC PREMIER BANCORP INC,Financial Services,Banks—Regional
1976,1468328,ADUS,Addus HomeCare Corp,Healthcare,Medical Care Facilities
1977,1670541,ADNT,Adient plc,Consumer Cyclical,Auto Parts
1978,1866175,CRGY,Crescent Energy Co,Energy,Oil & Gas E&P
1979,1840572,BOWL,Bowlero Corp.,Consumer Cyclical,Leisure
1981,1723128,AMRX,"Amneal Pharmaceuticals, Inc.",Healthcare,Drug Manufacturers—Specialty & Generic
1982,48287,HNI,HNI CORP,Industrials,Business Equipment & Supplies
1983,1710072,EWTX,"Edgewise Therapeutics, Inc.",Healthcare,Biotechnology
1984,708955,FFBC,FIRST FINANCIAL BANCORP /OH/,Financial Services,Banks—Regional
1985,1804745,DRVN,Driven Brands Holdings Inc.,Consumer Cyclical,Auto & Truck Dealerships
1986,1647639,UPST,"Upstart Holdings, Inc.",Financial Services,Credit Services
1987,733269,RAMP,"LiveRamp Holdings, Inc.",Technology,Software—Infrastructure
1988,98677,TR,TOOTSIE ROLL INDUSTRIES INC,Consumer Defensive,Confectioners
1989,1169770,BANC,"BANC OF CALIFORNIA, INC.",Financial Services,Banks—Regional
1990,1144800,TAC,TRANSALTA CORP,Utilities,Utilities—Independent Power Producers
1991,1875444,ARHS,"Arhaus, Inc.",Consumer Cyclical,Home Improvement Retail
1992,1530238,YY,JOYY Inc.,Communication Services,Internet Content & Information
1993,1853513,MCW,"Mister Car Wash, Inc.",Consumer Cyclical,Personal Services
1994,1295810,SHO,"Sunstone Hotel Investors, Inc.",Real Estate,REIT—Hotel & Motel
1995,1580560,FLYW,Flywire Corp,Technology,Software—Infrastructure
1996,718937,STAA,STAAR SURGICAL CO,Healthcare,Medical Instruments & Supplies
1997,1845815,PAYO,Payoneer Global Inc.,Technology,Software—Infrastructure
1998,912562,ROCK,"GIBRALTAR INDUSTRIES, INC.",Industrials,Building Products & Equipment
1999,1974138,NATL,NCR Atleos Corp,Technology,Software—Application
2000,1260729,GDV,GABELLI DIVIDEND & INCOME TRUST,Financial Services,Asset Management
2001,776901,INDB,INDEPENDENT BANK CORP,Financial Services,Banks—Regional
2002,803649,EQC,Equity Commonwealth,Real Estate,REIT—Office
2003,6955,EPAC,ENERPAC TOOL GROUP CORP,Industrials,Specialty Industrial Machinery
2004,1595761,WB,WEIBO Corp,Communication Services,Internet Content & Information
2005,1576018,SPNT,SiriusPoint Ltd,Financial Services,Insurance—Reinsurance
2006,1845097,AMBP,Ardagh Metal Packaging S.A.,Consumer Cyclical,Packaging & Containers
2007,1965040,FTRE,Fortrea Holdings Inc.,Healthcare,Biotechnology
2008,923796,GEO,GEO GROUP INC,Industrials,Security & Protection Services
2009,891024,PDCO,"PATTERSON COMPANIES, INC.",Healthcare,Medical Distribution
2010,1580670,LGIH,"LGI Homes, Inc.",Consumer Cyclical,Residential Construction
2011,82020,USLM,UNITED STATES LIME & MINERALS INC,Basic Materials,Building Materials
2012,1377121,PTGX,"Protagonist Therapeutics, Inc",Healthcare,Biotechnology
2013,899629,AKR,ACADIA REALTY TRUST,Real Estate,REIT—Retail
2014,1761312,PLMR,"Palomar Holdings, Inc.",Financial Services,Insurance—Property & Casualty
2015,1295401,TBBK,"Bancorp, Inc.",Financial Services,Banks—Regional
2016,1632790,ENR,"ENERGIZER HOLDINGS, INC.",Industrials,Electrical Equipment & Parts
2017,70866,VYX,NCR Voyix Corp,Technology,Information Technology Services
2018,1612720,NEXT,NextDecade Corp.,Energy,Oil & Gas E&P
2019,9984,B,BARNES GROUP INC,Industrials,Specialty Industrial Machinery
2020,1853145,EVCM,EverCommerce Inc.,Technology,Software—Infrastructure
2021,1496919,MRRTY,MARFRIG GLOBAL FOODS S.A.,Consumer Defensive,Packaged Foods
2022,1116942,TTMI,TTM TECHNOLOGIES INC,Technology,Electronic Components
2023,1759655,PRVA,"Privia Health Group, Inc.",Healthcare,Health Information Services
2024,1568100,PD,"PagerDuty, Inc.",Technology,Software—Application
2025,1995807,LB,LandBridge Co LLC,Energy,Oil & Gas Equipment & Services
2026,1265131,HTH,Hilltop Holdings Inc.,Financial Services,Banks—Regional
2027,1508655,TSLX,"Sixth Street Specialty Lending, Inc.",Financial Services,Asset Management
2028,1906324,QDEL,QuidelOrtho Corp,Healthcare,Medical Devices
2029,1527508,PTVE,Pactiv Evergreen Inc.,Consumer Cyclical,Packaging & Containers
2030,730708,SBCF,SEACOAST BANKING CORP OF FLORIDA,Financial Services,Banks—Regional
2031,1508478,ARCO,Arcos Dorados Holdings Inc.,Consumer Cyclical,Restaurants
2033,1517375,SPT,"Sprout Social, Inc.",Technology,Software—Application
2034,1850270,PROK,PROKIDNEY CORP.,Healthcare,Biotechnology
2035,1620393,NXRT,"NexPoint Residential Trust, Inc.",Real Estate,REIT—Residential
2036,69633,NSSC,"NAPCO SECURITY TECHNOLOGIES, INC",Industrials,Security & Protection Services
2037,1793659,RSI,"Rush Street Interactive, Inc.",Consumer Cyclical,Gambling
2038,1380936,GOF,GUGGENHEIM STRATEGIC OPPORTUNITIES FUND,Financial Services,Asset Management
2039,1601830,RXRX,"RECURSION PHARMACEUTICALS, INC.",Healthcare,Biotechnology
2040,897077,ALG,ALAMO GROUP INC,Industrials,Farm & Heavy Construction Machinery
2041,1717161,CEPU,CENTRAL PUERTO S.A.,Utilities,Utilities—Regulated Electric
2042,816956,CNMD,CONMED Corp,Healthcare,Medical Devices
2043,885740,SPNS,SAPIENS INTERNATIONAL CORP N V,Technology,Software—Application
2044,1802665,HRMY,"Harmony Biosciences Holdings, Inc.",Healthcare,Biotechnology
2045,1745999,BEAM,Beam Therapeutics Inc.,Healthcare,Biotechnology
2046,1884082,PSNY,Polestar Automotive Holding UK PLC,Consumer Cyclical,Auto Manufacturers
2047,1093691,PLUG,PLUG POWER INC,Industrials,Electrical Equipment & Parts
2048,1735707,GTX,Garrett Motion Inc.,Consumer Cyclical,Auto Parts
2049,929351,LGF-A,LIONS GATE ENTERTAINMENT CORP /CN/,Communication Services,Entertainment
2050,1888447,EE,"Excelerate Energy, Inc.",Energy,Oil & Gas Midstream
2051,1883313,SVV,"Savers Value Village, Inc.",Consumer Cyclical,Specialty Retail
2052,1845257,LFST,"LifeStance Health Group, Inc.",Healthcare,Medical Care Facilities
2053,1579733,VITL,"Vital Farms, Inc.",Consumer Defensive,Farm Products
2054,1096752,EPC,EDGEWELL PERSONAL CARE Co,Consumer Defensive,Household & Personal Products
2055,1739942,SWI,SolarWinds Corp,Technology,Software—Infrastructure
2056,1831840,SEMR,"SEMrush Holdings, Inc.",Technology,Software—Application
2057,799195,USA,LIBERTY ALL STAR EQUITY FUND,Financial Services,Asset Management
2058,1158463,JBLU,JETBLUE AIRWAYS CORP,Industrials,Airlines
2059,1577916,PINC,"Premier, Inc.",Healthcare,Health Information Services
2060,1022408,PLUS,EPLUS INC,Technology,Software—Application
2061,1468091,VEON,VEON Ltd.,Communication Services,Telecom Services
2063,1636639,FIHL,Fidelis Insurance Holdings Ltd,Financial Services,Insurance—Diversified
2064,1831828,VERA,"Vera Therapeutics, Inc.",Healthcare,Biotechnology
2065,1595974,MGNI,"MAGNITE, INC.",Communication Services,Advertising Agencies
2066,712534,FRME,FIRST MERCHANTS CORP,Financial Services,Banks—Regional
2067,845877,AGM,FEDERAL AGRICULTURAL MORTGAGE CORP,Financial Services,Credit Services
2068,1320695,THS,"TreeHouse Foods, Inc.",Consumer Defensive,Packaged Foods
2069,1281895,RCKT,"ROCKET PHARMACEUTICALS, INC.",Healthcare,Biotechnology
2070,1825570,PAX,Patria Investments Ltd,Financial Services,Asset Management
2071,797721,VSAT,VIASAT INC,Technology,Communication Equipment
2072,1552797,DKL,"Delek Logistics Partners, LP",Energy,Oil & Gas Refining & Marketing
2073,1792849,HPK,"HighPeak Energy, Inc.",Energy,Oil & Gas E&P
2074,1629019,MBIN,Merchants Bancorp,Financial Services,Banks—Regional
2075,310354,SXI,STANDEX INTERNATIONAL CORP/DE/,Industrials,Specialty Industrial Machinery
2076,920112,HTLF,HEARTLAND FINANCIAL USA INC,Financial Services,Banks—Regional
2077,1671927,IMCR,Immunocore Holdings plc,Healthcare,Biotechnology
2078,1538379,IBTA,"Ibotta, Inc.",Technology,Software—Application
2079,887596,CAKE,CHEESECAKE FACTORY INC,Consumer Cyclical,Restaurants
2080,1539638,TFIN,"Triumph Financial, Inc.",Financial Services,Banks—Regional
2081,46250,HWKN,HAWKINS INC,Basic Materials,Specialty Chemicals
2082,1178970,PFS,PROVIDENT FINANCIAL SERVICES INC,Financial Services,Banks—Regional
2083,1564618,IBTX,"Independent Bank Group, Inc.",Financial Services,Banks—Regional
2084,1823239,MRVI,"MARAVAI LIFESCIENCES HOLDINGS, INC.",Healthcare,Biotechnology
2085,1395937,SNDX,Syndax Pharmaceuticals Inc,Healthcare,Biotechnology
2086,1980088,MNR,MACH NATURAL RESOURCES LP,Energy,Oil & Gas E&P
2087,1777921,AVPT,"AvePoint, Inc.",Technology,Software—Infrastructure
2088,1559865,EVTC,"EVERTEC, Inc.",Technology,Software—Infrastructure
2089,1865782,BTSG,"BrightSpring Health Services, Inc.",Healthcare,Health Information Services
2090,66382,MLKN,"MILLERKNOLL, INC.",Consumer Cyclical,"Furnishings, Fixtures & Appliances"
2091,1158895,LMAT,LEMAITRE VASCULAR INC,Healthcare,Medical Instruments & Supplies
2092,97134,TNC,TENNANT CO,Industrials,Specialty Industrial Machinery
2093,1166388,VRNT,VERINT SYSTEMS INC,Technology,Software—Infrastructure
2094,1968915,PHIN,PHINIA INC.,Consumer Cyclical,Auto Parts
2095,1922641,ENLT,Enlight Renewable Energy Ltd.,Utilities,Utilities—Renewable
2096,876883,STGW,Stagwell Inc,Communication Services,Advertising Agencies
2097,94049,SCL,STEPAN CO,Basic Materials,Specialty Chemicals
2098,1504776,WRBY,Warby Parker Inc.,Healthcare,Medical Instruments & Supplies
2100,1712184,LILA,Liberty Latin America Ltd.,Communication Services,Telecom Services
2101,1424929,FOXF,FOX FACTORY HOLDING CORP,Consumer Cyclical,Auto Parts
2102,1819796,GCMG,GCM Grosvenor Inc.,Financial Services,Asset Management
2103,1288469,MXL,"MAXLINEAR, INC",Technology,Semiconductors
2104,1308648,AG,FIRST MAJESTIC SILVER CORP,Basic Materials,Silver
2105,1632970,AHR,"American Healthcare REIT, Inc.",Real Estate,REIT—Healthcare Facilities
2106,885245,BKE,BUCKLE INC,Consumer Cyclical,Apparel Retail
2107,1369568,CPRX,"CATALYST PHARMACEUTICALS, INC.",Healthcare,Biotechnology
2108,1649749,FBK,FB Financial Corp,Financial Services,Banks—Regional
2109,814083,CLM,CORNERSTONE STRATEGIC VALUE FUND INC,Financial Services,Asset Management
2110,790359,NBTB,NBT BANCORP INC,Financial Services,Banks—Regional
2111,1503584,CMRE,Costamare Inc.,Industrials,Marine Shipping
2112,1632127,CABO,"Cable One, Inc.",Communication Services,Telecom Services
2113,1142750,AMN,AMN HEALTHCARE SERVICES INC,Healthcare,Medical Care Facilities
2114,1063259,DNN,DENISON MINES CORP.,Energy,Uranium
2116,1395942,KAR,"OPENLANE, Inc.",Consumer Cyclical,Auto & Truck Dealerships
2117,866829,HLX,HELIX ENERGY SOLUTIONS GROUP INC,Energy,Oil & Gas Equipment & Services
2119,1049521,MRCY,MERCURY SYSTEMS INC,Industrials,Aerospace & Defense
2120,1412558,EVO,Evotec SE,Healthcare,Drug Manufacturers—Specialty & Generic
2121,1941365,MBC,"MasterBrand, Inc.",Consumer Cyclical,"Furnishings, Fixtures & Appliances"
2122,1936258,NAMS,NewAmsterdam Pharma Co N.V.,Healthcare,Biotechnology
2123,1645113,NVCR,NovoCure Ltd,Healthcare,Medical Devices
2124,1297184,AMPH,"Amphastar Pharmaceuticals, Inc.",Healthcare,Drug Manufacturers—Specialty & Generic
2126,1655759,ARVN,"ARVINAS, INC.",Healthcare,Biotechnology
2127,812801,NUV,NUVEEN MUNICIPAL VALUE FUND INC,Financial Services,Asset Management
2128,1289877,SFL,SFL Corp Ltd.,Industrials,Marine Shipping
2129,1314727,SONO,Sonos Inc,Technology,Consumer Electronics
2130,1563190,COMP,"Compass, Inc.",Real Estate,Real Estate Services
2131,55242,KMT,KENNAMETAL INC,Industrials,Tools & Accessories
2132,1293613,KYN,"Kayne Anderson Energy Infrastructure Fund, Inc.",Financial Services,Asset Management
2133,1145986,ASPN,ASPEN AEROGELS INC,Industrials,Building Products & Equipment
2134,1839839,JBI,"Janus International Group, Inc.",Industrials,Building Products & Equipment
2135,1047335,NHC,NATIONAL HEALTHCARE CORP,Healthcare,Medical Care Facilities
2136,800166,NGD,New Gold Inc. /FI,Basic Materials,Gold
2137,1083446,ASTH,"Astrana Health, Inc.",Healthcare,Medical Care Facilities
2138,1289848,HURN,Huron Consulting Group Inc.,Industrials,Consulting Services
2139,949157,CENX,CENTURY ALUMINUM CO,Basic Materials,Aluminum
2140,1596993,LPG,DORIAN LPG LTD.,Energy,Oil & Gas Midstream
2141,36146,TRMK,TRUSTMARK CORP,Financial Services,Banks—Regional
2142,1495932,EXPI,"EXP World Holdings, Inc.",Real Estate,Real Estate Services
2143,1293135,VET,VERMILION ENERGY INC.,Energy,Oil & Gas E&P
2144,1043509,SAH,SONIC AUTOMOTIVE INC,Consumer Cyclical,Auto & Truck Dealerships
2145,1030469,OFG,OFG BANCORP,Financial Services,Banks—Regional
2146,1022321,GEL,GENESIS ENERGY LP,Energy,Oil & Gas Midstream
2147,1657788,KRP,"Kimbell Royalty Partners, LP",Energy,Oil & Gas E&P
2148,1253327,EVT,EATON VANCE TAX ADVANTAGED DIVIDEND INCOME FUND,Financial Services,Asset Management
2149,1593275,HG,"Hamilton Insurance Group, Ltd.",Financial Services,Insurance—Reinsurance
2150,1526113,GNL,"Global Net Lease, Inc.",Real Estate,REIT—Diversified
2151,1572694,GSBD,"Goldman Sachs BDC, Inc.",Financial Services,Asset Management
2152,766829,SJW,SJW GROUP,Utilities,Utilities—Regulated Water
2153,1331284,DHT,"DHT Holdings, Inc.",Energy,Oil & Gas Midstream
2154,1298946,DRH,DiamondRock Hospitality Co,Real Estate,REIT—Hotel & Motel
2155,1000694,NVAX,NOVAVAX INC,Healthcare,Biotechnology
2156,94344,STC,STEWART INFORMATION SERVICES CORP,Financial Services,Insurance—Property & Casualty
2157,18654,AILIH,Ameren Illinois Co,Utilities,Utilities—Regulated Electric
2158,1421876,GLPG,GALAPAGOS NV,Healthcare,Biotechnology
2159,1759425,MIRM,"Mirum Pharmaceuticals, Inc.",Healthcare,Biotechnology
2160,1754195,TCNNF,Trulieve Cannabis Corp.,Healthcare,Drug Manufacturers—Specialty & Generic
2161,1769731,AMTD,AMTD IDEA GROUP,Financial Services,Asset Management
2162,1669811,DFIN,"Donnelley Financial Solutions, Inc.",Technology,Software—Application
2163,715072,RNST,RENASANT CORP,Financial Services,Banks—Regional
2164,1822492,HLMN,Hillman Solutions Corp.,Industrials,Tools & Accessories
2165,1077183,NEO,NEOGENOMICS INC,Healthcare,Diagnostics & Research
2166,1529864,ENVA,"Enova International, Inc.",Financial Services,Credit Services
2167,1500217,AAT,"American Assets Trust, Inc.",Real Estate,REIT—Diversified
2168,1083301,WULF,TERAWULF INC.,Financial Services,Capital Markets
2169,1078271,EXTR,EXTREME NETWORKS INC,Technology,Communication Equipment
2170,1656081,DAVA,Endava plc,Technology,Software—Infrastructure
2171,1369241,DAC,Danaos Corp,Industrials,Marine Shipping
2172,1074952,NAC,Nuveen California Quality Municipal Income Fund,Financial Services,Asset Management
2173,1839341,CORZ,"Core Scientific, Inc./tx",Technology,Software—Infrastructure
2174,946673,BANR,BANNER CORP,Financial Services,Banks—Regional
2175,1981599,CTRI,"Centuri Holdings, Inc.",Utilities,Utilities—Regulated Gas
2176,80420,POWL,POWELL INDUSTRIES INC,Industrials,Electrical Equipment & Parts
2177,1825155,TIXT,TELUS International (Cda) Inc.,Technology,Software—Infrastructure
2178,1307748,IVT,InvenTrust Properties Corp.,Real Estate,REIT—Retail
2179,1359841,HBI,Hanesbrands Inc.,Consumer Cyclical,Apparel Manufacturing
2180,1830043,BMBL,Bumble Inc.,Technology,Software—Application
2181,1434614,SAND,SANDSTORM GOLD LTD,Basic Materials,Gold
2182,105418,WMK,WEIS MARKETS INC,Consumer Defensive,Grocery Stores
2183,1857154,DNUT,"Krispy Kreme, Inc.",Consumer Defensive,Grocery Stores
2184,1050377,CNXN,PC CONNECTION INC,Technology,Electronics & Computer Distribution
2185,59440,VGR,VECTOR GROUP LTD,Consumer Defensive,Tobacco
2186,26780,DAN,DANA INC,Consumer Cyclical,Auto Parts
2187,1704292,ZLAB,Zai Lab Ltd,Healthcare,Biotechnology
2188,1836057,BIGZ,BlackRock Innovation & Growth Term Trust,Financial Services,Asset Management
2189,1885522,NMRA,"Neumora Therapeutics, Inc.",Healthcare,Biotechnology
2190,1952073,MSGE,Madison Square Garden Entertainment Corp.,Consumer Cyclical,Leisure
2191,99614,TY,TRI-CONTINENTAL CORP,Financial Services,Asset Management
2192,886163,LGND,LIGAND PHARMACEUTICALS INC,Healthcare,Biotechnology
2193,804116,RVT,"ROYCE SMALL-CAP TRUST, INC.",Financial Services,Asset Management
2194,203596,WSBC,WESBANCO INC,Financial Services,Banks—Regional
2195,1824920,IONQ,"IonQ, Inc.",Technology,Computer Hardware
2196,1758488,OSW,ONESPAWORLD HOLDINGS Ltd,Consumer Cyclical,Leisure
2198,1834494,MLNK,"MeridianLink, Inc.",Technology,Software—Application
2199,1967649,VSTS,Vestis Corp,Industrials,Rental & Leasing Services
2200,310522,FNMA,FEDERAL NATIONAL MORTGAGE ASSOCIATION FANNIE MAE,Financial Services,Mortgage Finance
2201,1411579,AMC,"AMC ENTERTAINMENT HOLDINGS, INC.",Communication Services,Entertainment
2202,1528129,VTLE,"Vital Energy, Inc.",Energy,Oil & Gas E&P
2203,21535,COHU,COHU INC,Technology,Semiconductor Equipment & Materials
2204,1384101,VCYT,"VERACYTE, INC.",Healthcare,Diagnostics & Research
2205,1345126,CODI,Compass Diversified Holdings,Industrials,Conglomerates
2206,102752,VSEC,VSE CORP,Industrials,Aerospace & Defense
2207,1482981,COCO,"Vita Coco Company, Inc.",Consumer Defensive,Beverages—Non-Alcoholic
2208,810136,PLAB,PHOTRONICS INC,Technology,Semiconductor Equipment & Materials
2209,821026,ANDE,"Andersons, Inc.",Consumer Defensive,Food Distribution
2210,933036,UPBD,"UPBOUND GROUP, INC.",Technology,Software—Application
2211,1322436,ETV,Eaton Vance Tax-Managed Buy-Write Opportunities Fund,Financial Services,Asset Management
2212,1653242,NTB,Bank of N.T. Butterfield & Son Ltd,Financial Services,Banks—Diversified
2213,1899123,BTDR,Bitdeer Technologies Group,Technology,Software—Application
2214,1736946,ARLO,"Arlo Technologies, Inc.",Industrials,Building Products & Equipment
2215,1715497,BORR,Borr Drilling Ltd,Energy,Oil & Gas Drilling
2216,1830081,RUM,Rumble Inc.,Technology,Software—Application
2217,883237,VRTS,"VIRTUS INVESTMENT PARTNERS, INC.",Financial Services,Asset Management
2218,1968487,WS,"Worthington Steel, Inc.",Basic Materials,Steel
2219,1339605,HEES,"H&E Equipment Services, Inc.",Industrials,Rental & Leasing Services
2220,1593538,NAVI,NAVIENT CORP,Financial Services,Credit Services
2221,794685,GAB,GABELLI EQUITY TRUST INC,Financial Services,Asset Management
2222,812074,OI,"O-I Glass, Inc. /DE/",Consumer Cyclical,Packaging & Containers
2223,912093,VIAV,VIAVI SOLUTIONS INC.,Technology,Communication Equipment
2224,1407623,ROIC,RETAIL OPPORTUNITY INVESTMENTS CORP,Real Estate,REIT—Retail
2225,1157842,RQI,COHEN & STEERS QUALITY INCOME REALTY FUND INC,Financial Services,Asset Management
2226,1484565,SLNO,SOLENO THERAPEUTICS INC,Healthcare,Biotechnology
2227,1771007,AFYA,Afya Ltd,Consumer Defensive,Education & Training Services
2228,920822,OUTKY,OUTOKUMPU OY /FI,Basic Materials,Steel
2229,949039,DO,"DIAMOND OFFSHORE DRILLING, INC.",Energy,Oil & Gas Drilling
2230,1357450,HOLI,"Hollysys Automation Technologies, Ltd.",Industrials,Electrical Equipment & Parts
2232,1267395,AHL-PC,ASPEN INSURANCE HOLDINGS LTD,Financial Services,Insurance—Property & Casualty
2233,57131,LZB,LA-Z-BOY INC,Consumer Cyclical,"Furnishings, Fixtures & Appliances"
2234,1587523,KN,Knowles Corp,Technology,Communication Equipment
2235,1422143,KURA,"Kura Oncology, Inc.",Healthcare,Biotechnology
2236,1878057,SGHC,Super Group (SGHC) Ltd,Consumer Cyclical,Gambling
2237,1474098,PEB,Pebblebrook Hotel Trust,Real Estate,REIT—Hotel & Motel
2238,726854,CHCO,CITY HOLDING CO,Financial Services,Banks—Regional
2239,1842718,IAS,INTEGRAL AD SCIENCE HOLDING CORP.,Communication Services,Advertising Agencies
2240,1488813,CUBI,"Customers Bancorp, Inc.",Financial Services,Banks—Regional
2241,1744659,AKRO,"Akero Therapeutics, Inc.",Healthcare,Biotechnology
2242,1477449,TDOC,"Teladoc Health, Inc.",Healthcare,Health Information Services
2243,1406587,FOR,Forestar Group Inc.,Real Estate,Real Estate—Development
2244,1517175,CHEF,"Chefs' Warehouse, Inc.",Consumer Defensive,Food Distribution
2245,708821,PAR,PAR TECHNOLOGY CORP,Technology,Software—Application
2246,1323468,GLP,GLOBAL PARTNERS LP,Energy,Oil & Gas Midstream
2247,1415921,NMM,Navios Maritime Partners L.P.,Industrials,Marine Shipping
2248,1419612,SEDG,"SOLAREDGE TECHNOLOGIES, INC.",Technology,Solar
2249,1768666,BSTZ,BlackRock Science & Technology Term Trust,Financial Services,Asset Management
2250,835011,MGPI,MGP INGREDIENTS INC,Consumer Defensive,Beverages—Wineries & Distilleries
2251,1723596,CLBK,"Columbia Financial, Inc.",Financial Services,Banks—Regional
2252,1898795,LVWR,"LiveWire Group, Inc.",Consumer Cyclical,Auto Manufacturers
2253,1664710,KROS,"Keros Therapeutics, Inc.",Healthcare,Biotechnology
2254,903129,THRM,GENTHERM Inc,Consumer Cyclical,Auto Parts
2255,1332283,BDJ,BlackRock Enhanced Equity Dividend Trust,Financial Services,Asset Management
2256,924901,VRE,"Veris Residential, Inc.",Real Estate,REIT—Residential
2257,1589526,BLBD,Blue Bird Corp,Consumer Cyclical,Auto Manufacturers
2258,1798618,PDO,PIMCO Dynamic Income Opportunities Fund,Basic Materials,Independent Oil & Gas
2259,1750264,HPH,Highest Performances Holdings Inc.,Financial Services,Asset Management
2260,1341335,FSM,FORTUNA MINING CORP.,Basic Materials,Gold
2261,1462120,LOB,"Live Oak Bancshares, Inc.",Financial Services,Banks—Regional
2262,1414932,OCSL,Oaktree Specialty Lending Corp,Financial Services,Credit Services
2263,1012477,AVDL,AVADEL PHARMACEUTICALS PLC,Healthcare,Drug Manufacturers—Specialty & Generic
2264,1777835,PWP,Perella Weinberg Partners,Financial Services,Capital Markets
2265,880631,WT,"WisdomTree, Inc.",Financial Services,Asset Management
2266,1350653,ATEC,"Alphatec Holdings, Inc.",Healthcare,Medical Devices
2267,1601548,VVX,"V2X, Inc.",Industrials,Aerospace & Defense
2268,75288,OXM,OXFORD INDUSTRIES INC,Consumer Cyclical,Apparel Manufacturing
2269,1871130,BBUC,Brookfield Business Corp,Financial Services,Asset Management
2270,789460,WKC,WORLD KINECT CORP,Energy,Oil & Gas Refining & Marketing
2271,1653477,NGVT,Ingevity Corp,Basic Materials,Specialty Chemicals
2272,1525769,PLAY,"Dave & Buster's Entertainment, Inc.",Communication Services,Entertainment
2273,1495222,OXLC,Oxford Lane Capital Corp.,Financial Services,Asset Management
2274,26058,CTS,CTS CORP,Technology,Electronic Components
2275,1627475,UPWK,"UPWORK, INC",Communication Services,Internet Content & Information
2276,1490978,SDGR,"Schrodinger, Inc.",Healthcare,Health Information Services
2277,1616000,XHR,"Xenia Hotels & Resorts, Inc.",Real Estate,REIT—Hotel & Motel
2278,28823,DBD,"DIEBOLD NIXDORF, Inc",Technology,Software—Application
2279,1025835,EFSC,ENTERPRISE FINANCIAL SERVICES CORP,Financial Services,Banks—Regional
2280,887905,LTC,LTC PROPERTIES INC,Real Estate,REIT—Healthcare Facilities
2281,751978,VICR,VICOR CORP,Technology,Electronic Components
2282,1286139,LZ,"LEGALZOOM.COM, INC.",Industrials,Specialty Business Services
2283,1532961,NVEE,"NV5 Global, Inc.",Industrials,Engineering & Construction
2284,916789,HELE,HELEN OF TROY LTD,Consumer Defensive,Household & Personal Products
2285,912892,TV,"GRUPO TELEVISA, S.A.B.",Communication Services,Telecom Services
2286,1070985,CXW,"CoreCivic, Inc.",Industrials,Security & Protection Services
2287,721994,LKFN,LAKELAND FINANCIAL CORP,Financial Services,Banks—Regional
2288,1511337,RLJ,RLJ Lodging Trust,Real Estate,REIT—Hotel & Motel
2289,1832466,ALHC,"Alignment Healthcare, Inc.",Healthcare,Healthcare Plans
2290,899460,MNKD,MANNKIND CORP,Healthcare,Biotechnology
2291,1854640,CGAU,Centerra Gold Inc.,Basic Materials,Gold
2292,1482512,HPP,"Hudson Pacific Properties, Inc.",Real Estate,REIT—Office
2293,1889109,BLTE,"BELITE BIO, INC",Healthcare,Biotechnology
2294,107687,WGO,WINNEBAGO INDUSTRIES INC,Consumer Cyclical,Recreational Vehicles
2295,1742692,INMD,InMode Ltd.,Healthcare,Medical Devices
2296,1694426,DK,"Delek US Holdings, Inc.",Energy,Oil & Gas Refining & Marketing
2297,1356576,SUPN,"SUPERNUS PHARMACEUTICALS, INC.",Healthcare,Drug Manufacturers—Specialty & Generic
2298,1645070,STER,Sterling Check Corp.,Technology,Software—Infrastructure
2299,1475841,NBHC,National Bank Holdings Corp,Financial Services,Banks—Regional
2300,1471265,NWBI,"Northwest Bancshares, Inc.",Financial Services,Banks—Regional
2301,907471,CASH,"PATHWARD FINANCIAL, INC.",Financial Services,Banks—Regional
2302,1964789,HUT,Hut 8 Corp.,Financial Services,Capital Markets
2303,1820721,ARRY,"Array Technologies, Inc.",Technology,Solar
2304,1577670,LADR,Ladder Capital Corp,Real Estate,REIT—Mortgage
2305,1029142,DVAX,DYNAVAX TECHNOLOGIES CORP,Healthcare,Drug Manufacturers—Specialty & Generic
2306,58492,LEG,LEGGETT & PLATT INC,Consumer Cyclical,"Furnishings, Fixtures & Appliances"
2307,1824502,ACHR,Archer Aviation Inc.,Industrials,Aerospace & Defense
2308,1772253,FLNG,Flex LNG Ltd.,Energy,Oil & Gas Midstream
2309,1050825,SCS,STEELCASE INC,Industrials,Business Equipment & Supplies
2310,1270523,ETG,EATON VANCE TAX ADVANTAGED GLOBAL DIVIDEND INCOME FUND,Financial Services,Asset Management
2311,1070235,BB,BLACKBERRY Ltd,Technology,Software—Infrastructure
2312,1519449,SKWD,"Skyward Specialty Insurance Group, Inc.",Financial Services,Insurance—Property & Casualty
2313,1546417,BLMN,"Bloomin' Brands, Inc.",Consumer Cyclical,Restaurants
2314,1731348,TLRY,"Tilray Brands, Inc.",Healthcare,Drug Manufacturers—Specialty & Generic
2315,1052752,GTY,GETTY REALTY CORP /MD/,Real Estate,REIT—Retail
2316,1527590,RC,Ready Capital Corp,Real Estate,REIT—Mortgage
2317,811596,KALU,KAISER ALUMINUM CORP,Basic Materials,Aluminum
2318,1138639,INFN,Infinera Corp,Technology,Communication Equipment
2319,712537,FCF,FIRST COMMONWEALTH FINANCIAL CORP /PA/,Financial Services,Banks—Regional
2320,102426,STEW,"SRH Total Return Fund, Inc.",Financial Services,Asset Management
2321,1730430,KNSA,"Kiniksa Pharmaceuticals International, plc",Healthcare,Biotechnology
2322,835324,SYBT,"Stock Yards Bancorp, Inc.",Financial Services,Banks—Regional
2323,1761612,BCYC,BICYCLE THERAPEUTICS PLC,Healthcare,Biotechnology
2324,1298699,BXMX,Nuveen S&P 500 BuyWrite Income Fund,Financial Services,Asset Management
2325,1467760,ARI,"Apollo Commercial Real Estate Finance, Inc.",Real Estate,REIT—Mortgage
2326,1257640,KRO,KRONOS WORLDWIDE INC,Basic Materials,Specialty Chemicals
2327,1484515,CARCY,China Resources Cement Holdings Limited/ADR/,Basic Materials,Building Materials
2328,1808834,PRG,"PROG Holdings, Inc.",Industrials,Rental & Leasing Services
2329,901491,PZZA,PAPA JOHNS INTERNATIONAL INC,Consumer Cyclical,Restaurants
2330,923120,GBX,GREENBRIER COMPANIES INC,Industrials,Railroads
2331,1652535,ICHR,"ICHOR HOLDINGS, LTD.",Technology,Semiconductor Equipment & Materials
2332,851310,HLIT,HARMONIC INC,Technology,Communication Equipment
2333,1654795,BBU,Brookfield Business Partners L.P.,Industrials,Conglomerates
2334,1768259,GOTU,Gaotu Techedu Inc.,Consumer Defensive,Education & Training Services
2335,1680062,ACMR,"ACM Research, Inc.",Technology,Semiconductor Equipment & Materials
2336,863436,BHE,BENCHMARK ELECTRONICS INC,Technology,Electronic Components
2337,1856437,VSCO,Victoria's Secret & Co.,Consumer Cyclical,Apparel Retail
2338,1222401,HYT,"BLACKROCK CORPORATE HIGH YIELD FUND, INC.",Financial Services,Asset Management
2339,1860543,CDRE,"Cadre Holdings, Inc.",Industrials,Aerospace & Defense
2340,1800347,ETWO,"E2open Parent Holdings, Inc.",Technology,Software—Application
2341,1795250,SPHR,Sphere Entertainment Co.,Communication Services,Entertainment
2342,1342338,HIMX,"Himax Technologies, Inc.",Technology,Semiconductors
2343,1689796,JBGS,JBG SMITH Properties,Real Estate,REIT—Office
2344,821483,PARR,"PAR PACIFIC HOLDINGS, INC.",Energy,Oil & Gas Refining & Marketing
2345,1959348,KLG,WK Kellogg Co,Consumer Defensive,Packaged Foods
2346,1332349,BKD,Brookdale Senior Living Inc.,Healthcare,Medical Care Facilities
2347,1120914,PDFS,PDF SOLUTIONS INC,Technology,Software—Application
2349,1599617,DNOW,DNOW Inc.,Industrials,Industrial Distribution
2350,1625297,INDV,INDIVIOR PLC,Healthcare,Drug Manufacturers—Specialty & Generic
2351,1046568,PRDO,PERDOCEO EDUCATION Corp,Consumer Defensive,Education & Training Services
2352,885978,USPH,U S PHYSICAL THERAPY INC /NV,Healthcare,Medical Care Facilities
2353,1657312,VRNA,Verona Pharma plc,Healthcare,Biotechnology
2354,1528437,BTT,BlackRock Municipal 2030 Target Term Trust,Financial Services,Asset Management
2355,799167,MRTN,MARTEN TRANSPORT LTD,Industrials,Trucking
2356,1691445,FINV,FinVolution Group,Financial Services,Credit Services
2357,1997464,MRX,Marex Group plc,Financial Services,Capital Markets
2358,1819989,CIFR,Cipher Mining Inc.,Financial Services,Capital Markets
2359,1488139,AMRC,"Ameresco, Inc.",Industrials,Engineering & Construction
2360,1024795,HLIO,"HELIOS TECHNOLOGIES, INC.",Industrials,Specialty Industrial Machinery
2361,104894,ELME,Elme Communities,Real Estate,REIT—Residential
2362,1636282,SYRE,"Spyre Therapeutics, Inc.",Healthcare,Biotechnology
2363,1733998,NWN,Northwest Natural Holding Co,Utilities,Utilities—Regulated Gas
2364,314489,BUSE,FIRST BUSEY CORP /NV/,Financial Services,Banks—Regional
2365,1770450,XRX,Xerox Holdings Corp,Technology,Information Technology Services
2366,1840856,SOUN,"SOUNDHOUND AI, INC.",Technology,Software—Application
2367,703604,DSGR,"Distribution Solutions Group, Inc.",Industrials,Industrial Distribution
2368,1793663,VTEX,VTEX,Technology,Software—Application
2369,882796,BCRX,BIOCRYST PHARMACEUTICALS INC,Healthcare,Biotechnology
2370,1566388,DSL,DoubleLine Income Solutions Fund,Financial Services,Asset Management
2371,1616678,BST,BlackRock Science & Technology Trust,Financial Services,Asset Management
2372,1898496,GETY,"Getty Images Holdings, Inc.",Communication Services,Internet Content & Information
2373,1465740,TWO,TWO HARBORS INVESTMENT CORP.,Real Estate,REIT—Mortgage
2374,1095651,SAFE,Safehold Inc.,Real Estate,REIT—Diversified
2376,850141,HMN,HORACE MANN EDUCATORS CORP /DE/,Financial Services,Insurance—Property & Casualty
2377,1639825,PTON,"PELOTON INTERACTIVE, INC.",Consumer Cyclical,Leisure
2378,800240,ODP,ODP Corp,Consumer Cyclical,Specialty Retail
2379,1611005,KEN,Kenon Holdings Ltd.,Utilities,Utilities—Independent Power Producers
2380,1496099,NMFC,New Mountain Finance Corp,Financial Services,Asset Management
2381,811589,FBNC,FIRST BANCORP /NC/,Financial Services,Banks—Regional
2382,1659520,SILV,SilverCrest Metals Inc.,Basic Materials,Other Precious Metals & Mining
2383,6845,APOG,"APOGEE ENTERPRISES, INC.",Industrials,Building Products & Equipment
2384,1437402,ARDX,"ARDELYX, INC.",Healthcare,Biotechnology
2385,1832168,LBPH,"Longboard Pharmaceuticals, Inc.",Healthcare,Biotechnology
2386,1801169,OPEN,Opendoor Technologies Inc.,Real Estate,Real Estate Services
2387,1819394,MTTR,"Matterport, Inc./DE",Technology,Software—Application
2388,1622194,DEA,"Easterly Government Properties, Inc.",Real Estate,REIT—Office
2389,1847584,WKME,WalkMe Ltd.,Technology,Software—Application
2390,1845337,DAWN,"Day One Biopharmaceuticals, Inc.",Healthcare,Biotechnology
2391,50493,IMKTA,INGLES MARKETS INC,Consumer Defensive,Grocery Stores
2392,1340122,CLMT,"Calumet Specialty Products Partners, L.P.",Energy,Oil & Gas E&P
2393,1568194,FSCO,FS Credit Opportunities Corp.,Financial Services,Asset Management
2394,1023024,ANIP,ANI PHARMACEUTICALS INC,Healthcare,Drug Manufacturers—Specialty & Generic
2395,1643615,MEG,"Montrose Environmental Group, Inc.",Industrials,Waste Management
2396,1848309,SGML,Sigma Lithium Corp,Basic Materials,Other Industrial Metals & Mining
2397,34782,SRCE,1ST SOURCE CORP,Financial Services,Banks—Regional
2398,1078075,NTCT,NETSCOUT SYSTEMS INC,Technology,Software—Infrastructure
2399,1549346,SSTK,"Shutterstock, Inc.",Communication Services,Internet Content & Information
2400,1423774,ZUO,ZUORA INC,Technology,Software—Infrastructure
2401,1691421,LMND,"Lemonade, Inc.",Financial Services,Insurance—Property & Casualty
2402,356171,TCBK,TRICO BANCSHARES /,Financial Services,Banks—Regional
2403,311094,WABC,WESTAMERICA BANCORPORATION,Financial Services,Banks—Regional
2404,1857816,GCT,GigaCloud Technology Inc,Technology,Software—Infrastructure
2405,1230992,MAG,MAG SILVER CORP,Basic Materials,Silver
2406,1549595,NRIX,"Nurix Therapeutics, Inc.",Healthcare,Biotechnology
2407,1725255,AHCO,AdaptHealth Corp.,Healthcare,Medical Devices
2408,1687221,REVG,"REV Group, Inc.",Industrials,Farm & Heavy Construction Machinery
2409,1724521,RCUS,"Arcus Biosciences, Inc.",Healthcare,Biotechnology
2410,1172358,DMLP,"DORCHESTER MINERALS, L.P.",Energy,Oil & Gas E&P
2411,719220,STBA,S&T BANCORP INC,Financial Services,Banks—Regional
2412,1891101,BRCC,BRC Inc.,Consumer Defensive,Packaged Foods
2413,1128361,HOPE,HOPE BANCORP INC,Financial Services,Banks—Regional
2414,1829864,TASK,"TaskUs, Inc.",Technology,Information Technology Services
2415,1809196,IMTX,Immatics N.V.,Healthcare,Biotechnology
2416,1713334,MSC,STUDIO CITY INTERNATIONAL HOLDINGS Ltd,Consumer Cyclical,Resorts & Casinos
2417,1408100,KW,"Kennedy-Wilson Holdings, Inc.",Real Estate,Real Estate Services
2418,18748,CET,CENTRAL SECURITIES CORP,Financial Services,Asset Management
2419,1608741,QQQX,Nuveen NASDAQ 100 Dynamic Overwrite Fund,Financial Services,Asset Management
2420,1607939,UDMY,"Udemy, Inc.",Consumer Defensive,Education & Training Services
2421,1739566,UTZ,"Utz Brands, Inc.",Consumer Defensive,Packaged Foods
2422,907242,MCRI,MONARCH CASINO & RESORT INC,Consumer Cyclical,Resorts & Casinos
2423,1173420,NG,NOVAGOLD RESOURCES INC,Basic Materials,Gold
2424,908315,WINA,WINMARK CORP,Consumer Cyclical,Specialty Retail
2426,1610601,MOMO,Hello Group Inc.,Communication Services,Internet Content & Information
2427,1879016,IE,Ivanhoe Electric Inc.,Basic Materials,Copper
2428,1171486,NRP,NATURAL RESOURCE PARTNERS LP,Energy,Thermal Coal
2429,1616533,SGH,"SMART Global Holdings, Inc.",Technology,Semiconductors
2430,1737450,OPRA,Opera Ltd,Communication Services,Internet Content & Information
2431,1134982,AAPI,"Apple iSports Group, Inc.",Consumer Cyclical,Gambling
2432,1578732,MMI,"Marcus & Millichap, Inc.",Real Estate,Real Estate Services
2433,907254,BFS,"SAUL CENTERS, INC.",Real Estate,REIT—Retail
2434,1545654,ALEX,"Alexander & Baldwin, Inc.",Real Estate,REIT—Retail
2435,1174850,NIC,NICOLET BANKSHARES INC,Financial Services,Banks—Regional
2436,1683606,CARS,Cars.com Inc.,Consumer Cyclical,Auto & Truck Dealerships
2437,1690511,GOOS,Canada Goose Holdings Inc.,Consumer Cyclical,Apparel Manufacturing
2438,742278,RES,RPC INC,Energy,Oil & Gas Equipment & Services
2439,1688757,ESTA,ESTABLISHMENT LABS HOLDINGS INC.,Healthcare,Medical Devices
2440,1537054,GOGO,Gogo Inc.,Communication Services,Telecom Services
2441,17313,CSWC,CAPITAL SOUTHWEST CORP,Financial Services,Asset Management
2442,794619,AMWD,AMERICAN WOODMARK CORP,Consumer Cyclical,"Furnishings, Fixtures & Appliances"
2443,1567925,SILA,"Sila Realty Trust, Inc.",Real Estate,REIT—Healthcare Facilities
2444,1693256,WTTR,"Select Water Solutions, Inc.",Basic Materials,Specialty Chemicals
2445,1231346,SA,SEABRIDGE GOLD INC,Basic Materials,Gold
2446,1609804,OEC,Orion S.A.,Basic Materials,Specialty Chemicals
2447,1680056,ORLA,Orla Mining Ltd.,Basic Materials,Gold
2448,1524741,SLCA,"U.S. SILICA HOLDINGS, INC.",Energy,Oil & Gas Equipment & Services
2449,1803696,ADEA,Adeia Inc.,Technology,Software—Application
2450,1045986,FORTY,FORMULA SYSTEMS (1985) LTD,Technology,Information Technology Services
2451,1464423,PMT,PennyMac Mortgage Investment Trust,Real Estate,REIT—Mortgage
2452,1005210,SPH,SUBURBAN PROPANE PARTNERS LP,Utilities,Utilities—Regulated Gas
2453,1021162,TGI,TRIUMPH GROUP INC,Industrials,Aerospace & Defense
2454,40417,GAM,GENERAL AMERICAN INVESTORS CO INC,Financial Services,Asset Management
2455,1473844,STEL,"Stellar Bancorp, Inc.",Financial Services,Banks—Regional
2456,1848416,VRNOF,Verano Holdings Corp.,Healthcare,Drug Manufacturers—Specialty & Generic
2457,922864,AIV,APARTMENT INVESTMENT & MANAGEMENT CO,Real Estate,REIT—Residential
2458,836157,LNN,LINDSAY CORP,Industrials,Farm & Heavy Construction Machinery
2459,1005757,CSGS,CSG SYSTEMS INTERNATIONAL INC,Technology,Software—Infrastructure
2460,1828962,CRCT,"Cricut, Inc.",Technology,Computer Hardware
2461,1734713,BV,"BrightView Holdings, Inc.",Industrials,Specialty Business Services
2462,1581804,NVGS,Navigator Holdings Ltd.,Energy,Oil & Gas Midstream
2463,1266585,NMZ,NUVEEN MUNICIPAL HIGH INCOME OPPORTUNITY FUND,Financial Services,Asset Management
2464,1276533,JFR,NUVEEN FLOATING RATE INCOME FUND,Financial Services,Asset Management
2465,821002,GIII,G III APPAREL GROUP LTD /DE/,Consumer Cyclical,Apparel Manufacturing
2466,1787306,ARQT,"Arcutis Biotherapeutics, Inc.",Healthcare,Biotechnology
2467,930420,KFRC,KFORCE INC,Industrials,Staffing & Employment Services
2468,1053706,CRAI,"CRA INTERNATIONAL, INC.",Industrials,Consulting Services
2469,1308335,EOS,Eaton Vance Enhanced Equity Income Fund II,Financial Services,Asset Management
2470,1995306,HDL,SUPER HI INTERNATIONAL HOLDING LTD.,Consumer Cyclical,Restaurants
2471,945114,GIC,GLOBAL INDUSTRIAL Co,Industrials,Industrial Distribution
2472,1392972,PRO,"PROS Holdings, Inc.",Technology,Software—Application
2473,926326,OMCL,"OMNICELL, INC.",Healthcare,Health Information Services
2474,1857475,DOLE,Dole plc,Consumer Defensive,Farm Products
2475,1371285,TRUP,"TRUPANION, INC.",Financial Services,Insurance—Specialty
2476,1835972,AILE,"iLearningEngines, Inc.",Technology,Software—Infrastructure
2477,1260563,NFJ,"Virtus Dividend, Interest & Premium Strategy Fund",Financial Services,Asset Management
2478,1798100,NTST,NETSTREIT Corp.,Real Estate,REIT—Retail
2479,1829959,DCBO,Docebo Inc.,Technology,Software—Application
2480,1650648,FDMT,"4D Molecular Therapeutics, Inc.",Healthcare,Biotechnology
2481,1770121,SANA,"Sana Biotechnology, Inc.",Healthcare,Biotechnology
2482,1706431,VIR,"Vir Biotechnology, Inc.",Healthcare,Biotechnology
2483,1816736,IRON,"Disc Medicine, Inc.",Healthcare,Biotechnology
2484,1834489,GENI,Genius Sports Ltd,Communication Services,Internet Content & Information
2486,102037,UVV,UNIVERSAL CORP /VA/,Consumer Defensive,Tobacco
2487,1846510,SHCO,Soho House & Co Inc.,Consumer Cyclical,Lodging
2488,1173514,HY,"HYSTER-YALE, INC.",Industrials,Farm & Heavy Construction Machinery
2489,752642,UMH,"UMH PROPERTIES, INC.",Real Estate,REIT—Residential
2490,1412408,PHR,"Phreesia, Inc.",Healthcare,Health Information Services
2491,78814,PBI,PITNEY BOWES INC /DE/,Industrials,Integrated Freight & Logistics
2492,1704720,CNNE,"Cannae Holdings, Inc.",Consumer Cyclical,Restaurants
2493,1881487,ACDC,ProFrac Holding Corp.,Energy,Oil & Gas Equipment & Services
2494,912463,GES,GUESS INC,Consumer Cyclical,Apparel Retail
2495,1326732,XNCR,Xencor Inc,Healthcare,Biotechnology
2496,1222922,EVV,EATON VANCE LTD DURATION INCOME FUND,Financial Services,Asset Management
2497,1666291,CMTG,"Claros Mortgage Trust, Inc.",Real Estate,REIT—Mortgage
2498,1172052,SAFT,SAFETY INSURANCE GROUP INC,Financial Services,Insurance—Property & Casualty
2499,3499,ALX,ALEXANDERS INC,Real Estate,REIT—Retail
2500,1597033,SABR,Sabre Corp,Technology,Software—Infrastructure
2501,1756708,JMIA,Jumia Technologies AG,Consumer Cyclical,Internet Retail
2502,1605607,PGRE,"Paramount Group, Inc.",Real Estate,REIT—Office
2503,1856031,SEAT,Vivid Seats Inc.,Communication Services,Internet Content & Information
2504,1880319,PRM,"Perimeter Solutions, SA",Basic Materials,Specialty Chemicals
2505,1674335,JELD,"JELD-WEN Holding, Inc.",Industrials,Building Products & Equipment
2506,1501570,VBTX,"Veritex Holdings, Inc.",Financial Services,Banks—Regional
2507,14707,CAL,CALERES INC,Consumer Cyclical,Apparel Retail
2508,1822966,SMR,NUSCALE POWER Corp,Industrials,Specialty Industrial Machinery
2509,77543,TPC,TUTOR PERINI CORP,Industrials,Engineering & Construction
2510,1625278,NRDS,"NERDWALLET, INC.",Communication Services,Internet Content & Information
2511,1559053,PRTA,PROTHENA CORP PUBLIC LTD CO,Healthcare,Biotechnology
2512,1481513,JKS,"JinkoSolar Holding Co., Ltd.",Technology,Solar
2513,1567569,FPF,First Trust Intermediate Duration Preferred & Income Fund,Financial Services,Asset Management
2514,890541,BLX,"FOREIGN TRADE BANK OF LATIN AMERICA, INC.",Financial Services,Banks—Regional
2515,1651562,COUR,"Coursera, Inc.",Consumer Defensive,Education & Training Services
2516,99302,TRNS,TRANSCAT INC,Industrials,Industrial Distribution
2517,1368458,SBH,"Sally Beauty Holdings, Inc.",Consumer Cyclical,Specialty Retail
2518,1840502,TBLA,Taboola.com Ltd.,Communication Services,Internet Content & Information
2519,1982518,SDHC,Smith Douglas Homes Corp.,Real Estate,Real Estate—Development
2520,1793882,PTA,Cohen & Steers Tax-Advantaged Preferred Securities & Income Fund,Financial Services,Asset Management
2521,1711375,LOMA,Loma Negra Compania Industrial Argentina Sociedad Anonima,Basic Materials,Building Materials
2522,18926,LUMN,"Lumen Technologies, Inc.",Communication Services,Telecom Services
2523,1746618,RVLV,"Revolve Group, Inc.",Consumer Cyclical,Internet Retail
2524,1692412,PLYA,Playa Hotels & Resorts N.V.,Consumer Cyclical,Resorts & Casinos
2525,1512920,SII,SPROTT INC.,Financial Services,Asset Management
2526,1851112,RSKD,RISKIFIED LTD.,Technology,Software—Application
2527,1847903,CNTA,Centessa Pharmaceuticals plc,Healthcare,Biotechnology
2528,1055160,MFA,"MFA FINANCIAL, INC.",Real Estate,REIT—Mortgage
2529,1579214,EEX,"Emerald Holding, Inc.",Communication Services,Advertising Agencies
2530,824410,SASR,SANDY SPRING BANCORP INC,Financial Services,Banks—Regional
2531,1387467,AOSL,ALPHA & OMEGA SEMICONDUCTOR Ltd,Technology,Semiconductors
2532,798359,CSR,CENTERSPACE,Real Estate,REIT—Residential
2533,1833835,PSFE,Paysafe Ltd,Technology,Software—Infrastructure
2534,1672619,ELVN,"Enliven Therapeutics, Inc.",Healthcare,Biotechnology
2535,1379041,EIG,"Employers Holdings, Inc.",Financial Services,Insurance—Specialty
2536,784199,AORT,"ARTIVION, INC.",Healthcare,Medical Devices
2537,1397702,SILK,Silk Road Medical Inc,Healthcare,Medical Devices
2538,1776661,ADV,Advantage Solutions Inc.,Communication Services,Advertising Agencies
2539,1639877,GSM,Ferroglobe PLC,Basic Materials,Other Industrial Metals & Mining
2540,1124105,GYRE,"GYRE THERAPEUTICS, INC.",Healthcare,Biotechnology
2541,1728190,HUYA,HUYA Inc.,Communication Services,Entertainment
2542,1655050,BCSF,"Bain Capital Specialty Finance, Inc.",Financial Services,Asset Management
2543,880117,JBSS,SANFILIPPO JOHN B & SON INC,Consumer Defensive,Packaged Foods
2544,1439095,MRC,MRC GLOBAL INC.,Energy,Oil & Gas Equipment & Services
2545,1409493,CIM,CHIMERA INVESTMENT CORP,Real Estate,REIT—Mortgage
2546,1379785,BBDC,"Barings BDC, Inc.",Financial Services,Asset Management
2547,1950246,MTAL,Metals Acquisition Ltd,Basic Materials,Copper
2548,1795579,CALT,Calliditas Therapeutics AB,Healthcare,Biotechnology
2549,1411342,EFC,Ellington Financial Inc.,Real Estate,REIT—Mortgage
2550,1708035,ECVT,Ecovyst Inc.,Basic Materials,Specialty Chemicals
2551,1743759,CRSR,"Corsair Gaming, Inc.",Technology,Computer Hardware
2552,1831651,SHLS,"Shoals Technologies Group, Inc.",Technology,Solar
2553,1323885,ATRC,"AtriCure, Inc.",Healthcare,Medical Instruments & Supplies
2554,1819790,TARS,"Tarsus Pharmaceuticals, Inc.",Healthcare,Biotechnology
2555,1267565,COLL,"COLLEGIUM PHARMACEUTICAL, INC",Healthcare,Drug Manufacturers—Specialty & Generic
2556,1017480,HIBB,HIBBETT INC,Consumer Cyclical,Apparel Retail
2557,1051004,MUC,"BLACKROCK MUNIHOLDINGS CALIFORNIA QUALITY FUND, INC.",Financial Services,Asset Management
2558,918965,SCSC,"SCANSOURCE, INC.",Technology,Electronics & Computer Distribution
2560,318300,PEBO,PEOPLES BANCORP INC,Financial Services,Banks—Regional
2561,1375877,CSIQ,Canadian Solar Inc.,Technology,Solar
2562,1562528,FBRT,"Franklin BSP Realty Trust, Inc.",Real Estate,REIT—Mortgage
2563,1841925,INDI,"indie Semiconductor, Inc.",Technology,Semiconductor Equipment & Materials
2564,1812477,BITF,Bitfarms Ltd,Financial Services,Capital Markets
2565,1080014,INVA,"Innoviva, Inc.",Healthcare,Biotechnology
2566,1702750,BY,"BYLINE BANCORP, INC.",Financial Services,Banks—Regional
2567,1124804,MDRX,Veradigm Inc.,Healthcare,Health Information Services
2568,1428205,ARR,"Armour Residential REIT, Inc.",Real Estate,REIT—Mortgage
2569,880807,AMSC,AMERICAN SUPERCONDUCTOR CORP /DE/,Industrials,Specialty Industrial Machinery
2570,1499505,AGRO,Adecoagro S.A.,Consumer Defensive,Farm Products
2571,1477641,DQ,DAQO NEW ENERGY CORP.,Technology,Semiconductor Equipment & Materials
2572,1868726,OLPX,"OLAPLEX HOLDINGS, INC.",Consumer Cyclical,Specialty Retail
2573,1047340,FDP,FRESH DEL MONTE PRODUCE INC,Consumer Defensive,Farm Products
2574,1846069,KIND,"Nextdoor Holdings, Inc.",Communication Services,Internet Content & Information
2575,1657853,HTZ,"HERTZ GLOBAL HOLDINGS, INC",Industrials,Rental & Leasing Services
2577,1713930,NEXA,Nexa Resources S.A.,Basic Materials,Other Industrial Metals & Mining
2579,1393434,OCUL,"OCULAR THERAPEUTIX, INC",Healthcare,Biotechnology
2580,933267,IRS,IRSA INVESTMENTS & REPRESENTATIONS INC,Real Estate,Real Estate Services
2581,714395,GABC,"GERMAN AMERICAN BANCORP, INC.",Financial Services,Banks—Regional
2582,921557,RBCAA,REPUBLIC BANCORP INC /KY/,Financial Services,Banks—Regional
2583,1446847,IRWD,IRONWOOD PHARMACEUTICALS INC,Healthcare,Drug Manufacturers—Specialty & Generic
2584,1493683,BBN,BlackRock Taxable Municipal Bond Trust,Financial Services,Asset Management
2585,1278752,MFIC,MidCap Financial Investment Corp,Financial Services,Asset Management
2586,1866692,AMPL,"Amplitude, Inc.",Technology,Software—Application
2587,842633,TRS,TRIMAS CORP,Consumer Cyclical,Packaging & Containers
2588,1180262,HLF,HERBALIFE LTD.,Consumer Defensive,Packaged Foods
2589,1308208,ULH,"UNIVERSAL LOGISTICS HOLDINGS, INC.",Industrials,Trucking
2590,866729,SCHL,SCHOLASTIC CORP,Communication Services,Publishing
2591,1799983,GB,Global Blue Group Holding AG,Technology,Software—Infrastructure
2592,1422930,PUBM,"PubMatic, Inc.",Technology,Software—Application
2593,1479615,SLN,Silence Therapeutics plc,Healthcare,Biotechnology
2594,1379384,BTZ,BLACKROCK CREDIT ALLOCATION INCOME TRUST,Financial Services,Asset Management
2595,1376339,MDXG,"MIMEDX GROUP, INC.",Healthcare,Biotechnology
2597,1709682,CTOS,"Custom Truck One Source, Inc.",Industrials,Rental & Leasing Services
2598,1705110,ANGI,Angi Inc.,Communication Services,Internet Content & Information
2599,1580808,ATEN,"A10 Networks, Inc.",Technology,Software—Infrastructure
2600,110471,WWW,WOLVERINE WORLD WIDE INC /DE/,Consumer Cyclical,Footwear & Accessories
2601,1385849,UUUU,ENERGY FUELS INC,Energy,Uranium
2602,75252,OMI,OWENS & MINOR INC/VA/,Healthcare,Medical Distribution
2603,1084961,ECPG,ENCORE CAPITAL GROUP INC,Financial Services,Mortgage Finance
2604,1396814,PCRX,"Pacira BioSciences, Inc.",Healthcare,Drug Manufacturers—Specialty & Generic
2605,906465,QCRH,QCR HOLDINGS INC,Financial Services,Banks—Regional
2606,1489096,THR,"Thermon Group Holdings, Inc.",Industrials,Specialty Industrial Machinery
2607,1828102,KARO,Karooooo Ltd.,Technology,Software—Application
2608,1224450,RNP,COHEN & STEERS REIT & PREFERRED & INCOME FUND INC,Financial Services,Asset Management
2609,1865631,NN,NEXTNAV INC.,Technology,Software—Infrastructure
2610,1309402,GPRE,Green Plains Inc.,Basic Materials,Chemicals
2611,1492165,PFBC,Preferred Bank,Financial Services,Banks—Regional
2612,1828248,CVII,Churchill Capital Corp VII,Financial Services,Shell Companies
2613,1835256,NAPA,"Duckhorn Portfolio, Inc.",Consumer Defensive,Beverages—Wineries & Distilleries
2614,1517413,FSLY,"Fastly, Inc.",Technology,Software—Application
2615,1841968,PX,"P10, Inc.",Financial Services,Asset Management
2616,1710155,EYE,"National Vision Holdings, Inc.",Consumer Cyclical,Specialty Retail
2617,1850235,HEPS,D-MARKET Electronic Services & Trading,Consumer Cyclical,Internet Retail
2618,1703141,DESP,"Despegar.com, Corp.",Consumer Cyclical,Travel Services
2619,1964954,ECO,Okeanis Eco Tankers Corp.,Industrials,Marine Shipping
2620,1788882,ROOT,"Root, Inc.",Financial Services,Insurance—Property & Casualty
2621,1515816,PLYM,"Plymouth Industrial REIT, Inc.",Real Estate,REIT—Industrial
2622,1829118,TUYA,Tuya Inc.,Technology,Software—Infrastructure
2623,895447,SCVL,SHOE CARNIVAL INC,Consumer Cyclical,Apparel Retail
2624,1395213,EDN,EDENOR,Utilities,Utilities—Regulated Electric
2625,1819133,TNGX,"Tango Therapeutics, Inc.",Healthcare,Biotechnology
2626,1569187,AHH,"Armada Hoffler Properties, Inc.",Real Estate,REIT—Diversified
2627,1730463,AUTL,Autolus Therapeutics plc,Healthcare,Biotechnology
2628,3197,CECO,CECO ENVIRONMENTAL CORP,Industrials,Pollution & Treatment Controls
2629,1516912,OBK,"Origin Bancorp, Inc.",Financial Services,Banks—Regional
2630,1819576,LQDA,Liquidia Corp,Healthcare,Biotechnology
2631,1108134,BHLB,BERKSHIRE HILLS BANCORP INC,Financial Services,Banks—Regional
2632,42682,GRC,GORMAN RUPP CO,Industrials,Specialty Industrial Machinery
2633,351817,SBOW,"SILVERBOW RESOURCES, INC.",Energy,Oil & Gas E&P
2634,1670076,ULCC,"Frontier Group Holdings, Inc.",Industrials,Airlines
2635,1876183,IHS,IHS Holding Ltd,Communication Services,Telecom Services
2636,1195739,NRK,NUVEEN NEW YORK AMT-FREE QUALITY MUNICIPAL INCOME FUND,Financial Services,Asset Management
2638,1958086,CLB,Core Laboratories Inc. /DE/,Energy,Oil & Gas Equipment & Services
2639,1013605,PDS,PRECISION DRILLING Corp,Energy,Oil & Gas Drilling
2640,27996,DLX,DELUXE CORP,Communication Services,Advertising Agencies
2641,1622229,COGT,"Cogent Biosciences, Inc.",Healthcare,Biotechnology
2642,66004,MSEX,MIDDLESEX WATER CO,Utilities,Utilities—Regulated Water
2643,1789940,FWRG,"First Watch Restaurant Group, Inc.",Consumer Cyclical,Restaurants
2644,1123134,IMOS,CHIPMOS TECHNOLOGIES INC,Technology,Semiconductors
2645,1899883,FIP,FTAI Infrastructure Inc.,Industrials,Conglomerates
2646,1863127,TYRA,"Tyra Biosciences, Inc.",Healthcare,Biotechnology
2647,100591,AGX,ARGAN INC,Industrials,Engineering & Construction
2648,710752,SBR,SABINE ROYALTY TRUST,Energy,Oil & Gas Midstream
2649,1409970,LC,LendingClub Corp,Financial Services,Credit Services
2650,1430725,GSL,"Global Ship Lease, Inc.",Industrials,Rental & Leasing Services
2651,921638,SSRM,SSR MINING INC.,Basic Materials,Gold
2652,1277866,EXK,ENDEAVOUR SILVER CORP,Basic Materials,Other Precious Metals & Mining
2653,1759783,EH,EHang Holdings Ltd,Industrials,Aerospace & Defense
2654,1767258,XPEL,"XPEL, Inc.",Consumer Cyclical,Auto Parts
2655,894081,ATSG,"Air Transport Services Group, Inc.",Industrials,Airlines
2656,1883085,PGY,Pagaya Technologies Ltd.,Technology,Software—Infrastructure
2657,879526,WNC,WABASH NATIONAL Corp,Industrials,Farm & Heavy Construction Machinery
2658,1005229,CMCO,COLUMBUS MCKINNON CORP,Industrials,Farm & Heavy Construction Machinery
2659,1671858,SPRY,"ARS Pharmaceuticals, Inc.",Healthcare,Biotechnology
2660,1392326,CPLP,Capital Product Partners L.P.,Industrials,Marine Shipping
2661,1567924,MIESY,"Mitsui E&S Holdings Co., Ltd./ADR",Industrials,Aerospace & Defense
2662,1370755,TCPC,BlackRock TCP Capital Corp.,Financial Services,Asset Management
2663,1789972,CGEM,"Cullinan Therapeutics, Inc.",Healthcare,Biotechnology
2664,1004702,OCFC,OCEANFIRST FINANCIAL CORP,Financial Services,Banks—Regional
2665,1042776,PDM,"Piedmont Office Realty Trust, Inc.",Real Estate,REIT—Office
2666,1709442,FSUN,FIRSTSUN CAPITAL BANCORP,Financial Services,Banks—Regional
2667,1525221,VTOL,Bristow Group Inc.,Energy,Oil & Gas Equipment & Services
2668,1849056,OKLO,Oklo Inc.,Utilities,Utilities—Regulated Electric
2669,1831481,SOC,Sable Offshore Corp.,Energy,Oil & Gas Drilling
2670,1720592,RPAY,Repay Holdings Corp,Technology,Software—Infrastructure
2671,1830487,PHVS,Pharvaris N.V.,Healthcare,Biotechnology
2672,807882,JACK,JACK IN THE BOX INC,Consumer Cyclical,Restaurants
2673,1862461,REAX,Real Brokerage Inc,Real Estate,Real Estate Services
2674,1322435,ETW,Eaton Vance Tax-Managed Global Buy-Write Opportunities Fund,Financial Services,Asset Management
2675,799233,HTLD,HEARTLAND EXPRESS INC,Industrials,Trucking
2676,1544206,CGBD,"Carlyle Secured Lending, Inc.",Financial Services,Asset Management
2677,354707,HE,HAWAIIAN ELECTRIC INDUSTRIES INC,Utilities,Utilities—Regulated Electric
2678,906013,AWF,ALLIANCEBERNSTEIN GLOBAL HIGH INCOME FUND INC,Financial Services,Asset Management
2679,354963,SHEN,SHENANDOAH TELECOMMUNICATIONS CO/VA/,Communication Services,Telecom Services
2680,1005731,IDT,IDT CORP,Communication Services,Telecom Services
2681,1936804,SDA,SunCar Technology Group Inc.,Consumer Cyclical,Auto & Truck Dealerships
2682,1812364,RLAY,"Relay Therapeutics, Inc.",Healthcare,Biotechnology
2683,1171471,CHI,CALAMOS CONVERTIBLE OPPORTUNITIES & INCOME FUND,Financial Services,Asset Management
2684,1865187,ARIS,"Aris Water Solutions, Inc.",Utilities,Utilities—Regulated Water
2685,1379400,AOD,abrdn Total Dynamic Dividend Fund,Financial Services,Asset Management
2686,1762301,FVRR,Fiverr International Ltd.,Communication Services,Internet Content & Information
2687,1625101,PLSE,"PULSE BIOSCIENCES, INC.",Healthcare,Medical Instruments & Supplies
2688,1826470,WOOF,"Petco Health & Wellness Company, Inc.",Consumer Cyclical,Specialty Retail
2689,2012593,RAPP,"Rapport Therapeutics, Inc.",Healthcare,Biotechnology
2690,944809,OPK,"OPKO HEALTH, INC.",Healthcare,Diagnostics & Research
2691,1400810,HCI,"HCI Group, Inc.",Financial Services,Insurance—Property & Casualty
2692,1846576,FIGS,"FIGS, Inc.",Consumer Cyclical,Apparel Manufacturing
2693,1606498,AVNS,"AVANOS MEDICAL, INC.",Healthcare,Medical Devices
2694,805267,HQH,abrdn Healthcare Investors,Financial Services,Asset Management
2695,1278895,CII,"BLACKROCK ENHANCED CAPITAL & INCOME FUND, INC.",Financial Services,Asset Management
2696,1293282,TTGT,TechTarget Inc,Communication Services,Internet Content & Information
2697,826675,DX,DYNEX CAPITAL INC,Real Estate,REIT—Mortgage
2698,1901279,NYAX,Nayax Ltd.,Technology,Information Technology Services
2699,1821160,GHLD,Guild Holdings Co,Financial Services,Mortgage Finance
2700,1873331,PGRU,PROPERTYGURU GROUP LTD,Communication Services,Internet Content & Information
2701,1117297,QNST,"QUINSTREET, INC",Communication Services,Advertising Agencies
2702,1854401,BRDG,Bridge Investment Group Holdings Inc.,Financial Services,Asset Management
2703,1326200,GNK,GENCO SHIPPING & TRADING LTD,Industrials,Marine Shipping
2704,1232860,MUI,"BLACKROCK MUNICIPAL INCOME FUND, INC.",Financial Services,Asset Management
2705,921582,IMAX,IMAX CORP,Communication Services,Entertainment
2706,890196,MQY,"BLACKROCK MUNIYIELD QUALITY FUND, INC.",Financial Services,Asset Management
2707,1423221,NX,Quanex Building Products CORP,Industrials,Building Products & Equipment
2708,834365,BLFS,BIOLIFE SOLUTIONS INC,Healthcare,Medical Instruments & Supplies
2709,1604174,ECC,Eagle Point Credit Co Inc.,Financial Services,Asset Management
2710,1418076,SLRC,SLR Investment Corp.,Financial Services,Asset Management
2711,1823652,EVEX,"Eve Holding, Inc.",Industrials,Aerospace & Defense
2712,1971213,SBGI,"Sinclair, Inc.",Communication Services,Entertainment
2713,1702780,ATUS,"Altice USA, Inc.",Communication Services,Telecom Services
2714,1845022,BASE,"Couchbase, Inc.",Technology,Software—Infrastructure
2715,33934,CRF,CORNERSTONE TOTAL RETURN FUND INC,Financial Services,Asset Management
2716,1222719,CHY,CALAMOS CONVERTIBLE & HIGH INCOME FUND,Financial Services,Asset Management
2717,1921158,FUFU,Bitfufu Inc.,Financial Services,Capital Markets
2718,1806347,WEST,Westrock Coffee Co,Consumer Defensive,Packaged Foods
2719,1951089,CRML,Critical Metals Corp.,Basic Materials,Other Industrial Metals & Mining
2720,1000623,MATV,"Mativ Holdings, Inc.",Basic Materials,Specialty Chemicals
2721,1067294,CBRL,"CRACKER BARREL OLD COUNTRY STORE, INC",Consumer Cyclical,Restaurants
2722,1712189,TH,Target Hospitality Corp.,Industrials,Specialty Business Services
2723,1345099,MESO,MESOBLAST LTD,Healthcare,Biotechnology
2724,1598428,MTUS,Metallus Inc.,Basic Materials,Steel
2725,1261654,UTI,UNIVERSAL TECHNICAL INSTITUTE INC,Consumer Defensive,Education & Training Services
2726,729580,BELFA,BEL FUSE INC /NJ,Technology,Electronic Components
2727,930236,RWT,REDWOOD TRUST INC,Real Estate,REIT—Mortgage
2728,1656472,CRON,Cronos Group Inc.,Healthcare,Drug Manufacturers—Specialty & Generic
2729,1680247,PUMP,ProPetro Holding Corp.,Energy,Oil & Gas Equipment & Services
2730,1956827,ABVX,Abivax S.A.,Healthcare,Biotechnology
2731,1604522,THQ,abrdn Healthcare Opportunities Fund,Financial Services,Asset Management
2732,1830033,PCT,"PureCycle Technologies, Inc.",Industrials,Pollution & Treatment Controls
2733,30305,DCO,DUCOMMUN INC /DE/,Industrials,Aerospace & Defense
2734,1617553,ZIP,"ZIPRECRUITER, INC.",Industrials,Staffing & Employment Services
2735,1821159,EVGO,EVgo Inc.,Consumer Cyclical,Specialty Retail
2736,1095565,HSTM,HEALTHSTREAM INC,Healthcare,Health Information Services
2737,357294,HOV,HOVNANIAN ENTERPRISES INC,Consumer Cyclical,Residential Construction
2738,1928446,GRNT,"Granite Ridge Resources, Inc.",Energy,Oil & Gas E&P
2739,945394,SVC,Service Properties Trust,Real Estate,REIT—Hotel & Motel
2740,755001,UTL,UNITIL CORP,Utilities,Utilities—Diversified
2741,915840,BZH,BEAZER HOMES USA INC,Consumer Cyclical,Residential Construction
2742,902791,BBSI,BARRETT BUSINESS SERVICES INC,Industrials,Staffing & Employment Services
2743,1748824,BSIG,BrightSphere Investment Group Inc.,Financial Services,Asset Management
2744,1690585,DNTH,"Dianthus Therapeutics, Inc. /DE/",Healthcare,Biotechnology
2745,1362468,ALGT,Allegiant Travel CO,Industrials,Airlines
2746,1577437,ASC,Ardmore Shipping Corp,Industrials,Marine Shipping
2747,1018979,AMSF,AMERISAFE INC,Financial Services,Insurance—Specialty
2748,1071255,GDEN,"GOLDEN ENTERTAINMENT, INC.",Consumer Cyclical,Resorts & Casinos
2749,1698991,ACEL,"Accel Entertainment, Inc.",Consumer Cyclical,Gambling
2750,1818383,MAX,"MediaAlpha, Inc.",Communication Services,Internet Content & Information
2751,715787,TILE,INTERFACE INC,Industrials,Building Products & Equipment
2752,2002473,BOW,Bowhead Specialty Holdings Inc.,Financial Services,Insurance—Property & Casualty
2753,1026214,FMCC,FEDERAL HOME LOAN MORTGAGE CORP,Financial Services,Mortgage Finance
2754,1425292,UAN,"CVR PARTNERS, LP",Basic Materials,Agricultural Inputs
2755,896264,USNA,USANA HEALTH SCIENCES INC,Consumer Defensive,Packaged Foods
2756,1514705,SXC,"SunCoke Energy, Inc.",Basic Materials,Coking Coal
2757,1669779,CWH,"Camping World Holdings, Inc.",Consumer Cyclical,Auto & Truck Dealerships
2758,1703057,ABCL,AbCellera Biologics Inc.,Healthcare,Biotechnology
2759,1023512,DRD,DRDGOLD LTD,Basic Materials,Gold
2760,1746109,BFC,Bank First Corp,Financial Services,Banks—Regional
2761,854775,DGII,DIGI INTERNATIONAL INC,Technology,Communication Equipment
2762,1360214,HROW,"HARROW, INC.",Healthcare,Drug Manufacturers—Specialty & Generic
2763,705432,SBSI,SOUTHSIDE BANCSHARES INC,Financial Services,Banks—Regional
2764,1013488,BJRI,BJs RESTAURANTS INC,Consumer Cyclical,Restaurants
2765,1988776,MRNO,Murano Global Investments Ltd,Real Estate,Real Estate—Development
2766,1698514,NESR,National Energy Services Reunited Corp.,Energy,Oil & Gas Equipment & Services
2768,1604665,WLKP,Westlake Chemical Partners LP,Basic Materials,Chemicals
2769,1823608,AMAL,Amalgamated Financial Corp.,Financial Services,Banks—Regional
2770,1166663,TEN,TSAKOS ENERGY NAVIGATION LTD,Energy,Oil & Gas Midstream
2771,1559432,TXO,"TXO Partners, L.P.",Energy,Oil & Gas E&P
2772,1300391,EOI,Eaton Vance Enhanced Equity Income Fund,Financial Services,Asset Management
2773,701288,ATRI,ATRION CORP,Healthcare,Medical Instruments & Supplies
2774,1785173,ETNB,"89bio, Inc.",Healthcare,Biotechnology
2775,1301787,BXC,BlueLinx Holdings Inc.,Industrials,Industrial Distribution
2776,1600620,AUPH,Aurinia Pharmaceuticals Inc.,Healthcare,Biotechnology
2777,1590750,VRDN,"Viridian Therapeutics, Inc.\DE",Healthcare,Biotechnology
2778,1743725,GDYN,"GRID DYNAMICS HOLDINGS, INC.",Technology,Information Technology Services
2779,1506289,BCX,BlackRock Resources & Commodities Strategy Trust,Financial Services,Asset Management
2780,1062231,AXL,AMERICAN AXLE & MANUFACTURING HOLDINGS INC,Consumer Cyclical,Auto Parts
2781,1717547,BRSP,"BrightSpire Capital, Inc.",Real Estate,REIT—Mortgage
2782,1517399,SUPV,Grupo Supervielle S.A.,Financial Services,Banks—Regional
2783,1792781,CURV,Torrid Holdings Inc.,Consumer Cyclical,Apparel Retail
2784,1868912,ENFN,"Enfusion, Inc.",Technology,Software—Application
2785,947559,FBMS,FIRST BANCSHARES INC /MS/,Financial Services,Banks—Regional
2786,1504619,PFLT,PennantPark Floating Rate Capital Ltd.,Financial Services,Asset Management
2787,1807846,ML,MONEYLION INC.,Technology,Software—Application
2788,1689548,PRAX,"Praxis Precision Medicines, Inc.",Healthcare,Biotechnology
2789,1023459,SLP,"Simulations Plus, Inc.",Healthcare,Health Information Services
2790,1160308,SVRA,Savara Inc,Healthcare,Biotechnology
2791,700565,FMBH,"FIRST MID BANCSHARES, INC.",Financial Services,Banks—Regional
2792,1382821,RDFN,Redfin Corp,Real Estate,Real Estate Services
2793,1866550,TWKS,"Thoughtworks Holding, Inc.",Technology,Information Technology Services
2794,1821769,NVTS,Navitas Semiconductor Corp,Technology,Semiconductors
2795,846617,DCOM,"Dime Community Bancshares, Inc. /NY/",Financial Services,Banks—Regional
2796,1000177,NAT,NORDIC AMERICAN TANKERS Ltd,Industrials,Marine Shipping
2797,1923891,NNE,Nano Nuclear Energy Inc.,Industrials,Specialty Industrial Machinery
2798,1818331,WGS,GeneDx Holdings Corp.,Healthcare,Health Information Services
2799,1811063,NUVB,Nuvation Bio Inc.,Healthcare,Biotechnology
2801,1094366,RDWR,RADWARE LTD,Technology,Software—Infrastructure
2802,1802156,XPOF,"Xponential Fitness, Inc.",Consumer Cyclical,Leisure
2803,1217234,CDNA,"CareDx, Inc.",Healthcare,Diagnostics & Research
2804,1443669,PRLB,Proto Labs Inc,Industrials,Metal Fabrication
2805,1517006,GATO,"Gatos Silver, Inc.",Basic Materials,Other Precious Metals & Mining
2806,731012,HCSG,HEALTHCARE SERVICES GROUP INC,Healthcare,Medical Care Facilities
2807,1640428,EVER,"EverQuote, Inc.",Communication Services,Internet Content & Information
2808,1227476,JQC,Nuveen Credit Strategies Income Fund,Financial Services,Asset Management
2809,1421517,ERII,"Energy Recovery, Inc.",Industrials,Pollution & Treatment Controls
2811,1441236,CLW,Clearwater Paper Corp,Basic Materials,Paper & Paper Products
2812,1334978,CCO,"Clear Channel Outdoor Holdings, Inc.",Communication Services,Advertising Agencies
2813,1145604,NIKA,"NIKA PHARMACEUTICALS, INC",Healthcare,Drug Manufacturers—Specialty & Generic
2814,1425450,KIDS,ORTHOPEDIATRICS CORP,Healthcare,Medical Devices
2815,1591588,AMRK,"A-Mark Precious Metals, Inc.",Financial Services,Capital Markets
2816,744187,REX,REX AMERICAN RESOURCES Corp,Basic Materials,Chemicals
2817,1049782,BRKL,BROOKLINE BANCORP INC,Financial Services,Banks—Regional
2818,1772695,NOVA,Sunnova Energy International Inc.,Technology,Solar
2819,1185348,PRAA,PRA GROUP INC,Financial Services,Credit Services
2820,1219360,PHK,PIMCO HIGH INCOME FUND,Financial Services,Asset Management
2821,1304492,ATEX,Anterix Inc.,Communication Services,Telecom Services
2822,1734342,AMTB,Amerant Bancorp Inc.,Financial Services,Banks—Regional
2823,1826600,MNTK,"Montauk Renewables, Inc.",Utilities,Utilities—Diversified
2824,350852,CTBI,COMMUNITY TRUST BANCORP INC /KY/,Financial Services,Banks—Regional
2825,1687187,METC,"Ramaco Resources, Inc.",Basic Materials,Coking Coal
2826,858655,HAYN,HAYNES INTERNATIONAL INC,Industrials,Metal Fabrication
2827,1831915,CTKB,"Cytek Biosciences, Inc.",Healthcare,Medical Devices
2828,1538849,CAPL,CrossAmerica Partners LP,Energy,Oil & Gas Refining & Marketing
2829,1865408,EXAI,Exscientia plc,Healthcare,Biotechnology
2830,1075415,DHC,DIVERSIFIED HEALTHCARE TRUST,Real Estate,REIT—Healthcare Facilities
2831,1144879,APLD,Applied Digital Corp.,Technology,Information Technology Services
2833,1728688,IIIV,"i3 Verticals, Inc.",Technology,Software—Infrastructure
2834,1176984,EIM,EATON VANCE MUNICIPAL BOND FUND,Financial Services,Asset Management
2835,1318568,EVRI,Everi Holdings Inc.,Consumer Cyclical,Gambling
2836,1868995,CINT,CI&T Inc,Technology,Software—Infrastructure
2837,790816,BDN,BRANDYWINE REALTY TRUST,Real Estate,REIT—Office
2838,911971,TK,TEEKAY CORP,Energy,Oil & Gas Midstream
2839,910612,CBL,CBL & ASSOCIATES PROPERTIES INC,Real Estate,REIT—Retail
2840,1966494,CRGX,"CARGO Therapeutics, Inc.",Healthcare,Biotechnology
2841,1777393,CHPT,"ChargePoint Holdings, Inc.",Consumer Cyclical,Specialty Retail
2842,1472012,IMNM,Immunome Inc.,Healthcare,Biotechnology
2843,883412,MYI,"BLACKROCK MUNIYIELD QUALITY FUND III, INC.",Financial Services,Asset Management
2844,55135,KELYA,KELLY SERVICES INC,Industrials,Staffing & Employment Services
2845,1315257,KOP,Koppers Holdings Inc.,Basic Materials,Specialty Chemicals
2846,1438533,TVTX,"Travere Therapeutics, Inc.",Healthcare,Biotechnology
2847,108385,WRLD,WORLD ACCEPTANCE CORP,Financial Services,Credit Services
2848,1500881,EU,enCore Energy Corp.,Energy,Uranium
2849,1291733,GOLLQ,Gol Intelligent Airlines Inc.,Industrials,Airlines
2850,1620280,UNIT,Uniti Group Inc.,Real Estate,REIT—Specialty
2851,1160990,PCN,PIMCO CORPORATE & INCOME STRATEGY FUND,Financial Services,Asset Management
2852,728387,CATX,"Perspective Therapeutics, Inc.",Healthcare,Medical Devices
2853,1761918,ERAS,"Erasca, Inc.",Healthcare,Biotechnology
2855,1452857,SPLP,STEEL PARTNERS HOLDINGS L.P.,Industrials,Conglomerates
2856,1830214,DNA,"Ginkgo Bioworks Holdings, Inc.",Healthcare,Biotechnology
2857,878518,TGB,TASEKO MINES LTD,Basic Materials,Copper
2858,1520504,VLRS,"Controladora Vuela Compania de Aviacion, S.A.B. de C.V.",Industrials,Airlines
2859,1860805,ASTL,Algoma Steel Group Inc.,Basic Materials,Steel
2860,1490906,CFFN,"Capitol Federal Financial, Inc.",Financial Services,Banks—Regional
2861,63296,MATW,MATTHEWS INTERNATIONAL CORP,Industrials,Conglomerates
2862,1633336,CCAP,"Crescent Capital BDC, Inc.",Financial Services,Asset Management
2863,1786108,TRIN,Trinity Capital Inc.,Financial Services,Credit Services
2864,1085913,FMCB,FARMERS & MERCHANTS BANCORP,Financial Services,Banks—Regional
2865,1260041,HTD,JOHN HANCOCK TAX-ADVANTAGED DIVIDEND INCOME FUND,Financial Services,Asset Management
2866,1794350,YALA,Yalla Group Ltd,Technology,Software—Application
2867,1625791,KRNT,Kornit Digital Ltd.,Industrials,Specialty Industrial Machinery
2868,1034957,CRESY,CRESUD INC,Industrials,Conglomerates
2869,1766400,PNTG,"Pennant Group, Inc.",Healthcare,Medical Care Facilities
2870,1174164,FFC,Flaherty & Crumrine PREFERRED & INCOME SECURITIES FUND INC,Financial Services,Asset Management
2871,946647,PFC,PREMIER FINANCIAL CORP,Financial Services,Banks—Regional
2872,95029,RGR,STURM RUGER & CO INC,Industrials,Aerospace & Defense
2873,1020859,UNFI,UNITED NATURAL FOODS INC,Consumer Defensive,Food Distribution
2874,1453015,BLDP,Ballard Power Systems Inc.,Industrials,Specialty Industrial Machinery
2875,1964333,BHRB,Burke & Herbert Financial Services Corp.,Financial Services,Banks—Regional
2876,1172222,HA,HAWAIIAN HOLDINGS INC,Industrials,Airlines
2877,8063,ATRO,ASTRONICS CORP,Industrials,Aerospace & Defense
2878,1818382,HUMA,"Humacyte, Inc.",Healthcare,Biotechnology
2879,1655099,RA,Brookfield Real Assets Income Fund Inc.,Financial Services,Asset Management
2880,1964504,ARMN,Aris Mining Corp,Basic Materials,Gold
2881,884219,VVI,VIAD CORP,Industrials,Specialty Business Services
2882,712771,CNOB,"ConnectOne Bancorp, Inc.",Financial Services,Banks—Regional
2883,1268884,IGR,CBRE GLOBAL REAL ESTATE INCOME FUND,Financial Services,Asset Management
2884,1944558,VTS,"Vitesse Energy, Inc.",Energy,Oil & Gas E&P
2885,1570562,EOLS,"Evolus, Inc.",Healthcare,Drug Manufacturers—Specialty & Generic
2886,1834376,INNV,InnovAge Holding Corp.,Healthcare,Medical Care Facilities
2887,1069899,PAHC,PHIBRO ANIMAL HEALTH CORP,Healthcare,Drug Manufacturers—Specialty & Generic
2888,1676163,SSII,"SS Innovations International, Inc.",Healthcare,Medical Devices
2889,883618,NXP,NUVEEN SELECT TAX FREE INCOME PORTFOLIO,Financial Services,Asset Management
2890,1020710,DXPE,DXP ENTERPRISES INC,Industrials,Industrial Distribution
2891,1809691,HKD,AMTD Digital Inc.,Technology,Software—Application
2892,1597553,SAGE,"Sage Therapeutics, Inc.",Healthcare,Biotechnology
2893,1630472,TRTX,"TPG RE Finance Trust, Inc.",Real Estate,REIT—Mortgage
2894,1842279,OPAL,OPAL Fuels Inc.,Utilities,Utilities—Regulated Gas
2895,1458412,CFB,"CROSSFIRST BANKSHARES, INC.",Financial Services,Banks—Regional
2896,1370053,ANAB,"ANAPTYSBIO, INC",Healthcare,Biotechnology
2897,1886878,PAXS,PIMCO Access Income Fund,Financial Services,Asset Management
2898,1756699,TIGR,UP Fintech Holding Ltd,Financial Services,Capital Markets
2899,1687926,ZUUS,"ZEUUS, INC.",Industrials,Specialty Business Services
2900,45876,NVRI,ENVIRI Corp,Industrials,Waste Management
2901,1623526,STOK,"Stoke Therapeutics, Inc.",Healthcare,Biotechnology
2902,1431695,OLO,Olo Inc.,Technology,Software—Application
2903,1802974,AVO,"Mission Produce, Inc.",Consumer Defensive,Food Distribution
2904,1758057,LAZR,"Luminar Technologies, Inc./DE",Consumer Cyclical,Auto Parts
2905,1162194,LAB,STANDARD BIOTOOLS INC.,Healthcare,Medical Devices
2906,1809122,CVAC,CureVac N.V.,Healthcare,Biotechnology
2907,1163739,NBR,NABORS INDUSTRIES LTD,Energy,Oil & Gas Drilling
2908,884152,VMO,Invesco Municipal Opportunity Trust,Financial Services,Asset Management
2909,1057060,HZO,MARINEMAX INC,Consumer Cyclical,Specialty Retail
2910,1005817,TMP,TOMPKINS FINANCIAL CORP,Financial Services,Banks—Regional
2911,896156,ETD,ETHAN ALLEN INTERIORS INC,Consumer Cyclical,"Furnishings, Fixtures & Appliances"
2912,1677703,CNDT,CONDUENT Inc,Technology,Information Technology Services
2913,1872789,EMBC,Embecta Corp.,Healthcare,Medical Instruments & Supplies
2914,1845437,NPWR,NET Power Inc.,Industrials,Specialty Industrial Machinery
2915,1958217,LZM,Lifezone Metals Ltd,Basic Materials,Other Industrial Metals & Mining
2916,1769484,BIOX,Bioceres Crop Solutions Corp.,Basic Materials,Agricultural Inputs
2917,1668243,URGN,UroGen Pharma Ltd.,Healthcare,Biotechnology
2919,1772177,KRUS,"KURA SUSHI USA, INC.",Consumer Cyclical,Restaurants
2920,1922446,DEC,Diversified Energy Co PLC,Energy,Oil & Gas E&P
2921,1894562,PRME,"Prime Medicine, Inc.",Healthcare,Biotechnology
2922,1957146,EXTO,Almacenes Exito S.A.,Consumer Cyclical,Department Stores
2923,917100,IFN,"INDIA FUND, INC.",Financial Services,Asset Management
2925,1853138,AACT,Ares Acquisition Corp II,Financial Services,Shell Companies
2926,1810019,RXT,"Rackspace Technology, Inc.",Technology,Software—Infrastructure
2927,1175535,WSR,Whitestone REIT,Real Estate,REIT—Retail
2928,859070,FCBC,FIRST COMMUNITY BANKSHARES INC /VA/,Financial Services,Banks—Regional
2929,1579684,GCI,"Gannett Co., Inc.",Communication Services,Publishing
2930,1743907,SNCY,"Sun Country Airlines Holdings, Inc.",Industrials,Airlines
2932,790500,FAX,"ABRDN ASIA-PACIFIC INCOME FUND, INC.",Financial Services,Asset Management
2933,1713748,SKE,Skeena Resources Ltd,Basic Materials,Other Industrial Metals & Mining
2934,1828723,AMPS,"Altus Power, Inc.",Utilities,Utilities—Renewable
2935,1794338,IGIC,International General Insurance Holdings Ltd.,Financial Services,Insurance—Diversified
2936,1795589,KC,Kingsoft Cloud Holdings Ltd,Technology,Software—Application
2937,1534254,CION,CION Investment Corp,Financial Services,Asset Management
2938,1320375,BOE,BlackRock Enhanced Global Dividend Trust,Financial Services,Asset Management
2939,357173,OSBC,OLD SECOND BANCORP INC,Financial Services,Banks—Regional
2940,1904856,EFXT,Enerflex Ltd.,Energy,Oil & Gas Equipment & Services
2941,1937653,ZYME,Zymeworks Inc.,Healthcare,Biotechnology
2942,1801170,CLOV,"CLOVER HEALTH INVESTMENTS, CORP. /DE",Healthcare,Healthcare Plans
2943,1828791,DSP,Viant Technology Inc.,Technology,Software—Application
2944,1746473,PLRX,"PLIANT THERAPEUTICS, INC.",Healthcare,Biotechnology
2945,1668673,PETQ,"PetIQ, Inc.",Healthcare,Drug Manufacturers—Specialty & Generic
2946,1059386,VVR,Invesco Senior Income Trust,Financial Services,Asset Management
2947,1631574,WVE,Wave Life Sciences Ltd.,Healthcare,Biotechnology
2948,1847367,ALMS,ALUMIS INC.,Healthcare,Biotechnology
2949,1823794,ARKO,ARKO Corp.,Consumer Cyclical,Specialty Retail
2950,1747068,MCBS,"MetroCity Bankshares, Inc.",Financial Services,Banks—Regional
2951,1683695,IMXI,"International Money Express, Inc.",Technology,Software—Infrastructure
2952,102212,UVSP,UNIVEST FINANCIAL Corp,Financial Services,Banks—Regional
2953,1979330,NBBK,"NB Bancorp, Inc.",Financial Services,Banks—Regional
2954,1806201,LPRO,Open Lending Corp,Financial Services,Credit Services
2955,1065059,LEU,CENTRUS ENERGY CORP,Energy,Uranium
2956,1383441,NIE,Virtus Equity & Convertible Income Fund,Financial Services,Asset Management
2957,792987,ASTE,ASTEC INDUSTRIES INC,Industrials,Farm & Heavy Construction Machinery
2958,1438231,DMRC,Digimarc CORP,Technology,Information Technology Services
2959,1508475,VNET,"VNET Group, Inc.",Technology,Information Technology Services
2960,1799567,DDI,"DoubleDown Interactive Co., Ltd.",Communication Services,Electronic Gaming & Multimedia
2961,1631569,CHCT,Community Healthcare Trust Inc,Real Estate,REIT—Healthcare Facilities
2962,894627,EGY,VAALCO ENERGY INC /DE/,Energy,Oil & Gas E&P
2963,1928581,FTEL,Fitell Corp,Consumer Cyclical,Specialty Retail
2965,1750284,OLMA,"Olema Pharmaceuticals, Inc.",Healthcare,Biotechnology
2966,1631596,KREF,KKR Real Estate Finance Trust Inc.,Real Estate,REIT—Mortgage
2967,351834,STKL,SunOpta Inc.,Consumer Defensive,Packaged Foods
2968,1944057,CLCO,COOL Co LTD.,Energy,Oil & Gas Midstream
2969,1642122,AC,"Associated Capital Group, Inc.",Financial Services,Asset Management
2971,1933414,MLYS,"Mineralys Therapeutics, Inc.",Healthcare,Biotechnology
2972,1447028,ABUS,Arbutus Biopharma Corp,Healthcare,Biotechnology
2973,1727196,SRRK,Scholar Rock Holding Corp,Healthcare,Biotechnology
2974,1092796,SWBI,"SMITH & WESSON BRANDS, INC.",Industrials,Aerospace & Defense
2975,1606163,LMB,"Limbach Holdings, Inc.",Industrials,Building Products & Equipment
2976,775215,HBT,"HBT Financial, Inc.",Financial Services,Banks—Regional
2977,876427,MNRO,"MONRO, INC.",Consumer Cyclical,Auto Parts
2978,1504461,NGL,NGL Energy Partners LP,Energy,Oil & Gas Midstream
2979,1879373,GTI,GRAPHJET TECHNOLOGY,Basic Materials,Other Industrial Metals & Mining
2980,1783183,PHAT,"Phathom Pharmaceuticals, Inc.",Healthcare,Biotechnology
2981,854560,GSBC,"GREAT SOUTHERN BANCORP, INC.",Financial Services,Banks—Regional
2982,1481582,RYI,Ryerson Holding Corp,Industrials,Metal Fabrication
2983,1796280,ORIC,"Oric Pharmaceuticals, Inc.",Healthcare,Biotechnology
2984,1609151,WEAV,"Weave Communications, Inc.",Healthcare,Health Information Services
2985,1313510,GGN,"GAMCO Global Gold, Natural Resources & Income Trust",Financial Services,Asset Management
2986,1034665,MHD,"BLACKROCK MUNIHOLDINGS FUND, INC.",Financial Services,Asset Management
2987,1602584,CCD,Calamos Dynamic Convertible & Income Fund,Financial Services,Asset Management
2988,1042729,MBWM,MERCANTILE BANK CORP,Financial Services,Banks—Regional
2989,1737927,CGC,Canopy Growth Corp,Healthcare,Drug Manufacturers—Specialty & Generic
2990,915779,DAKT,DAKTRONICS INC /SD/,Technology,Electronic Components
2991,1814287,ABL,"Abacus Life, Inc.",Financial Services,Insurance—Life
2992,1590976,MBUU,"MALIBU BOATS, INC.",Consumer Cyclical,Recreational Vehicles
2993,1837686,VMEO,"Vimeo, Inc.",Technology,Software—Application
2994,71829,NR,NEWPARK RESOURCES INC,Energy,Oil & Gas Equipment & Services
2995,1614178,YEXT,"Yext, Inc.",Technology,Software—Infrastructure
2996,1879248,ADSE,Ads-Tec Energy Public Ltd Co,Industrials,Electrical Equipment & Parts
2997,1296250,PFN,PIMCO Income Strategy Fund II,Financial Services,Asset Management
2998,928658,CVLG,"COVENANT LOGISTICS GROUP, INC.",Industrials,Trucking
2999,1340677,SVM,SILVERCORP METALS INC,Basic Materials,Silver
3000,924822,MLR,MILLER INDUSTRIES INC /TN/,Consumer Cyclical,Auto Parts
3001,1513363,FDUS,FIDUS INVESTMENT Corp,Financial Services,Asset Management
3002,1868279,AVBP,"ArriVent BioPharma, Inc.",Healthcare,Biotechnology
3003,910406,HAIN,HAIN CELESTIAL GROUP INC,Consumer Defensive,Packaged Foods
3004,1497645,INN,"Summit Hotel Properties, Inc.",Real Estate,REIT—Hotel & Motel
3005,1861795,DH,Definitive Healthcare Corp.,Healthcare,Health Information Services
3006,1468666,SCWX,SecureWorks Corp,Technology,Software—Infrastructure
3007,732417,HBIA,HILLS BANCORPORATION,Financial Services,Banks—Regional
3008,1066605,HSII,HEIDRICK & STRUGGLES INTERNATIONAL INC,Industrials,Staffing & Employment Services
3009,1290677,TPB,"Turning Point Brands, Inc.",Consumer Defensive,Tobacco
3010,1945711,LVRO,Lavoro Ltd,Basic Materials,Agricultural Inputs
3011,75208,OSG,OVERSEAS SHIPHOLDING GROUP INC,Energy,Oil & Gas Midstream
3012,1861974,ECX,ECARX Holdings Inc.,Consumer Cyclical,Auto Parts
3013,1855747,BLND,"Blend Labs, Inc.",Technology,Software—Application
3014,1278027,BGS,"B&G Foods, Inc.",Consumer Defensive,Packaged Foods
3016,1053988,MUJ,"BLACKROCK MUNIHOLDINGS NEW JERSEY QUALITY FUND, INC.",Financial Services,Asset Management
3017,1517396,SSYS,STRATASYS LTD.,Technology,Computer Hardware
3018,1862044,ZKH,ZKH Group Ltd,Consumer Cyclical,Internet Retail
3019,1195738,NKX,NUVEEN CALIFORNIA AMT-FREE QUALITY MUNICIPAL INCOME FUND,Financial Services,Asset Management
3020,877422,SPTN,SpartanNash Co,Consumer Defensive,Food Distribution
3021,1235468,LQDT,LIQUIDITY SERVICES INC,Consumer Cyclical,Internet Retail
3022,1046025,HFWA,HERITAGE FINANCIAL CORP /WA/,Financial Services,Banks—Regional
3023,1393726,TIPT,TIPTREE INC.,Financial Services,Insurance—Specialty
3024,1774342,NMCO,Nuveen Municipal Credit Opportunities Fund,Financial Services,Asset Management
3025,1434754,SB,"SAFE BULKERS, INC.",Industrials,Marine Shipping
3026,1782430,STRW,"Strawberry Fields REIT, Inc.",Real Estate,REIT—Healthcare Facilities
3027,1768224,ARCT,Arcturus Therapeutics Holdings Inc.,Healthcare,Biotechnology
3028,1692376,VEL,"Velocity Financial, Inc.",Financial Services,Mortgage Finance
3029,1823587,SKYH,Sky Harbour Group Corp,Industrials,Aerospace & Defense
3030,924717,SRDX,SURMODICS INC,Healthcare,Medical Devices
3031,1821806,LESL,"Leslie's, Inc.",Consumer Cyclical,Specialty Retail
3032,1488775,CEM,ClearBridge MLP & Midstream Fund Inc.,Financial Services,Asset Management
3033,1626450,BIGC,"BigCommerce Holdings, Inc.",Technology,Software—Application
3034,1395325,ETJ,Eaton Vance Risk-Managed Diversified Equity Income Fund,Financial Services,Asset Management
3035,1084869,FLWS,1 800 FLOWERS COM INC,Consumer Cyclical,Specialty Retail
3036,1823144,CMPO,"CompoSecure, Inc.",Industrials,Metal Fabrication
3037,1674930,FLGT,"Fulgent Genetics, Inc.",Healthcare,Diagnostics & Research
3038,1657573,XMTR,"Xometry, Inc.",Industrials,Specialty Industrial Machinery
3039,1437958,CCB,COASTAL FINANCIAL CORP,Financial Services,Banks—Regional
3040,216851,PEO,"ADAMS NATURAL RESOURCES FUND, INC.",Financial Services,Asset Management
3041,1010000,RUPRF,RUPERT RESOURCES LTD,Basic Materials,Gold
3042,1556739,THRY,"Thryv Holdings, Inc.",Communication Services,Internet Content & Information
3044,1001614,REPX,"Riley Exploration Permian, Inc.",Energy,Oil & Gas E&P
3045,1603454,CELC,Celcuity Inc.,Healthcare,Biotechnology
3046,1057379,HCKT,"HACKETT GROUP, INC.",Technology,Information Technology Services
3047,1856236,EWCZ,"European Wax Center, Inc.",Consumer Defensive,Household & Personal Products
3048,1533615,GMRE,Global Medical REIT Inc.,Real Estate,REIT—Healthcare Facilities
3049,80035,PLPC,PREFORMED LINE PRODUCTS CO,Industrials,Electrical Equipment & Parts
3050,1826286,VINP,Vinci Partners Investments Ltd.,Financial Services,Asset Management
3052,885601,IIM,Invesco Value Municipal Income Trust,Financial Services,Asset Management
3053,1130713,BYON,"BEYOND, INC.",Consumer Cyclical,Internet Retail
3054,1855129,GHRS,GH Research PLC,Healthcare,Biotechnology
3055,1861737,HSAI,Hesai Group,Consumer Cyclical,Auto Parts
3056,1464591,GPRK,GeoPark Ltd,Energy,Oil & Gas E&P
3057,1681622,VREX,Varex Imaging Corp,Healthcare,Medical Devices
3058,1799207,AUNA,AUNA S.A.,Healthcare,Medical Care Facilities
3059,1069530,SAVA,CASSAVA SCIENCES INC,Healthcare,Biotechnology
3060,1719714,MREO,Mereo BioPharma Group plc,Healthcare,Biotechnology
3061,764401,IIIN,INSTEEL INDUSTRIES INC,Industrials,Metal Fabrication
3062,1062822,LXRX,"LEXICON PHARMACEUTICALS, INC.",Healthcare,Biotechnology
3063,1726173,BH-A,Biglari Holdings Inc.,Consumer Cyclical,Restaurants
3064,1234006,GOOD,GLADSTONE COMMERCIAL CORP,Real Estate,REIT—Diversified
3065,1160864,BHK,BLACKROCK CORE BOND TRUST,Financial Services,Asset Management
3066,1697532,APLT,"Applied Therapeutics, Inc.",Healthcare,Biotechnology
3067,1374690,LRMR,"Larimar Therapeutics, Inc.",Healthcare,Biotechnology
3068,93389,SMP,"STANDARD MOTOR PRODUCTS, INC.",Consumer Cyclical,Auto Parts
3069,855886,PDT,JOHN HANCOCK PREMIUM DIVIDEND FUND,Financial Services,Asset Management
3070,893949,MD,"Pediatrix Medical Group, Inc.",Healthcare,Medical Care Facilities
3071,1170299,PML,PIMCO MUNICIPAL INCOME FUND II,Financial Services,Asset Management
3072,1432364,AZUL,AZUL SA,Industrials,Airlines
3073,701347,CPF,CENTRAL PACIFIC FINANCIAL CORP,Financial Services,Banks—Regional
3074,1010086,SIGA,SIGA TECHNOLOGIES INC,Healthcare,Drug Manufacturers—Specialty & Generic
3075,1314966,BME,BlackRock Health Sciences Trust,Financial Services,Asset Management
3076,1855474,AIRJ,Montana Technologies Corp.,Industrials,Building Products & Equipment
3077,1835597,PEPG,PepGen Inc.,Healthcare,Biotechnology
3078,1334388,OBE,OBSIDIAN ENERGY LTD.,Energy,Oil & Gas E&P
3079,1871509,PTLO,Portillo's Inc.,Consumer Cyclical,Restaurants
3080,886043,MMU,WESTERN ASSET MANAGED MUNICIPALS FUND INC.,Financial Services,Asset Management
3081,1673985,ASIX,AdvanSix Inc.,Basic Materials,Chemicals
3082,1708055,RBBN,Ribbon Communications Inc.,Communication Services,Telecom Services
3083,1313310,GRVY,"GRAVITY Co., Ltd.",Communication Services,Electronic Gaming & Multimedia
3084,1843586,OTLY,Oatly Group AB,Consumer Defensive,Packaged Foods
3085,1471420,STK,"Columbia Seligman Premium Technology Growth Fund, Inc.",Financial Services,Asset Management
3086,1042893,DRQ,DRIL-QUIP INC,Energy,Oil & Gas Equipment & Services
3087,1847590,BWMN,Bowman Consulting Group Ltd.,Industrials,Engineering & Construction
3088,1843973,FLYX,FLYEXCLUSIVE INC.,Industrials,Airlines
3089,1127703,PRA,PROASSURANCE CORP,Financial Services,Insurance—Property & Casualty
3090,1828316,PHAR,Pharming Group N.V.,Healthcare,Biotechnology
3091,1393299,BGY,BlackRock Enhanced International Dividend Trust,Financial Services,Asset Management
3092,925683,BTO,JOHN HANCOCK FINANCIAL OPPORTUNITIES FUND,Financial Services,Asset Management
3093,1762417,DOYU,DouYu International Holdings Ltd,Communication Services,Internet Content & Information
3094,880892,VGM,Invesco Trust for Investment Grade Municipals,Financial Services,Asset Management
3095,1782999,PRTC,PureTech Health plc,Healthcare,Biotechnology
3096,33002,EBF,"ENNIS, INC.",Industrials,Business Equipment & Supplies
3097,1562818,BIT,BlackRock Multi-Sector Income Trust,Financial Services,Asset Management
3098,874501,AMBC,AMBAC FINANCIAL GROUP INC,Financial Services,Insurance—Specialty
3099,1966983,LAC,LITHIUM AMERICAS CORP.,Basic Materials,Other Industrial Metals & Mining
3100,1227862,EMD,WESTERN ASSET EMERGING MARKETS DEBT FUND INC.,Financial Services,Asset Management
3101,877463,VKQ,Invesco Municipal Trust,Financial Services,Asset Management
3102,1333274,MERC,MERCER INTERNATIONAL INC.,Basic Materials,Paper & Paper Products
3103,1436208,LEGH,Legacy Housing Corp,Consumer Cyclical,Residential Construction
3104,1459839,SIBN,"SI-BONE, Inc.",Healthcare,Medical Devices
3105,1591670,FPI,Farmland Partners Inc.,Real Estate,REIT—Specialty
3106,1325618,IRMD,IRADIMED CORP,Healthcare,Medical Devices
3107,1832928,CRLBF,Cresco Labs Inc.,Healthcare,Drug Manufacturers—Specialty & Generic
3108,1595097,CRBP,"Corbus Pharmaceuticals Holdings, Inc.",Healthcare,Biotechnology
3109,39311,IBCP,INDEPENDENT BANK CORP /MI/,Financial Services,Banks—Regional
3110,1454789,ATXS,"Astria Therapeutics, Inc.",Healthcare,Biotechnology
3111,1434621,TREE,"LendingTree, Inc.",Financial Services,Financial Conglomerates
3112,1490281,GRPN,"Groupon, Inc.",Communication Services,Internet Content & Information
3113,1662991,SEZL,Sezzle Inc.,Financial Services,Credit Services
3114,1907108,LXEO,"Lexeo Therapeutics, Inc.",Healthcare,Biotechnology
3115,1050441,EGBN,EAGLE BANCORP INC,Financial Services,Banks—Regional
3116,1531978,FNA,"Paragon 28, Inc.",Healthcare,Medical Devices
3117,1273685,NYMT,NEW YORK MORTGAGE TRUST INC,Real Estate,REIT—Mortgage
3118,708781,CASS,CASS INFORMATION SYSTEMS INC,Industrials,Specialty Business Services
3119,72573,MOV,MOVADO GROUP INC,Consumer Cyclical,Luxury Goods
3120,1372020,GLDD,Great Lakes Dredge & Dock CORP,Industrials,Engineering & Construction
3121,884624,OFIX,Orthofix Medical Inc.,Healthcare,Medical Devices
3122,60714,LXU,"LSB INDUSTRIES, INC.",Basic Materials,Chemicals
3123,1758021,KRT,Karat Packaging Inc.,Consumer Cyclical,Packaging & Containers
3124,1546429,BGB,Blackstone Strategic Credit 2027 Term Fund,Financial Services,Asset Management
3125,1842731,SMWB,SIMILARWEB LTD.,Technology,Software—Application
3126,1808865,ITOS,"iTeos Therapeutics, Inc.",Healthcare,Biotechnology
3127,357301,TRST,TRUSTCO BANK CORP N Y,Financial Services,Banks—Regional
3128,711772,CATC,CAMBRIDGE BANCORP,Financial Services,Banks—Regional
3129,1624322,BFST,"Business First Bancshares, Inc.",Financial Services,Banks—Regional
3130,1506929,VRDR,"VERDE RESOURCES, INC.",Basic Materials,Agricultural Inputs
3131,706129,HBNC,HORIZON BANCORP INC /IN/,Financial Services,Banks—Regional
3132,796505,CLFD,"Clearfield, Inc.",Technology,Communication Equipment
3133,876523,EZPW,EZCORP INC,Financial Services,Credit Services
3134,1576942,SFIX,"Stitch Fix, Inc.",Consumer Cyclical,Apparel Retail
3135,783412,DJCO,DAILY JOURNAL CORP,Technology,Software—Application
3136,1838615,ALTI,"AlTi Global, Inc.",Financial Services,Asset Management
3137,1831631,LDI,"loanDepot, Inc.",Financial Services,Mortgage Finance
3138,1689375,TRDA,"Entrada Therapeutics, Inc.",Healthcare,Biotechnology
3139,1124796,LASR,"NLIGHT, INC.",Technology,Semiconductors
3140,798783,UHT,UNIVERSAL HEALTH REALTY INCOME TRUST,Real Estate,REIT—Healthcare Facilities
3141,885125,IQI,Invesco Quality Municipal Income Trust,Financial Services,Asset Management
3142,108985,YORW,YORK WATER CO,Utilities,Utilities—Regulated Water
3143,1737953,REPL,"Replimune Group, Inc.",Healthcare,Biotechnology
3145,1368519,NOA,North American Construction Group Ltd.,Energy,Oil & Gas Equipment & Services
3146,1267902,WIW,WESTERN ASSET INFLATION-LINKED OPPORTUNITIES & INCOME FUND,Financial Services,Asset Management
3147,844059,FRPH,"FRP HOLDINGS, INC.",Real Estate,Real Estate Services
3149,1824814,CGNT,Cognyte Software Ltd.,Technology,Software—Infrastructure
3151,70487,NRC,NATIONAL RESEARCH CORP,Healthcare,Health Information Services
3152,1227500,EQBK,EQUITY BANCSHARES INC,Financial Services,Banks—Regional
3153,891166,UVE,"UNIVERSAL INSURANCE HOLDINGS, INC.",Financial Services,Insurance—Property & Casualty
3154,1606757,KE,"Kimball Electronics, Inc.",Industrials,Electrical Equipment & Parts
3155,1855175,CTNM,"Contineum Therapeutics, Inc.",Healthcare,Biotechnology
3156,1840616,NFGC,New Found Gold Corp.,Basic Materials,Gold
3157,1590877,RGNX,REGENXBIO Inc.,Healthcare,Biotechnology
3158,1528115,ANNX,"Annexon, Inc.",Healthcare,Biotechnology
3159,1734107,SOHU,Sohu.com Ltd,Communication Services,Electronic Gaming & Multimedia
3160,1478320,ADPT,Adaptive Biotechnologies Corp,Healthcare,Biotechnology
3161,1304421,CNSL,"Consolidated Communications Holdings, Inc.",Communication Services,Telecom Services
3162,319654,PBT,PERMIAN BASIN ROYALTY TRUST,Energy,Oil & Gas Midstream
3163,826154,ORRF,ORRSTOWN FINANCIAL SERVICES INC,Financial Services,Banks—Regional
3164,876779,MGIC,MAGIC SOFTWARE ENTERPRISES LTD,Technology,Information Technology Services
3165,1766600,SNDL,SNDL Inc.,Consumer Defensive,Beverages—Wineries & Distilleries
3166,1953530,OCS,Oculis Holding AG,Healthcare,Biotechnology
3167,1518621,ORC,"Orchid Island Capital, Inc.",Real Estate,REIT—Mortgage
3168,1143513,GLAD,GLADSTONE CAPITAL CORP,Financial Services,Asset Management
3169,1788257,BWMX,"BETTERWARE DE MEXICO, S.A.P.I. DE C.V",Consumer Cyclical,Specialty Retail
3170,1517518,EMO,ClearBridge Energy Midstream Opportunity Fund Inc.,Financial Services,Asset Management
3171,899751,TWI,TITAN INTERNATIONAL INC,Industrials,Farm & Heavy Construction Machinery
3172,934549,ACTG,ACACIA RESEARCH CORP,Industrials,Business Equipment & Supplies
3173,1836833,PL,Planet Labs PBC,Industrials,Aerospace & Defense
3174,101199,UFCS,UNITED FIRE GROUP INC,Financial Services,Insurance—Property & Casualty
3175,1643303,NNDM,Nano Dimension Ltd.,Technology,Computer Hardware
3176,1816581,OUST,"Ouster, Inc.",Technology,Electronic Components
3177,1499543,NOAH,Noah Holdings Ltd,Financial Services,Asset Management
3178,1840574,VERV,"Verve Therapeutics, Inc.",Healthcare,Biotechnology
3179,1053352,HTBK,HERITAGE COMMERCE CORP,Financial Services,Banks—Regional
3180,1368265,CLNE,Clean Energy Fuels Corp.,Energy,Oil & Gas Refining & Marketing
3181,1348911,KALV,"KalVista Pharmaceuticals, Inc.",Healthcare,Biotechnology
3182,886206,FC,FRANKLIN COVEY CO,Consumer Defensive,Education & Training Services
3183,1176194,BLE,BLACKROCK MUNICIPAL INCOME TRUST II,Financial Services,Asset Management
3184,1321741,GAIN,GLADSTONE INVESTMENT CORPORATIONDE,Financial Services,Asset Management
3185,1943289,SVCO,"Silvaco Group, Inc.",Technology,Software—Application
3186,1704711,FNKO,"Funko, Inc.",Consumer Cyclical,Leisure
3187,791963,OPY,OPPENHEIMER HOLDINGS INC,Financial Services,Capital Markets
3189,61398,TELL,TELLURIAN INC. /DE/,Energy,Oil & Gas E&P
3190,807863,MITK,MITEK SYSTEMS INC,Technology,Software—Application
3191,1538263,HTBI,"HomeTrust Bancshares, Inc.",Financial Services,Banks—Regional
3192,1383414,PNNT,PENNANTPARK INVESTMENT CORP,Financial Services,Asset Management
3193,1051003,DSU,"BLACKROCK DEBT STRATEGIES FUND, INC.",Financial Services,Asset Management
3194,1512499,LIND,"LINDBLAD EXPEDITIONS HOLDINGS, INC.",Consumer Cyclical,Travel Services
3195,1547459,NGVC,"Natural Grocers by Vitamin Cottage, Inc.",Consumer Defensive,Grocery Stores
3196,1712463,PACK,Ranpak Holdings Corp.,Consumer Cyclical,Packaging & Containers
3197,1070524,GCBC,GREENE COUNTY BANCORP INC,Financial Services,Banks—Regional
3198,1215913,HPS,JOHN HANCOCK PREFERRED INCOME FUND III,Financial Services,Asset Management
3199,1886190,GGR,Gogoro Inc.,Consumer Cyclical,Auto Manufacturers
3200,314203,MUX,McEwen Mining Inc.,Basic Materials,Other Precious Metals & Mining
3201,1087786,NXJ,NUVEEN NEW JERSEY QUALITY MUNICIPAL INCOME FUND,Financial Services,Asset Management
3202,1608742,DIAX,Nuveen Dow 30sm Dynamic Overwrite Fund,Financial Services,Asset Management
3203,80172,NPK,NATIONAL PRESTO INDUSTRIES INC,Industrials,Aerospace & Defense
3204,1855756,LILM,Lilium N.V.,Industrials,Aerospace & Defense
3205,1722964,YMAB,"Y-mAbs Therapeutics, Inc.",Healthcare,Biotechnology
3206,1053584,MCBC,MACATAWA BANK CORP,Financial Services,Banks—Regional
3207,1233681,BLW,BLACKROCK Ltd DURATION INCOME TRUST,Financial Services,Asset Management
3208,1528988,BUI,"BlackRock Utilities, Infrastructure & Power Opportunities Trust",Financial Services,Asset Management
3209,1876588,ZIMV,ZimVie Inc.,Healthcare,Medical Devices
3210,724004,MLAB,MESA LABORATORIES INC /CO/,Technology,Scientific & Technical Instruments
3211,895531,VCV,Invesco California Value Municipal Income Trust,Financial Services,Asset Management
3212,1836564,VALN,Valneva SE,Healthcare,Biotechnology
3213,1705873,BRY,Berry Corp (bry),Energy,Oil & Gas E&P
3214,1635977,THW,abrdn World Healthcare Fund,Financial Services,Asset Management
3215,1838957,RERE,ATRenew Inc.,Consumer Cyclical,Internet Retail
3216,1816233,SHCR,"Sharecare, Inc.",Healthcare,Health Information Services
3217,1275168,FSBC,FIVE STAR BANCORP,Financial Services,Banks—Regional
3218,903651,INOD,INNODATA INC,Technology,Information Technology Services
3219,1317945,OFLX,"Omega Flex, Inc.",Industrials,Specialty Industrial Machinery
3220,879361,MYD,"BLACKROCK MUNIYIELD FUND, INC.",Financial Services,Asset Management
3221,1554697,GHY,"PGIM Global High Yield Fund, Inc.",Financial Services,Asset Management
3222,1966287,GFR,Greenfire Resources Ltd.,Energy,Oil & Gas E&P
3223,1287213,PLOW,"DOUGLAS DYNAMICS, INC",Consumer Cyclical,Auto Parts
3224,916907,SMBC,"SOUTHERN MISSOURI BANCORP, INC.",Financial Services,Banks—Regional
3225,1813814,MNMD,Mind Medicine (MindMed) Inc.,Healthcare,Biotechnology
3226,1499849,LND,BrasilAgro - Brazilian Agricultural Real Estate Co,Consumer Defensive,Farm Products
3227,1386278,GDOT,GREEN DOT CORP,Financial Services,Credit Services
3228,1072379,NWBO,NORTHWEST BIOTHERAPEUTICS INC,Healthcare,Biotechnology
3229,43196,GTN,GRAY TELEVISION INC,Communication Services,Broadcasting
3230,1401521,ACIC,AMERICAN COASTAL INSURANCE Corp,Financial Services,Insurance—Property & Casualty
3231,1923840,THRD,"Third Harmonic Bio, Inc.",Healthcare,Biotechnology
3232,1109242,HAFC,HANMI FINANCIAL CORP,Financial Services,Banks—Regional
3233,1404644,NGNE,Neurogene Inc.,Healthcare,Biotechnology
3234,1794783,SLQT,"SelectQuote, Inc.",Financial Services,Insurance Brokers
3235,1495240,LAND,GLADSTONE LAND Corp,Real Estate,REIT—Specialty
3236,1021561,NUS,"NU SKIN ENTERPRISES, INC.",Consumer Defensive,Household & Personal Products
3237,912728,FWRD,FORWARD AIR CORP,Industrials,Integrated Freight & Logistics
3238,1832332,AVAH,"Aveanna Healthcare Holdings, Inc.",Healthcare,Medical Care Facilities
3239,1466026,MSBI,"Midland States Bancorp, Inc.",Financial Services,Banks—Regional
3240,1464790,RILY,"B. Riley Financial, Inc.",Financial Services,Financial Conglomerates
3241,1447362,CSTL,CASTLE BIOSCIENCES INC,Healthcare,Diagnostics & Research
3242,1747079,BALY,Bally's Corp,Consumer Cyclical,Resorts & Casinos
3243,49754,DIN,"Dine Brands Global, Inc.",Consumer Cyclical,Restaurants
3244,1337117,ITRN,Ituran Location & Control Ltd.,Technology,Scientific & Technical Instruments
3245,1434868,ESPR,"Esperion Therapeutics, Inc.",Healthcare,Drug Manufacturers—Specialty & Generic
3246,1769617,HONE,"HarborOne Bancorp, Inc.",Financial Services,Banks—Regional
3247,1819253,BTMD,biote Corp.,Healthcare,Medical Care Facilities
3248,1326190,ALT,"Altimmune, Inc.",Healthcare,Biotechnology
3249,1798562,TMC,TMC the metals Co Inc.,Basic Materials,Other Industrial Metals & Mining
3250,1440972,LAAC,Lithium Americas (Argentina) Corp.,Basic Materials,Other Industrial Metals & Mining
3251,1962918,SLRN,"ACELYRIN, Inc.",Healthcare,Biotechnology
3252,712770,OLP,ONE LIBERTY PROPERTIES INC,Real Estate,REIT—Diversified
3253,1831363,TERN,"Terns Pharmaceuticals, Inc.",Healthcare,Biotechnology
3254,69488,MYE,MYERS INDUSTRIES INC,Consumer Cyclical,Packaging & Containers
3255,1848731,GLASF,Glass House Brands Inc.,Healthcare,Drug Manufacturers—Specialty & Generic
3256,1221029,CPAC,CEMENTOS PACASMAYO SAA,Basic Materials,Building Materials
3257,1837014,SMRT,"SmartRent, Inc.",Technology,Software—Application
3258,1044777,OSPN,OneSpan Inc.,Technology,Software—Infrastructure
3259,1737287,ALLO,"Allogene Therapeutics, Inc.",Healthcare,Biotechnology
3260,1476034,MCB,Metropolitan Bank Holding Corp.,Financial Services,Banks—Regional
3261,1349436,SD,SANDRIDGE ENERGY INC,Energy,Oil & Gas E&P
3263,1895597,ICG,Intchains Group Ltd,Technology,Semiconductors
3264,1824403,RSVR,"Reservoir Media, Inc.",Communication Services,Entertainment
3265,750686,CAC,CAMDEN NATIONAL CORP,Financial Services,Banks—Regional
3266,2019103,SLSR,Solaris Resources Inc.,Basic Materials,Other Precious Metals & Mining
3267,896429,CTLP,"CANTALOUPE, INC.",Technology,Information Technology Services
3268,1503274,QTRX,Quanterix Corp,Healthcare,Medical Devices
3269,1815776,LENZ,"LENZ Therapeutics, Inc.",Healthcare,Biotechnology
3270,1072725,GDRZF,GOLD RESERVE INC,Basic Materials,Gold
3271,1846253,OABI,"OmniAb, Inc.",Healthcare,Biotechnology
3272,704562,CDMO,"Avid Bioservices, Inc.",Healthcare,Biotechnology
3273,1259708,FRA,"BLACKROCK FLOATING RATE INCOME STRATEGIES FUND, INC.",Financial Services,Asset Management
3274,709337,FMNB,FARMERS NATIONAL BANC CORP /OH/,Financial Services,Banks—Regional
3275,1514416,BAND,Bandwidth Inc.,Technology,Software—Infrastructure
3276,1653087,ALEC,"Alector, Inc.",Healthcare,Biotechnology
3277,1464343,ATLC,Atlanticus Holdings Corp,Financial Services,Credit Services
3278,1372299,OCGN,"Ocugen, Inc.",Healthcare,Biotechnology
3279,835948,MVF,"BLACKROCK MUNIVEST FUND, INC.",Financial Services,Asset Management
3280,1518557,MMD,MainStay MacKay DefinedTerm Municipal Opportunities Fund,Financial Services,Asset Management
3281,1377757,GAU,Galiano Gold Inc.,Basic Materials,Gold
3283,910638,DDD,3D SYSTEMS CORP,Technology,Computer Hardware
3284,1080720,GUT,GABELLI UTILITY TRUST,Financial Services,Asset Management
3285,1806310,TSHA,"Taysha Gene Therapies, Inc.",Healthcare,Biotechnology
3286,1874474,ALLG,Allego N.V.,Consumer Cyclical,Specialty Retail
3287,912147,RMT,"ROYCE MICRO-CAP TRUST, INC.",Financial Services,Asset Management
3288,870780,NQP,NUVEEN PENNSYLVANIA QUALITY MUNICIPAL INCOME FUND,Financial Services,Asset Management
3289,1141103,CCRN,CROSS COUNTRY HEALTHCARE INC,Healthcare,Medical Care Facilities
3290,1819810,RDW,Redwire Corp,Industrials,Aerospace & Defense
3291,1593548,AGS,"PlayAGS, Inc.",Consumer Cyclical,Gambling
3292,1478888,NBB,Nuveen Taxable Municipal Income Fund,Financial Services,Asset Management
3293,726601,CCBG,CAPITAL CITY BANK GROUP INC,Financial Services,Banks—Regional
3294,1848739,GDEV,GDEV Inc.,Communication Services,Electronic Gaming & Multimedia
3296,917470,ZEUS,OLYMPIC STEEL INC,Basic Materials,Steel
3297,1108109,CYH,COMMUNITY HEALTH SYSTEMS INC,Healthcare,Medical Care Facilities
3298,1998768,PAL,"Proficient Auto Logistics, Inc",Industrials,Integrated Freight & Logistics
3299,1018164,WLFC,WILLIS LEASE FINANCE CORP,Industrials,Rental & Leasing Services
3300,1562051,NML,Neuberger Berman Energy Infrastructure & Income Fund Inc.,Financial Services,Asset Management
3301,1865389,NPFD,Nuveen Variable Rate Preferred & Income Fund,Financial Services,Asset Management
3302,717720,VALU,VALUE LINE INC,Financial Services,Financial Data & Stock Exchanges
3303,1468639,VICP,"Vicapsys Life Sciences, Inc.",Healthcare,Biotechnology
3304,1314102,EYPT,"EyePoint Pharmaceuticals, Inc.",Healthcare,Biotechnology
3305,1396277,CHW,Calamos Global Dynamic Income Fund,Financial Services,Asset Management
3306,799288,LE,"LANDS' END, INC.",Consumer Cyclical,Apparel Retail
3307,96869,TRC,TEJON RANCH CO,Industrials,Conglomerates
3308,1173489,CEVA,CEVA INC,Technology,Semiconductors
3309,1475115,EB,"Eventbrite, Inc.",Technology,Software—Application
3310,1547994,JPI,Nuveen Preferred & Income Term Fund,Financial Services,Asset Management
3311,1176199,HPI,JOHN HANCOCK PREFERRED INCOME FUND,Financial Services,Asset Management
3312,818033,HRTX,"HERON THERAPEUTICS, INC. /DE/",Healthcare,Biotechnology
3313,1367644,EBS,Emergent BioSolutions Inc.,Healthcare,Drug Manufacturers—Specialty & Generic
3314,737468,WASH,WASHINGTON TRUST BANCORP INC,Financial Services,Banks—Regional
3315,59255,VHI,VALHI INC /DE/,Basic Materials,Chemicals
3316,1653384,RWAY,Runway Growth Finance Corp.,Financial Services,Credit Services
3317,1137393,BFK,BLACKROCK MUNICIPAL INCOME TRUST,Financial Services,Asset Management
3318,31235,KODK,EASTMAN KODAK CO,Industrials,Specialty Business Services
3319,1854149,ANSC,Agriculture & Natural Solutions Acquisition Corp,Financial Services,Shell Companies
3320,1768446,ELYM,"Eliem Therapeutics, Inc.",Healthcare,Biotechnology
3321,1731289,NKLA,Nikola Corp,Industrials,Farm & Heavy Construction Machinery
3322,1574197,FPH,"Five Point Holdings, LLC",Real Estate,Real Estate—Development
3323,74046,ODC,Oil-Dri Corp of America,Basic Materials,Specialty Chemicals
3324,901243,MUA,"BLACKROCK MUNIASSETS FUND, INC.",Financial Services,Asset Management
3325,1163668,SPFI,"SOUTH PLAINS FINANCIAL, INC.",Financial Services,Banks—Regional
3326,1377630,NCMI,"National CineMedia, Inc.",Communication Services,Advertising Agencies
3327,1487428,HRZN,Horizon Technology Finance Corp,Financial Services,Asset Management
3328,1781753,DAO,"Youdao, Inc.",Consumer Defensive,Education & Training Services
3330,1227654,CMP,COMPASS MINERALS INTERNATIONAL INC,Basic Materials,Other Industrial Metals & Mining
3331,1823986,WDH,Waterdrop Inc.,Financial Services,Insurance—Diversified
3332,1640266,VYGR,"Voyager Therapeutics, Inc.",Healthcare,Biotechnology
3333,1437071,IVR,Invesco Mortgage Capital Inc.,Real Estate,REIT—Mortgage
3334,1803737,EHAB,"Enhabit, Inc.",Healthcare,Medical Care Facilities
3335,1385613,GLRE,"GREENLIGHT CAPITAL RE, LTD.",Financial Services,Insurance—Reinsurance
3336,1534880,ISD,"PGIM High Yield Bond Fund, Inc.",Financial Services,Asset Management
3337,714562,THFF,FIRST FINANCIAL CORP /IN/,Financial Services,Banks—Regional
3338,1774170,AIOT,"Powerfleet, Inc.",Technology,Software—Infrastructure
3339,1795251,NNOX,Nano-X Imaging Ltd.,Healthcare,Medical Devices
3340,1710350,BTBT,"Bit Digital, Inc",Financial Services,Capital Markets
3341,1849396,NEXN,Nexxen International Ltd.,Communication Services,Advertising Agencies
3343,1655210,BYND,"BEYOND MEAT, INC.",Consumer Defensive,Packaged Foods
3344,712034,ACCO,ACCO BRANDS Corp,Industrials,Business Equipment & Supplies
3345,1474627,NEGG,"Newegg Commerce, Inc.",Consumer Cyclical,Internet Retail
3346,1948455,ISPR,Ispire Technology Inc.,Consumer Defensive,Tobacco
3347,1583107,TBPH,"Theravance Biopharma, Inc.",Healthcare,Biotechnology
3348,1837821,ZJYL,Jin Medical International Ltd.,Healthcare,Medical Instruments & Supplies
3349,1701051,WOW,"WideOpenWest, Inc.",Communication Services,Telecom Services
3350,1840199,WALD,Waldencast plc,Consumer Defensive,Household & Personal Products
3351,1778129,TSNDF,TerrAscend Corp.,Healthcare,Drug Manufacturers—Specialty & Generic
3352,717538,AROW,ARROW FINANCIAL CORP,Financial Services,Banks—Regional
3353,63330,MLP,MAUI LAND & PINEAPPLE CO INC,Real Estate,Real Estate Services
3354,1281926,ETO,Eaton Vance Tax-Advantaged Global Dividend Opportunities Fund,Financial Services,Asset Management
3355,1476045,CLDT,Chatham Lodging Trust,Real Estate,REIT—Hotel & Motel
3356,1287098,MXCT,"MAXCYTE, INC.",Healthcare,Medical Devices
3357,1699031,GRAL,"GRAIL, Inc.",Healthcare,Diagnostics & Research
3358,1494904,GBLI,"Global Indemnity Group, LLC",Financial Services,Insurance—Property & Casualty
3359,800457,DGICA,DONEGAL GROUP INC,Financial Services,Insurance—Property & Casualty
3360,1496323,IGMS,"IGM Biosciences, Inc.",Healthcare,Biotechnology
3361,1845840,TSAT,Telesat Corp,Technology,Communication Equipment
3362,1056943,PFIS,PEOPLES FINANCIAL SERVICES CORP.,Financial Services,Banks—Regional
3363,1122904,NTGR,"NETGEAR, INC.",Technology,Communication Equipment
3364,1493225,NFBK,"Northfield Bancorp, Inc.",Financial Services,Banks—Regional
3365,1308927,ETB,Eaton Vance Tax-Managed Buy-Write Income Fund,Financial Services,Asset Management
3366,1816590,CMPS,COMPASS Pathways plc,Healthcare,Medical Care Facilities
3367,1630627,TMCI,"TREACE MEDICAL CONCEPTS, INC.",Healthcare,Medical Devices
3368,1528356,GNE,Genie Energy Ltd.,Utilities,Utilities—Regulated Electric
3369,1796073,VZLA,Vizsla Silver Corp.,Basic Materials,Other Industrial Metals & Mining
3370,844965,TTI,TETRA TECHNOLOGIES INC,Energy,Oil & Gas Equipment & Services
3371,1672688,ABSI,Absci Corp,Healthcare,Biotechnology
3372,1219120,AVK,ADVENT CONVERTIBLE & INCOME FUND,Financial Services,Asset Management
3373,1318008,ZUMZ,Zumiez Inc,Consumer Cyclical,Apparel Retail
3374,1805077,EOSE,"Eos Energy Enterprises, Inc.",Industrials,Electrical Equipment & Parts
3375,88948,SENEA,Seneca Foods Corp,Consumer Defensive,Packaged Foods
3376,1370450,WLDN,"Willdan Group, Inc.",Industrials,Engineering & Construction
3377,1854545,DDL,Dingdong (Cayman) Ltd,Consumer Defensive,Grocery Stores
3378,736772,CCNE,CNB FINANCIAL CORP/PA,Financial Services,Banks—Regional
3379,1841408,DAVE,Dave Inc./DE,Technology,Software—Application
3380,1524931,CHUY,"CHUY'S HOLDINGS, INC.",Consumer Cyclical,Restaurants
3381,1338940,PERI,Perion Network Ltd.,Communication Services,Internet Content & Information
3382,1710680,HFRO,HIGHLAND OPPORTUNITIES & INCOME FUND,Financial Services,Asset Management
3383,1806952,LYEL,"Lyell Immunopharma, Inc.",Healthcare,Biotechnology
3384,912603,RDUS,"RADIUS RECYCLING, INC.",Basic Materials,Steel
3385,1514991,AMCX,AMC Networks Inc.,Communication Services,Entertainment
3386,1494530,FSD,FIRST TRUST HIGH INCOME LONG/SHORT FUND,Financial Services,Asset Management
3387,1653558,PRTH,"Priority Technology Holdings, Inc.",Technology,Software—Infrastructure
3388,867773,SPWR,SUNPOWER CORP,Technology,Solar
3389,1074540,EVN,EATON VANCE MUNICIPAL INCOME TRUST,Financial Services,Asset Management
3390,926282,ADTN,"ADTRAN Holdings, Inc.",Technology,Communication Equipment
3391,25475,CRD-A,CRAWFORD & CO,Financial Services,Insurance Brokers
3392,763532,LYTS,LSI INDUSTRIES INC,Technology,Electronic Components
3393,1853962,IAUX,i-80 Gold Corp.,Basic Materials,Gold
3394,46129,ALNT,ALLIENT INC,Technology,Electronic Components
3396,1285890,IGD,Voya GLOBAL EQUITY DIVIDEND & PREMIUM OPPORTUNITY FUND,Financial Services,Asset Management
3397,1043000,SNDA,"SONIDA SENIOR LIVING, INC.",Healthcare,Medical Care Facilities
3398,1975218,NETD,Nabors Energy Transition Corp. II,Financial Services,Shell Companies
3399,1822928,HLLY,Holley Inc.,Consumer Cyclical,Auto Parts
3400,1210123,EAD,ALLSPRING INCOME OPPORTUNITIES FUND,Financial Services,Asset Management
3401,1494582,BOC,BOSTON OMAHA Corp,Industrials,Conglomerates
3402,1058239,HIX,WESTERN ASSET HIGH INCOME FUND II INC.,Financial Services,Asset Management
3403,882150,MYN,"BLACKROCK MUNIYIELD NEW YORK QUALITY FUND, INC.",Financial Services,Asset Management
3404,1650664,EDIT,"Editas Medicine, Inc.",Healthcare,Biotechnology
3405,1038773,SMBK,SMARTFINANCIAL INC.,Financial Services,Banks—Regional
3406,23795,CTO,"CTO Realty Growth, Inc.",Real Estate,REIT—Diversified
3407,1291334,FFA,FIRST TRUST ENHANCED EQUITY INCOME FUND,Financial Services,Asset Management
3408,908993,VKI,Invesco Advantage Municipal Income Trust II,Financial Services,Asset Management
3409,1819142,SES,SES AI Corp,Consumer Cyclical,Auto Parts
3410,743367,BHB,BAR HARBOR BANKSHARES,Financial Services,Banks—Regional
3411,1631761,YRD,Yiren Digital Ltd.,Financial Services,Credit Services
3412,1835856,BETR,Better Home & Finance Holding Co,Financial Services,Mortgage Finance
3413,1559991,DFP,Flaherty & Crumrine Dynamic Preferred & Income Fund Inc,Financial Services,Asset Management
3414,884121,HQL,abrdn Life Sciences Investors,Financial Services,Asset Management
3415,1687932,JILL,"J.Jill, Inc.",Consumer Cyclical,Apparel Retail
3416,1680581,FULC,"Fulcrum Therapeutics, Inc.",Healthcare,Biotechnology
3417,1666071,CDLX,"Cardlytics, Inc.",Communication Services,Advertising Agencies
3418,1600626,PKST,Peakstone Realty Trust,Real Estate,REIT—Office
3419,1375205,URG,UR-ENERGY INC,Energy,Uranium
3420,1980845,ENGN,enGene Holdings Inc.,Healthcare,Biotechnology
3421,1043337,SRI,STONERIDGE INC,Consumer Cyclical,Auto Parts
3422,1016281,CSV,CARRIAGE SERVICES INC,Consumer Cyclical,Personal Services
3423,1319947,DBI,Designer Brands Inc.,Consumer Cyclical,Footwear & Accessories
3424,1356090,PGEN,"PRECIGEN, INC.",Healthcare,Biotechnology
3425,928340,CWCO,Consolidated Water Co. Ltd.,Utilities,Utilities—Regulated Water
3426,1487952,VPG,"Vishay Precision Group, Inc.",Technology,Scientific & Technical Instruments
3427,1787400,NKTX,"Nkarta, Inc.",Healthcare,Biotechnology
3429,1665988,BVS,Bioventus Inc.,Healthcare,Medical Devices
3430,909108,DHIL,DIAMOND HILL INVESTMENT GROUP INC,Financial Services,Asset Management
3431,1759774,PSTL,"Postal Realty Trust, Inc.",Real Estate,REIT—Office
3432,1831907,MYTE,MYT Netherlands Parent B.V.,Consumer Cyclical,Luxury Goods
3433,1805385,EVLV,"Evolv Technologies Holdings, Inc.",Industrials,Security & Protection Services
3434,1818502,OPFI,OppFi Inc.,Financial Services,Credit Services
3435,1772921,ONEW,OneWater Marine Inc.,Consumer Cyclical,Specialty Retail
3436,1531031,ESQ,"Esquire Financial Holdings, Inc.",Financial Services,Banks—Regional
3437,1258623,EFR,EATON VANCE SENIOR FLOATING RATE TRUST,Financial Services,Asset Management
3438,1314052,AVXL,ANAVEX LIFE SCIENCES CORP.,Healthcare,Biotechnology
3439,1854964,NLCP,"NewLake Capital Partners, Inc.",Real Estate,REIT—Specialty
3440,1133470,CVGW,CALAVO GROWERS INC,Consumer Defensive,Food Distribution
3441,799850,CRMT,AMERICAS CARMART INC,Consumer Cyclical,Auto & Truck Dealerships
3442,1617242,KRNY,Kearny Financial Corp.,Financial Services,Banks—Regional
3443,1644378,RMR,RMR GROUP INC.,Real Estate,Real Estate Services
3444,818972,LEO,"BNY MELLON STRATEGIC MUNICIPALS, INC.",Financial Services,Asset Management
3445,1793862,DADA,Dada Nexus Ltd,Consumer Cyclical,Internet Retail
3446,898437,ANIK,"Anika Therapeutics, Inc.",Healthcare,Medical Instruments & Supplies
3447,1720424,HIVE,HIVE Digital Technologies Ltd.,Financial Services,Capital Markets
3449,275694,MCI,BARINGS CORPORATE INVESTORS,Financial Services,Asset Management
3450,932695,CYD,CHINA YUCHAI INTERNATIONAL LTD,Consumer Cyclical,Auto Parts
3451,103595,VLGEA,VILLAGE SUPER MARKET INC,Consumer Defensive,Grocery Stores
3452,1268533,TYG,TORTOISE ENERGY INFRASTRUCTURE CORP,Financial Services,Asset Management
3453,216085,HVT,HAVERTY FURNITURE COMPANIES INC,Consumer Cyclical,Home Improvement Retail
3454,863110,ARTNA,ARTESIAN RESOURCES CORP,Utilities,Utilities—Regulated Water
3455,1002590,SGU,"STAR GROUP, L.P.",Energy,Oil & Gas Refining & Marketing
3456,925528,HDSN,HUDSON TECHNOLOGIES INC /NY,Basic Materials,Specialty Chemicals
3457,1286613,LINC,LINCOLN EDUCATIONAL SERVICES CORP,Consumer Defensive,Education & Training Services
3458,1495825,GBAB,Guggenheim Taxable Municipal Bond & Investment Grade Debt Trust,Financial Services,Asset Management
3459,1050743,PGC,PEAPACK GLADSTONE FINANCIAL CORP,Financial Services,Banks—Regional
3460,1690334,SMHI,SEACOR Marine Holdings Inc.,Industrials,Marine Shipping
3461,1821534,EXOD,"Exodus Movement, Inc.",Technology,Software—Infrastructure
3462,1515671,DPG,Duff & Phelps Utility & Infrastructure Fund Inc.,Financial Services,Asset Management
3463,1515940,KIO,KKR Income Opportunities Fund,Financial Services,Asset Management
3464,1035092,SHBI,SHORE BANCSHARES INC,Financial Services,Banks—Regional
3465,1484769,FUBO,fuboTV Inc. /FL,Communication Services,Broadcasting
3466,1501796,AURA,"Aura Biosciences, Inc.",Healthcare,Biotechnology
3467,839533,KTF,DWS MUNICIPAL INCOME TRUST,Financial Services,Asset Management
3468,1703647,KRRO,"Korro Bio, Inc.",Healthcare,Biotechnology
3469,903419,ALRS,ALERUS FINANCIAL CORP,Financial Services,Banks—Regional
3470,1959455,HSHP,Himalaya Shipping Ltd.,Industrials,Marine Shipping
3471,1898601,IPX,IPERIONX Ltd,Basic Materials,Other Industrial Metals & Mining
3472,1983736,GOAI,Eva Live Inc,Technology,Software—Infrastructure
3473,1529377,ACRE,Ares Commercial Real Estate Corp,Real Estate,REIT—Mortgage
3474,1342916,HNOI,"HNO International, Inc.",Industrials,Specialty Industrial Machinery
3475,1759138,CABA,"Cabaletta Bio, Inc.",Healthcare,Biotechnology
3476,1828105,HIPO,Hippo Holdings Inc.,Financial Services,Insurance—Specialty
3477,923139,FFIC,FLUSHING FINANCIAL CORP,Financial Services,Banks—Regional
3478,910068,HIO,WESTERN ASSET HIGH INCOME OPPORTUNITY FUND INC.,Financial Services,Asset Management
3479,798287,PTSI,PAM TRANSPORTATION SERVICES INC,Industrials,Trucking
3481,935419,RICK,"RCI HOSPITALITY HOLDINGS, INC.",Consumer Cyclical,Restaurants
3482,1325964,LWLG,"Lightwave Logic, Inc.",Basic Materials,Specialty Chemicals
3484,1803901,TALK,"Talkspace, Inc.",Healthcare,Health Information Services
3485,1549922,SMLP,"Summit Midstream Partners, LP",Energy,Oil & Gas Midstream
3486,1697500,SOI,"Solaris Oilfield Infrastructure, Inc.",Energy,Oil & Gas Equipment & Services
3487,1661181,ORGO,Organogenesis Holdings Inc.,Healthcare,Drug Manufacturers—Specialty & Generic
3488,1819580,YSG,Yatsen Holding Ltd,Consumer Defensive,Household & Personal Products
3489,1189740,HPF,JOHN HANCOCK PREFERRED INCOME FUND II,Financial Services,Asset Management
3490,1860879,RRAC,Rigel Resource Acquisition Corp.,Financial Services,Shell Companies
3491,1230869,ASA,ASA Gold & Precious Metals Ltd,Financial Services,Asset Management
3492,879635,MPB,MID PENN BANCORP INC,Financial Services,Banks—Regional
3493,1398987,HOUS,Anywhere Real Estate Inc.,Real Estate,Real Estate Services
3494,91847,SOR,SOURCE CAPITAL INC /DE/,Financial Services,Asset Management
3495,1636422,HCAT,"Health Catalyst, Inc.",Healthcare,Health Information Services
3496,1137391,BFZ,BLACKROCK CALIFORNIA MUNICIPAL INCOME TRUST,Financial Services,Asset Management
3497,61986,MTW,MANITOWOC CO INC,Industrials,Farm & Heavy Construction Machinery
3498,1306550,BGR,BlackRock Energy & Resources Trust,Financial Services,Asset Management
3499,1453687,RNAC,"Cartesian Therapeutics, Inc.",Healthcare,Biotechnology
3500,1384195,REI,"RING ENERGY, INC.",Energy,Oil & Gas E&P
3501,1020214,CERS,CERUS CORP,Healthcare,Medical Devices
3502,1834526,GPAT,GP-Act III Acquisition Corp.,Financial Services,Shell Companies
3503,1299130,PACB,"PACIFIC BIOSCIENCES OF CALIFORNIA, INC.",Healthcare,Medical Devices
3504,1836981,BBAI,"BigBear.ai Holdings, Inc.",Technology,Information Technology Services
3505,1040470,AEHR,AEHR TEST SYSTEMS,Technology,Semiconductor Equipment & Materials
3506,1573221,REAL,"TheRealReal, Inc.",Consumer Cyclical,Luxury Goods
3507,1866782,CDRO,"Codere Online Luxembourg, S.A.",Consumer Cyclical,Gambling
3508,1342423,LMNR,Limoneira CO,Consumer Defensive,Farm Products
3509,1819974,SKYT,"SkyWater Technology, Inc",Technology,Semiconductors
3511,1597672,RYAM,RAYONIER ADVANCED MATERIALS INC.,Basic Materials,Chemicals
3512,1434316,FATE,FATE THERAPEUTICS INC,Healthcare,Biotechnology
3513,1788999,XPER,Xperi Inc.,Technology,Software—Application
3514,1701758,LOVE,Lovesac Co,Consumer Cyclical,"Furnishings, Fixtures & Appliances"
3515,1789299,WTO,UTime Ltd,Technology,Consumer Electronics
3516,1288992,EFT,Eaton Vance Floating-Rate Income Trust,Financial Services,Asset Management
3517,1952976,NLOP,Net Lease Office Properties,Real Estate,REIT—Office
3518,1282631,NLST,NETLIST INC,Technology,Semiconductors
3519,1094032,QDMI,QDM International Inc.,Financial Services,Insurance Brokers
3520,1515324,ARDC,"Ares Dynamic Credit Allocation Fund, Inc.",Financial Services,Asset Management
3521,743238,SHYF,"SHYFT GROUP, INC.",Industrials,Farm & Heavy Construction Machinery
3522,1692705,QD,Qudian Inc.,Financial Services,Credit Services
3523,1503290,ACP,abrdn Income Credit Strategies Fund,Financial Services,Asset Management
3524,1074769,NAN,NUVEEN NEW YORK QUALITY MUNICIPAL INCOME FUND,Financial Services,Asset Management
3525,1932737,NWTN,"NWTN, Inc.",Consumer Cyclical,Auto Manufacturers
3526,1220754,MODV,ModivCare Inc,Healthcare,Medical Care Facilities
3527,1729173,UXIN,Uxin Ltd,Consumer Cyclical,Auto & Truck Dealerships
3528,1412665,MOFG,"MidWestOne Financial Group, Inc.",Financial Services,Banks—Regional
3529,1606909,PANL,Pangaea Logistics Solutions Ltd.,Industrials,Marine Shipping
3530,724910,NVEC,NVE CORP /NEW/,Technology,Semiconductors
3531,1720116,RDVT,"Red Violet, Inc.",Technology,Software—Application
3532,798949,UNTC,UNIT CORP,Energy,Oil & Gas Integrated
3533,1651625,ACIU,AC Immune SA,Healthcare,Biotechnology
3534,1498710,SAVE,"Spirit Airlines, Inc.",Industrials,Airlines
3535,1499422,RBB,RBB Bancorp,Financial Services,Banks—Regional
3536,1994702,KYTX,"Kyverna Therapeutics, Inc.",Healthcare,Biotechnology
3537,827773,PPT,PUTNAM PREMIER INCOME TRUST,Financial Services,Asset Management
3539,1058867,GNTY,GUARANTY BANCSHARES INC /TX/,Financial Services,Banks—Regional
3540,1827506,TRML,"Tourmaline Bio, Inc.",Healthcare,Biotechnology
3541,1829576,CARE,"Carter Bankshares, Inc.",Financial Services,Banks—Regional
3543,1526243,PPTA,PERPETUA RESOURCES CORP.,Basic Materials,Other Precious Metals & Mining
3544,788329,JOUT,JOHNSON OUTDOORS INC,Consumer Cyclical,Leisure
3545,1409171,TITN,Titan Machinery Inc.,Industrials,Industrial Distribution
3546,1377789,AVNW,"AVIAT NETWORKS, INC.",Technology,Communication Equipment
3547,720858,ITIC,INVESTORS TITLE CO,Financial Services,Insurance—Specialty
3548,1662579,CCCC,"C4 Therapeutics, Inc.",Healthcare,Biotechnology
3549,1999480,ANRO,"Alto Neuroscience, Inc.",Healthcare,Biotechnology
3550,852772,DENN,DENNY'S Corp,Consumer Cyclical,Restaurants
3551,1318885,DSX,DIANA SHIPPING INC.,Industrials,Marine Shipping
3552,1843724,LNZA,"LanzaTech Global, Inc.",Industrials,Waste Management
3553,62234,MCS,MARCUS CORP,Communication Services,Entertainment
3554,1754170,ASLE,AerSale Corp,Industrials,Airports & Air Services
3555,1660334,VRCA,Verrica Pharmaceuticals Inc.,Healthcare,Biotechnology
3556,1127371,CWBC,Community West Bancshares,Financial Services,Banks—Regional
3558,1059142,GHI,Greystone Housing Impact Investors LP,Financial Services,Mortgage Finance
3559,1539337,JRI,Nuveen Real Asset Income & Growth Fund,Financial Services,Asset Management
3560,1766368,MEC,"Mayville Engineering Company, Inc.",Industrials,Metal Fabrication
3561,1823584,AENT,ALLIANCE ENTERTAINMENT HOLDING CORP,Communication Services,Entertainment
3562,1551901,SCM,Stellus Capital Investment Corp,Financial Services,Asset Management
3563,1590584,CVEO,Civeo Corp,Industrials,Specialty Business Services
3564,1086434,AUDC,AUDIOCODES LTD,Technology,Communication Equipment
3565,890393,MIY,"BLACKROCK MUNIYIELD MICHIGAN QUALITY FUND, INC.",Financial Services,Asset Management
3566,805928,AXGN,"Axogen, Inc.",Healthcare,Medical Devices
3567,1084765,RGP,"RESOURCES CONNECTION, INC.",Industrials,Consulting Services
3568,1970622,IPXX,Inflection Point Acquisition Corp. II,Financial Services,Shell Companies
3569,1288403,WTI,W&T OFFSHORE INC,Energy,Oil & Gas E&P
3570,1113809,BBW,BUILD-A-BEAR WORKSHOP INC,Consumer Cyclical,Specialty Retail
3571,1375340,FOF,"Cohen & Steers Closed-End Opportunity Fund, Inc.",Financial Services,Asset Management
3572,1567529,KMDA,KAMADA LTD,Healthcare,Drug Manufacturers—Specialty & Generic
3573,1743102,JFIN,Jiayin Group Inc.,Communication Services,Internet Content & Information
3575,1038186,MHN,"BLACKROCK MUNIHOLDINGS NEW YORK QUALITY FUND, INC.",Financial Services,Asset Management
3576,65270,MEI,METHODE ELECTRONICS INC,Technology,Electronic Components
3577,1623590,FINR,Fintech Scion Ltd,Technology,Software—Infrastructure
3578,1098972,AGEN,AGENUS INC,Healthcare,Biotechnology
3579,1244183,PFL,PIMCO INCOME STRATEGY FUND,Financial Services,Asset Management
3580,804123,TWN,TAIWAN FUND INC,Financial Services,Asset Management
3581,1001385,NWPX,NORTHWEST PIPE CO,Industrials,Metal Fabrication
3582,1835724,ZH,Zhihu Inc.,Communication Services,Internet Content & Information
3583,95574,SGC,"SUPERIOR GROUP OF COMPANIES, INC.",Consumer Cyclical,Apparel Manufacturing
3584,786035,ASG,LIBERTY ALL STAR GROWTH FUND INC.,Financial Services,Asset Management
3585,1158114,AAOI,"APPLIED OPTOELECTRONICS, INC.",Technology,Communication Equipment
3586,1071236,RRBI,RED RIVER BANCSHARES INC,Financial Services,Banks—Regional
3587,1130144,BSRR,SIERRA BANCORP,Financial Services,Banks—Regional
3588,1390195,AWP,abrdn Global Premier Properties Fund,Financial Services,Asset Management
3589,1606366,LOCO,"El Pollo Loco Holdings, Inc.",Consumer Cyclical,Restaurants
3590,1866633,CCSI,"Consensus Cloud Solutions, Inc.",Technology,Software—Infrastructure
3591,1531177,SGHT,"Sight Sciences, Inc.",Healthcare,Medical Devices
3592,1162027,AFB,ALLIANCEBERNSTEIN NATIONAL MUNICIPAL INCOME FUND,Financial Services,Asset Management
3593,1867096,XERS,"Xeris Biopharma Holdings, Inc.",Healthcare,Biotechnology
3594,886128,FCEL,FUELCELL ENERGY INC,Industrials,Electrical Equipment & Parts
3595,1700849,VADP,Vado Corp.,Communication Services,Advertising Agencies
3596,1937441,AMBI,Ambipar Emergency Response,Industrials,Waste Management
3597,879585,ATNI,"ATN International, Inc.",Communication Services,Telecom Services
3598,14846,BRT,BRT Apartments Corp.,Real Estate,REIT—Residential
3599,1178839,NBH,NEUBERGER BERMAN MUNICIPAL FUND INC.,Financial Services,Asset Management
3600,1023313,FORR,"FORRESTER RESEARCH, INC.",Industrials,Consulting Services
3601,1835068,NPCT,Nuveen Core Plus Impact Fund,Financial Services,Asset Management
3602,1725160,ZNTL,"Zentalis Pharmaceuticals, Inc.",Healthcare,Biotechnology
3603,1788028,JSPR,"Jasper Therapeutics, Inc.",Healthcare,Biotechnology
3604,1058811,IMMR,IMMERSION CORP,Technology,Software—Application
3605,1844981,FAAS,DIGIASIA CORP.,Technology,Software—Infrastructure
3606,900422,PMO,PUTNAM MUNICIPAL OPPORTUNITIES TRUST,Financial Services,Asset Management
3608,1171326,EUBG,ENTREPRENEUR UNIVERSE BRIGHT GROUP,Industrials,Consulting Services
3609,1436425,HBCP,"HOME BANCORP, INC.",Financial Services,Banks—Regional
3610,1833197,SWIM,"Latham Group, Inc.",Industrials,Building Products & Equipment
3611,1821393,AAN,"Aaron's Company, Inc.",Industrials,Rental & Leasing Services
3612,1721386,LSEA,Landsea Homes Corp,Real Estate,Real Estate—Development
3613,917491,FARO,FARO TECHNOLOGIES INC,Technology,Scientific & Technical Instruments
3614,1096056,LXFR,LUXFER HOLDINGS PLC,Industrials,Specialty Industrial Machinery
3615,1129155,MPX,MARINE PRODUCTS CORP,Consumer Cyclical,Recreational Vehicles
3616,1783328,TCRX,"TScan Therapeutics, Inc.",Healthcare,Biotechnology
3617,1745059,FINS,Angel Oak Financial Strategies Income Term Trust,Financial Services,Asset Management
3618,1625641,LAW,"CS Disco, Inc.",Technology,Software—Application
3619,1341317,BWB,Bridgewater Bancshares Inc,Financial Services,Banks—Regional
3620,1970509,HYAC,Haymaker Acquisition Corp. 4,Financial Services,Shell Companies
3621,1810182,ALXO,ALX ONCOLOGY HOLDINGS INC,Healthcare,Biotechnology
3622,1587987,NEWT,"NewtekOne, Inc.",Financial Services,Banks—Regional
3623,891290,RFI,COHEN & STEERS TOTAL RETURN REALTY FUND INC,Financial Services,Asset Management
3624,1703956,BBCP,"Concrete Pumping Holdings, Inc.",Industrials,Engineering & Construction
3625,1681206,NODK,"NI Holdings, Inc.",Financial Services,Insurance—Property & Casualty
3626,1201792,APEI,AMERICAN PUBLIC EDUCATION INC,Consumer Defensive,Education & Training Services
3627,1377936,SAR,SARATOGA INVESTMENT CORP.,Financial Services,Asset Management
3628,1163370,NRIM,NORTHRIM BANCORP INC,Financial Services,Banks—Regional
3629,1725332,ALAR,Alarum Technologies Ltd.,Technology,Software—Infrastructure
3630,826735,MIN,MFS INTERMEDIATE INCOME TRUST,Financial Services,Asset Management
3631,1552800,TTSH,"TILE SHOP HOLDINGS, INC.",Consumer Cyclical,Home Improvement Retail
3632,1388141,EDD,"Morgan Stanley Emerging Markets Domestic Debt Fund, Inc.",Financial Services,Asset Management
3633,1095146,ABIT,Athena Bitcoin Global,Financial Services,Capital Markets
3634,1590560,QURE,uniQure N.V.,Healthcare,Biotechnology
3635,1667011,AIP,"Arteris, Inc.",Technology,Semiconductors
3636,1347178,VNDA,Vanda Pharmaceuticals Inc.,Healthcare,Biotechnology
3637,1641614,PMTS,CPI Card Group Inc.,Financial Services,Credit Services
3638,1580345,TPVG,TriplePoint Venture Growth BDC Corp.,Financial Services,Asset Management
3639,1863362,PROC,"Procaps Group, S.A.",Healthcare,Drug Manufacturers—Specialty & Generic
3640,835333,OIA,Invesco Municipal Income Opportunities Trust,Financial Services,Asset Management
3641,1116463,OSUR,ORASURE TECHNOLOGIES INC,Healthcare,Medical Instruments & Supplies
3642,76282,PKOH,PARK OHIO HOLDINGS CORP,Industrials,Specialty Industrial Machinery
3643,1289945,SPOK,"Spok Holdings, Inc",Healthcare,Health Information Services
3644,1831359,JWSM,Jaws Mustang Acquisition Corp,Financial Services,Shell Companies
3645,1137091,PSIX,"POWER SOLUTIONS INTERNATIONAL, INC.",Industrials,Specialty Industrial Machinery
3646,1355096,QRTEA,"Qurate Retail, Inc.",Consumer Cyclical,Internet Retail
3647,1786248,NREF,"NexPoint Real Estate Finance, Inc.",Real Estate,REIT—Mortgage
3648,1771226,RMM,"RiverNorth Managed Duration Municipal Income Fund, Inc.",Financial Services,Asset Management
3649,713425,AMSWA,AMERICAN SOFTWARE INC,Technology,Software—Application
3651,1479290,RVNC,"Revance Therapeutics, Inc.",Healthcare,Biotechnology
3652,1638290,MCFT,"MasterCraft Boat Holdings, Inc.",Consumer Cyclical,Recreational Vehicles
3653,716314,GHM,GRAHAM CORP,Industrials,Specialty Industrial Machinery
3654,1041514,LSAK,LESAKA TECHNOLOGIES INC,Technology,Software—Infrastructure
3655,1273441,GTE,GRAN TIERRA ENERGY INC.,Energy,Oil & Gas E&P
3656,1214935,NCV,Virtus Convertible & Income Fund,Financial Services,Asset Management
3658,746838,UIS,UNISYS CORP,Technology,Information Technology Services
3659,1771910,ADCT,ADC Therapeutics SA,Healthcare,Biotechnology
3660,1177648,ENTA,ENANTA PHARMACEUTICALS INC,Healthcare,Biotechnology
3662,1421461,IPI,"Intrepid Potash, Inc.",Basic Materials,Agricultural Inputs
3663,1621227,ADAP,Adaptimmune Therapeutics PLC,Healthcare,Biotechnology
3664,1903870,AFRI,Forafric Global PLC,Consumer Defensive,Farm Products
3665,1839799,GAMB,Gambling.com Group Ltd,Consumer Cyclical,Gambling
3666,1481792,QUAD,"Quad/Graphics, Inc.",Industrials,Specialty Business Services
3667,1521404,BGH,BARINGS GLOBAL SHORT DURATION HIGH YIELD FUND,Financial Services,Asset Management
3668,1338561,SPXX,Nuveen S&P 500 Dynamic Overwrite Fund,Financial Services,Asset Management
3669,1615905,JGH,Nuveen Global High Income Fund,Financial Services,Asset Management
3670,1181187,BYM,BLACKROCK MUNICIPAL INCOME QUALITY TRUST,Financial Services,Asset Management
3671,1857190,NYXH,Nyxoah SA,Healthcare,Medical Instruments & Supplies
3672,1521951,FBIZ,"FIRST BUSINESS FINANCIAL SERVICES, INC.",Financial Services,Banks—Regional
3673,916183,RCS,"PIMCO STRATEGIC INCOME FUND, INC",Financial Services,Asset Management
3675,1759631,HYLN,Hyliion Holdings Corp.,Consumer Cyclical,Auto Parts
3676,1493761,HEAR,Turtle Beach Corp,Technology,Consumer Electronics
3677,1840706,SOPH,SOPHiA GENETICS SA,Healthcare,Health Information Services
3678,1844862,SLDP,"Solid Power, Inc.",Consumer Cyclical,Auto Parts
3679,826020,BRW,Saba Capital Income & Opportunities Fund,Financial Services,Asset Management
3680,1971975,ABXXF,Abaxx Technologies Inc.,Technology,Software—Application
3681,50471,TRAK,"ReposiTrak, Inc.",Technology,Software—Application
3682,792966,FMAO,FARMERS & MERCHANTS BANCORP INC,Financial Services,Banks—Regional
3683,72162,NL,NL INDUSTRIES INC,Industrials,Security & Protection Services
3684,862831,FISI,FINANCIAL INSTITUTIONS INC,Financial Services,Banks—Regional
3685,1530979,HNST,"Honest Company, Inc.",Consumer Defensive,Household & Personal Products
3686,1506184,IMMP,IMMUTEP Ltd,Healthcare,Biotechnology
3687,1429764,BLNK,Blink Charging Co.,Industrials,Engineering & Construction
3688,1867949,REFI,"Chicago Atlantic Real Estate Finance, Inc.",Real Estate,REIT—Mortgage
3689,1822359,DCGO,DocGo Inc.,Healthcare,Medical Care Facilities
3690,1766478,AOMR,"Angel Oak Mortgage REIT, Inc.",Real Estate,REIT—Mortgage
3691,1018399,EBTC,ENTERPRISE BANCORP INC /MA/,Financial Services,Banks—Regional
3692,1780652,CAN,Canaan Inc.,Technology,Computer Hardware
3693,791908,XOMA,XOMA Corp,Healthcare,Biotechnology
3694,1830188,UHG,"United Homes Group, Inc.",Consumer Cyclical,Residential Construction
3695,1287480,BGT,BLACKROCK FLOATING RATE INCOME TRUST,Financial Services,Asset Management
3696,855887,DSM,"BNY MELLON STRATEGIC MUNICIPAL BOND FUND, INC.",Financial Services,Asset Management
3697,1863006,VLN,Valens Semiconductor Ltd.,Technology,Semiconductors
3698,1814114,OBIO,"Orchestra BioMed Holdings, Inc.",Healthcare,Biotechnology
3699,1413837,FFWM,First Foundation Inc.,Financial Services,Banks—Regional
3700,1267602,ALIM,ALIMERA SCIENCES INC,Healthcare,Drug Manufacturers—Specialty & Generic
3702,1661460,PSTX,"Poseida Therapeutics, Inc.",Healthcare,Biotechnology
3703,818851,NCA,NUVEEN CALIFORNIA MUNICIPAL VALUE FUND,Financial Services,Asset Management
3704,1746129,BSVN,Bank7 Corp.,Financial Services,Banks—Regional
3705,1819574,BARK,"Bark, Inc.",Consumer Cyclical,Specialty Retail
3706,897448,AMRN,AMARIN CORP PLC\UK,Healthcare,Drug Manufacturers—General
3707,768899,TBI,"TrueBlue, Inc.",Industrials,Staffing & Employment Services
3708,69733,NATH,"NATHANS FAMOUS, INC.",Consumer Cyclical,Restaurants
3709,18498,GCO,GENESCO INC,Consumer Cyclical,Apparel Retail
3710,814585,MBI,MBIA INC,Financial Services,Insurance—Specialty
3711,1552198,WHF,"WhiteHorse Finance, Inc.",Financial Services,Asset Management
3712,1091223,MTLS,MATERIALISE NV,Technology,Software—Application
3713,879911,AERG,"APPLIED ENERGETICS, INC.",Technology,Scientific & Technical Instruments
3714,1364954,CHGG,"CHEGG, INC",Consumer Defensive,Education & Training Services
3715,1434728,GWRS,"Global Water Resources, Inc.",Utilities,Utilities—Regulated Water
3716,1166928,WTBA,WEST BANCORPORATION INC,Financial Services,Banks—Regional
3717,106532,WEYS,WEYCO GROUP INC,Consumer Cyclical,Footwear & Accessories
3718,1693011,INZY,"Inozyme Pharma, Inc.",Healthcare,Biotechnology
3719,1683541,ACB,AURORA CANNABIS INC,Healthcare,Drug Manufacturers—Specialty & Generic
3720,1023731,EGHT,8X8 INC /DE/,Technology,Software—Application
3721,1124524,CYRX,"Cryoport, Inc.",Industrials,Integrated Freight & Logistics
3722,1781730,TCBX,"Third Coast Bancshares, Inc.",Financial Services,Banks—Regional
3723,844790,PMM,PUTNAM MANAGED MUNICIPAL INCOME TRUST,Financial Services,Asset Management
3725,1997711,LPA,Logistic Properties of the Americas,Real Estate,Real Estate—Development
3726,715579,ACNB,ACNB CORP,Financial Services,Banks—Regional
3727,1013880,TTEC,"TTEC Holdings, Inc.",Technology,Information Technology Services
3728,1808805,NAUT,"Nautilus Biotechnology, Inc.",Healthcare,Biotechnology
3729,1857853,COOK,"Traeger, Inc.",Consumer Cyclical,"Furnishings, Fixtures & Appliances"
3730,1690639,VBNK,VersaBank,Financial Services,Banks—Regional
3731,1419536,CBNK,Capital Bancorp Inc,Financial Services,Banks—Regional
3732,1437925,GMGI,"Golden Matrix Group, Inc.",Communication Services,Electronic Gaming & Multimedia
3733,922358,FGPR,FERRELLGAS PARTNERS L P,Energy,Oil & Gas Refining & Marketing
3734,846475,ZYXI,ZYNEX INC,Healthcare,Medical Distribution
3735,1444380,NVRO,NEVRO CORP,Healthcare,Medical Devices
3736,1628063,SRG,Seritage Growth Properties,Real Estate,Real Estate Services
3737,1382101,STRO,"SUTRO BIOPHARMA, INC.",Healthcare,Biotechnology
3738,1832511,PIII,P3 Health Partners Inc.,Healthcare,Medical Care Facilities
3739,1547341,CTR,ClearBridge MLP & Midstream Total Return Fund Inc.,Financial Services,Asset Management
3740,34067,BOOM,DMC Global Inc.,Energy,Oil & Gas Equipment & Services
3741,1822462,FHTX,Foghorn Therapeutics Inc.,Healthcare,Biotechnology
3742,846676,AEF,"ABRDN EMERGING MARKETS EQUITY INCOME FUND, INC.",Financial Services,Asset Management
3743,1701541,BDTX,"Black Diamond Therapeutics, Inc.",Healthcare,Biotechnology
3744,1866501,WBX,Wallbox N.V.,Technology,Electronic Components
3745,920427,UNTY,UNITY BANCORP INC /NJ/,Financial Services,Banks—Regional
3746,1027838,TCMD,TACTILE SYSTEMS TECHNOLOGY INC,Healthcare,Medical Devices
3747,1725293,GRIN,Grindrod Shipping Holdings Ltd.,Industrials,Marine Shipping
3748,1819404,NRDY,Nerdy Inc.,Technology,Software—Application
3749,1720420,IBEX,IBEX Ltd,Technology,Information Technology Services
3750,1891856,GENK,"GEN Restaurant Group, Inc.",Consumer Cyclical,Restaurants
3751,1708259,LX,LexinFintech Holdings Ltd.,Financial Services,Credit Services
3752,1593899,AVIR,"Atea Pharmaceuticals, Inc.",Healthcare,Biotechnology
3753,1564180,KNOP,KNOT Offshore Partners LP,Industrials,Marine Shipping
3754,275053,NATR,NATURES SUNSHINE PRODUCTS INC,Consumer Defensive,Packaged Foods
3755,64472,GENC,GENCOR INDUSTRIES INC,Industrials,Farm & Heavy Construction Machinery
3756,1519401,RM,Regional Management Corp.,Financial Services,Credit Services
3757,1823878,MYPS,"PLAYSTUDIOS, Inc.",Communication Services,Electronic Gaming & Multimedia
3758,1481646,ACCD,"Accolade, Inc.",Healthcare,Health Information Services
3759,945983,CLMB,"Climb Global Solutions, Inc.",Technology,Electronics & Computer Distribution
3760,1341170,ESEA,EUROSEAS LTD.,Industrials,Marine Shipping
3761,1888525,UBXG,U-BX Technology Ltd.,Technology,Software—Infrastructure
3762,1402829,ORN,Orion Group Holdings Inc,Industrials,Engineering & Construction
3763,320121,TLS,TELOS CORP,Technology,Software—Infrastructure
3764,1270131,SCD,LMP CAPITAL & INCOME FUND INC.,Financial Services,Asset Management
3765,76267,PKE,PARK AEROSPACE CORP,Industrials,Aerospace & Defense
3766,1754226,OBT,"Orange County Bancorp, Inc. /DE/",Financial Services,Banks—Regional
3767,1711570,UROY,Uranium Royalty Corp.,Energy,Uranium
3768,916618,IIF,"MORGAN STANLEY INDIA INVESTMENT FUND, INC.",Financial Services,Asset Management
3769,788965,HNRG,HALLADOR ENERGY CO,Energy,Thermal Coal
3770,1680379,SBT,"Sterling Bancorp, Inc.",Financial Services,Banks—Regional
3771,1517228,COMM,"CommScope Holding Company, Inc.",Technology,Communication Equipment
3772,1403475,BMRC,Bank of Marin Bancorp,Financial Services,Banks—Regional
3773,1530249,FSBW,"FS Bancorp, Inc.",Financial Services,Banks—Regional
3774,851170,MCR,MFS CHARTER INCOME TRUST,Financial Services,Asset Management
3775,1505952,DOMO,"DOMO, INC.",Technology,Software—Application
3776,1976695,MNDR,Mobile-health Network Solutions,Healthcare,Health Information Services
3777,1533924,AMPY,Amplify Energy Corp.,Energy,Oil & Gas E&P
3778,1779128,BLDE,"Blade Air Mobility, Inc.",Industrials,Airports & Air Services
3779,1525201,DBL,DoubleLine Opportunistic Credit Fund,Financial Services,Asset Management
3780,1520358,MAMA,"Mama's Creations, Inc.",Consumer Defensive,Packaged Foods
3781,765207,FNLC,"First Bancorp, Inc /ME/",Financial Services,Banks—Regional
3782,1620459,JRVR,"James River Group Holdings, Ltd.",Financial Services,Insurance—Specialty
3783,1847112,TRTL,TortoiseEcofin Acquisition Corp. III,Financial Services,Shell Companies
3784,1769663,PBFS,"Pioneer Bancorp, Inc./MD",Financial Services,Banks—Regional
3785,1282850,FCT,FIRST TRUST SENIOR FLOATING RATE INCOME FUND II,Financial Services,Asset Management
3786,1125345,MGNX,MACROGENICS INC,Healthcare,Biotechnology
3787,810958,CZNC,CITIZENS & NORTHERN CORP,Financial Services,Banks—Regional
3788,1501072,RIV,"RIVERNORTH OPPORTUNITIES FUND, INC.",Financial Services,Asset Management
3789,1759824,ALTG,ALTA EQUIPMENT GROUP INC.,Industrials,Rental & Leasing Services
3791,1181506,PMX,PIMCO MUNICIPAL INCOME FUND III,Financial Services,Asset Management
3792,1728117,GOSS,"Gossamer Bio, Inc.",Healthcare,Biotechnology
3793,1454741,EOT,Eaton Vance National Municipal Opportunities Trust,Financial Services,Asset Management
3794,1497186,HYI,Western Asset High Yield Defined Opportunity Fund Inc.,Financial Services,Asset Management
3796,931148,EAF,GRAFTECH INTERNATIONAL LTD,Industrials,Electrical Equipment & Parts
3797,2002038,LEGT,Legato Merger Corp. III,Financial Services,Shell Companies
3798,1049606,CIX,COMPX INTERNATIONAL INC,Industrials,Security & Protection Services
3799,1756499,MCLDF,mCloud Technologies Corp.,Technology,Software—Application
3800,1838162,SLAM,Slam Corp.,Financial Services,Shell Companies
3801,809173,MMT,MFS MULTIMARKET INCOME TRUST,Financial Services,Asset Management
3802,1369085,NEWP,NEW PACIFIC METALS CORP,Basic Materials,Other Precious Metals & Mining
3803,1121484,OIS,"OIL STATES INTERNATIONAL, INC",Energy,Oil & Gas Equipment & Services
3804,1325670,FRST,Primis Financial Corp.,Financial Services,Banks—Regional
3805,1233087,FTF,FRANKLIN LTD DURATION INCOME TRUST,Financial Services,Asset Management
3806,1849737,PLAO,Patria Latin American Opportunity Acquisition Corp.,Financial Services,Shell Companies
3807,1816017,SPIR,"Spire Global, Inc.",Industrials,Specialty Business Services
3808,1137390,BNY,BLACKROCK NEW YORK MUNICIPAL INCOME TRUST,Financial Services,Asset Management
3809,895528,VPV,Invesco Pennsylvania Value Municipal Income Trust,Financial Services,Asset Management
3810,1735438,MGTX,MeiraGTx Holdings plc,Healthcare,Biotechnology
3811,1722606,MTA,Metalla Royalty & Streaming Ltd.,Basic Materials,Other Precious Metals & Mining
3812,948320,LFMD,"LifeMD, Inc.",Healthcare,Health Information Services
3813,1769256,XHG,XChange TEC.INC,Real Estate,Real Estate Services
3815,1707502,SLDB,Solid Biosciences Inc.,Healthcare,Biotechnology
3816,1412095,TROO,"Troops, Inc. /Cayman Islands/",Technology,Software—Application
3817,1605888,ATLN,ATLANTIC INTERNATIONAL CORP.,Healthcare,Diagnostics & Research
3818,897322,GILT,GILAT SATELLITE NETWORKS LTD,Technology,Communication Equipment
3819,1760854,NBTX,Nanobiotix S.A.,Healthcare,Biotechnology
3820,1581091,RMAX,"RE/MAX Holdings, Inc.",Real Estate,Real Estate Services
3821,1227073,ERC,ALLSPRING MULTI-SECTOR INCOME FUND,Financial Services,Asset Management
3822,1462056,BLZE,"Backblaze, Inc.",Technology,Software—Infrastructure
3823,832327,BKT,"BLACKROCK INCOME TRUST, INC.",Financial Services,Asset Management
3824,1171155,RLGT,"RADIANT LOGISTICS, INC",Industrials,Integrated Freight & Logistics
3825,1792829,VSTA,Vasta Platform Ltd,Consumer Defensive,Education & Training Services
3826,909112,TEI,TEMPLETON EMERGING MARKETS INCOME FUND,Financial Services,Asset Management
3827,1827821,FRGE,"Forge Global Holdings, Inc.",Technology,Software—Application
3828,1847398,NECB,"NorthEast Community Bancorp, Inc./MD/",Financial Services,Banks—Regional
3829,1635282,RMNI,"Rimini Street, Inc.",Technology,Software—Application
3830,1328919,GASS,StealthGas Inc.,Industrials,Marine Shipping
3831,1795815,BCAL,Southern California Bancorp \ CA,Financial Services,Banks—Regional
3832,895456,RCKY,"ROCKY BRANDS, INC.",Consumer Cyclical,Footwear & Accessories
3833,733590,TCI,TRANSCONTINENTAL REALTY INVESTORS INC,Real Estate,Real Estate Services
3834,1235912,CVRX,"CVRx, Inc.",Healthcare,Medical Devices
3835,1569994,WSBF,"Waterstone Financial, Inc.",Financial Services,Banks—Regional
3836,931584,USAP,UNIVERSAL STAINLESS & ALLOY PRODUCTS INC,Basic Materials,Steel
3837,1843477,SVII,Spring Valley Acquisition Corp. II,Financial Services,Shell Companies
3838,746514,NEN,NEW ENGLAND REALTY ASSOCIATES LIMITED PARTNERSHIP,Real Estate,Real Estate Services
3839,1436126,MG,"Mistras Group, Inc.",Industrials,Security & Protection Services
3840,1901637,USCB,"USCB FINANCIAL HOLDINGS, INC.",Financial Services,Banks—Regional
3841,1724755,GHG,GreenTree Hospitality Group Ltd.,Consumer Cyclical,Lodging
3842,1450445,NUW,Nuveen AMT-Free Municipal Value Fund,Financial Services,Asset Management
3843,1159167,IRBT,IROBOT CORP,Consumer Cyclical,"Furnishings, Fixtures & Appliances"
3844,1127537,LUNG,Pulmonx Corp,Healthcare,Medical Devices
3846,1277902,MVBF,MVB FINANCIAL CORP,Financial Services,Banks—Regional
3847,1685428,LMDXF,LumiraDx Ltd,Healthcare,Diagnostics & Research
3848,65433,MXF,MEXICO FUND INC,Financial Services,Asset Management
3849,1889112,RENE,Cartesian Growth Corp II,Financial Services,Shell Companies
3850,1729149,VMD,"VIEMED HEALTHCARE, INC.",Healthcare,Medical Devices
3851,1823466,NOTE,"FiscalNote Holdings, Inc.",Technology,Information Technology Services
3852,1110611,ONTF,ON24 INC.,Technology,Software—Application
3853,1562463,INBK,First Internet Bancorp,Financial Services,Banks—Regional
3854,1834026,GROY,Gold Royalty Corp.,Basic Materials,Gold
3855,1140392,PMF,PIMCO MUNICIPAL INCOME FUND,Financial Services,Asset Management
3856,1835378,CTV,Innovid Corp.,Communication Services,Advertising Agencies
3857,1327688,OOMA,OOMA INC,Technology,Software—Application
3858,1098151,FDBC,FIDELITY D & D BANCORP INC,Financial Services,Banks—Regional
3859,1362190,AEYE,AUDIOEYE INC,Technology,Software—Application
3860,1822523,AFCG,"AFC Gamma, Inc.",Real Estate,REIT—Specialty
3861,1866874,RLTY,Cohen & Steers Real Estate Opportunities & Income Fund,Financial Services,Asset Management
3862,1709164,HBB,Hamilton Beach Brands Holding Co,Consumer Cyclical,"Furnishings, Fixtures & Appliances"
3863,1385763,JCE,Nuveen Core Equity Alpha Fund,Financial Services,Asset Management
3864,1710482,JMSB,"John Marshall Bancorp, Inc.",Financial Services,Banks—Regional
3865,714256,SMTI,Sanara MedTech Inc.,Healthcare,Medical Instruments & Supplies
3866,1498612,PSF,"Cohen & Steers Select Preferred & Income Fund, Inc.",Financial Services,Asset Management
3867,1826457,GLUE,"Monte Rosa Therapeutics, Inc.",Healthcare,Biotechnology
3868,1851961,GCTS,"GCT Semiconductor Holding, Inc.",Technology,Semiconductors
3869,1354866,BYRN,Byrna Technologies Inc.,Industrials,Aerospace & Defense
3870,1893657,RLEA,Rubber Leaf Inc,Basic Materials,Specialty Chemicals
3871,866273,MTRX,MATRIX SERVICE CO,Industrials,Engineering & Construction
3872,1689731,SSBK,"Southern States Bancshares, Inc.",Financial Services,Banks—Regional
3873,1410098,CRMD,CorMedix Inc.,Healthcare,Biotechnology
3874,1681087,TECX,"Tectonic Therapeutic, Inc.",Healthcare,Biotechnology
3875,1350869,GLO,Clough Global Opportunities Fund,Financial Services,Asset Management
3876,1177161,EVM,EATON VANCE CALIFORNIA MUNICIPAL BOND FUND,Financial Services,Asset Management
3877,832428,SSP,E.W. SCRIPPS Co,Communication Services,Broadcasting
3878,1756701,LNKB,"LINKBANCORP, Inc.",Financial Services,Banks—Regional
3879,1454938,OB,Outbrain Inc.,Communication Services,Internet Content & Information
3880,1858848,TNYA,"Tenaya Therapeutics, Inc.",Healthcare,Biotechnology
3881,1615063,INSE,"Inspired Entertainment, Inc.",Consumer Cyclical,Gambling
3882,1442836,MRSN,"Mersana Therapeutics, Inc.",Healthcare,Biotechnology
3883,1554859,SMLR,"Semler Scientific, Inc.",Healthcare,Medical Devices
3884,1084991,NGS,NATURAL GAS SERVICES GROUP INC,Energy,Oil & Gas Equipment & Services
3885,1869105,HLXB,Helix Acquisition Corp. II,Financial Services,Shell Companies
3886,706698,UTMD,UTAH MEDICAL PRODUCTS INC,Healthcare,Medical Instruments & Supplies
3887,1717307,ILPT,Industrial Logistics Properties Trust,Real Estate,REIT—Industrial
3888,1055726,INO,"INOVIO PHARMACEUTICALS, INC.",Healthcare,Biotechnology
3889,1502573,AFT,Apollo Senior Floating Rate Fund Inc.,Financial Services,Asset Management
3890,1818093,SKIN,Beauty Health Co,Consumer Defensive,Household & Personal Products
3891,1090009,SFST,SOUTHERN FIRST BANCSHARES INC,Financial Services,Banks—Regional
3893,944745,CIVB,"CIVISTA BANCSHARES, INC.",Financial Services,Banks—Regional
3894,1855644,ZURA,Zura Bio Ltd,Healthcare,Biotechnology
3895,740663,FLIC,FIRST OF LONG ISLAND CORP,Financial Services,Banks—Regional
3896,5981,AVD,AMERICAN VANGUARD CORP,Basic Materials,Agricultural Inputs
3897,1434647,ZVRA,"ZEVRA THERAPEUTICS, INC.",Healthcare,Biotechnology
3898,913277,CLAR,Clarus Corp,Consumer Cyclical,Leisure
3899,1527728,RENB,RENOVARO INC.,Healthcare,Biotechnology
3900,352825,FSTR,FOSTER L B CO,Industrials,Railroads
3901,1699039,RNGR,"Ranger Energy Services, Inc.",Energy,Oil & Gas Equipment & Services
3902,1500435,GPRO,"GoPro, Inc.",Technology,Consumer Electronics
3903,1851959,CNDA,Concord Acquisition Corp II,Financial Services,Shell Companies
3904,1899830,PERF,Perfect Corp.,Technology,Software—Application
3905,1870940,AIRS,"Airsculpt Technologies, Inc.",Healthcare,Medical Care Facilities
3906,809559,TSI,TCW STRATEGIC INCOME FUND INC,Financial Services,Asset Management
3907,897269,MVT,"BLACKROCK MUNIVEST FUND II, INC.",Financial Services,Asset Management
3908,1537137,SLI,STANDARD LITHIUM LTD.,Basic Materials,Other Industrial Metals & Mining
3909,1072627,KFS,KINGSWAY FINANCIAL SERVICES INC,Consumer Cyclical,Auto & Truck Dealerships
3911,887394,MQT,"BLACKROCK MUNIYIELD QUALITY FUND II, INC.",Financial Services,Asset Management
3912,1859795,NVX,NOVONIX Ltd,Industrials,Electrical Equipment & Parts
3913,1102238,ARL,AMERICAN REALTY INVESTORS INC,Real Estate,Real Estate Services
3914,1661998,QTTB,Q32 Bio Inc.,Healthcare,Biotechnology
3915,1834253,EM,Smart Share Global Ltd,Consumer Cyclical,Personal Services
3916,1574085,BHR,Braemar Hotels & Resorts Inc.,Real Estate,REIT—Hotel & Motel
3917,65312,EVI,"EVI INDUSTRIES, INC.",Industrials,Industrial Distribution
3918,1802883,API,"Agora, Inc.",Technology,Software—Application
3919,1227857,NCZ,Virtus Convertible & Income Fund II,Financial Services,Asset Management
3920,1509261,RZLT,"Rezolute, Inc.",Healthcare,Biotechnology
3921,1285819,OMER,OMEROS CORP,Healthcare,Biotechnology
3922,1808220,GOCO,"GoHealth, Inc.",Financial Services,Insurance Brokers
3923,65172,MSB,MESABI TRUST,Basic Materials,Steel
3924,1866757,BRLT,"Brilliant Earth Group, Inc.",Consumer Cyclical,Luxury Goods
3925,1364125,WRN,Western Copper & Gold Corp,Basic Materials,Other Industrial Metals & Mining
3926,906709,NKTR,NEKTAR THERAPEUTICS,Healthcare,Biotechnology
3927,872912,DCTH,"DELCATH SYSTEMS, INC.",Healthcare,Medical Devices
3928,829365,NTPIF,NAM TAI PROPERTY INC.,Real Estate,Real Estate Services
3929,276720,PCYO,PURE CYCLE CORP,Utilities,Utilities—Regulated Water
3930,1730984,BCML,BayCom Corp,Financial Services,Banks—Regional
3931,1166258,PHT,"PIONEER HIGH INCOME FUND, INC.",Financial Services,Asset Management
3932,825202,FUND,SPROTT FOCUS TRUST INC.,Financial Services,Asset Management
3933,1844452,LUNR,"Intuitive Machines, Inc.",Industrials,Aerospace & Defense
3934,1275187,ANGO,ANGIODYNAMICS INC,Healthcare,Medical Instruments & Supplies
3935,1071899,MUE,"BLACKROCK MUNIHOLDINGS QUALITY FUND II, INC.",Financial Services,Asset Management
3936,1518715,HMST,"HomeStreet, Inc.",Financial Services,Banks—Regional
3937,1158289,JRS,NUVEEN REAL ESTATE INCOME FUND,Financial Services,Asset Management
3938,1786117,PINE,"Alpine Income Property Trust, Inc.",Real Estate,REIT—Retail
3939,1398733,AQST,"Aquestive Therapeutics, Inc.",Healthcare,Drug Manufacturers—Specialty & Generic
3941,1769624,AGBA,AGBA Group Holding Ltd.,Financial Services,Asset Management
3942,1633932,EPIX,ESSA Pharma Inc.,Healthcare,Biotechnology
3943,65770,MVIS,"MICROVISION, INC.",Technology,Scientific & Technical Instruments
3944,1636289,ACV,Virtus Diversified Income & Convertible Fund,Financial Services,Asset Management
3945,1745114,MOLN,MOLECULAR PARTNERS AG,Healthcare,Biotechnology
3947,1423869,PCB,PCB BANCORP,Financial Services,Banks—Regional
3948,1840904,ATAI,ATAI Life Sciences N.V.,Healthcare,Biotechnology
3949,801961,MFM,MFS MUNICIPAL INCOME TRUST,Financial Services,Asset Management
3950,1278211,LGI,LAZARD GLOBAL TOTAL RETURN & INCOME FUND INC,Financial Services,Asset Management
3951,1490286,NTG,"Tortoise Midstream Energy Fund, Inc.",Financial Services,Asset Management
3952,1526697,AIF,Apollo Tactical Income Fund Inc.,Financial Services,Asset Management
3953,1628808,PROF,Profound Medical Corp.,Healthcare,Medical Devices
3954,883265,VTN,Invesco Trust for Investment Grade New York Municipals,Financial Services,Asset Management
3955,1195734,PBPB,POTBELLY CORP,Consumer Cyclical,Restaurants
3956,1846975,SEDA,SDCL EDGE Acquisition Corp,Financial Services,Shell Companies
3957,1119769,CRNT,CERAGON NETWORKS LTD,Technology,Communication Equipment
3958,828803,SABA,Saba Capital Income & Opportunities Fund II,Financial Services,Asset Management
3960,1820190,SCLX,Scilex Holding Co,Healthcare,Drug Manufacturers—General
3962,1992243,FREY,"FREYR Battery, Inc. /DE/",Industrials,Electrical Equipment & Parts
3964,1490161,SOWG,Sow Good Inc.,Consumer Defensive,Packaged Foods
3965,1337298,FF,FutureFuel Corp.,Basic Materials,Specialty Chemicals
3966,1572616,GUTS,"FRACTYL HEALTH, INC.",Healthcare,Biotechnology
3967,1846017,BLFY,Blue Foundry Bancorp,Financial Services,Banks—Regional
3969,1954594,HAO,Haoxi Health Technology Ltd,Communication Services,Advertising Agencies
3970,711669,CBAN,COLONY BANKCORP INC,Financial Services,Banks—Regional
3971,1781174,ACRV,"Acrivon Therapeutics, Inc.",Healthcare,Biotechnology
3972,1807046,OZ,"Belpointe PREP, LLC",Real Estate,Real Estate—Development
3973,859796,JOF,JAPAN SMALLER CAPITALIZATION FUND INC,Financial Services,Asset Management
3974,1762303,RCEL,"AVITA Medical, Inc.",Healthcare,Medical Devices
3975,1804176,BFLY,"Butterfly Network, Inc.",Healthcare,Medical Devices
3976,1061353,DHY,CREDIT SUISSE HIGH YIELD BOND FUND,Financial Services,Asset Management
3977,1616543,SENS,"Senseonics Holdings, Inc.",Healthcare,Medical Devices
3978,1757064,GNFT,Genfit S.A.,Healthcare,Biotechnology
3979,789933,NC,NACCO INDUSTRIES INC,Energy,Thermal Coal
3980,751365,VIRC,VIRCO MFG CORPORATION,Consumer Cyclical,"Furnishings, Fixtures & Appliances"
3981,1852353,DC,Dakota Gold Corp.,Basic Materials,Gold
3982,1386067,EOD,ALLSPRING GLOBAL DIVIDEND OPPORTUNITY FUND,Financial Services,Asset Management
3983,1388320,ATNM,"Actinium Pharmaceuticals, Inc.",Healthcare,Biotechnology
3984,727273,CDZI,CADIZ INC,Utilities,Utilities—Regulated Water
3985,1913971,BPRN,"Princeton Bancorp, Inc.",Financial Services,Banks—Regional
3986,1200375,CDXS,"CODEXIS, INC.",Healthcare,Biotechnology
3987,1753706,FREE,"Whole Earth Brands, Inc.",Consumer Defensive,Packaged Foods
3988,1356115,NXDT,NEXPOINT DIVERSIFIED REAL ESTATE TRUST,Real Estate,REIT—Diversified
3989,1448397,SHIP,Seanergy Maritime Holdings Corp.,Industrials,Marine Shipping
3990,763563,CHMG,CHEMUNG FINANCIAL CORP,Financial Services,Banks—Regional
3991,1046050,TSBK,TIMBERLAND BANCORP INC,Financial Services,Banks—Regional
3992,1754836,EIC,Eagle Point Income Co Inc.,Financial Services,Asset Management
3993,884144,ASUR,ASURE SOFTWARE INC,Technology,Software—Application
3994,1725033,XYF,X Financial,Financial Services,Credit Services
3995,1515156,ARQ,"Arq, Inc.",Industrials,Pollution & Treatment Controls
3996,1320461,CPS,Cooper-Standard Holdings Inc.,Consumer Cyclical,Auto Parts
3997,1285786,EMX,EMX Royalty Corp,Basic Materials,Other Industrial Metals & Mining
3998,1487610,NHS,Neuberger Berman High Yield Strategies Fund Inc.,Financial Services,Asset Management
3999,1922097,LANV,Lanvin Group Holdings Ltd,Consumer Cyclical,Luxury Goods
4000,1598665,HRTG,"Heritage Insurance Holdings, Inc.",Financial Services,Insurance—Property & Casualty
4001,1223026,MHI,"PIONEER MUNICIPAL HIGH INCOME FUND, INC.",Financial Services,Asset Management
4002,1519505,HIE,Miller/Howard High Income Equity Fund,Financial Services,Asset Management
4003,1496443,PAYS,"Paysign, Inc.",Technology,Software—Infrastructure
4004,1847462,AYRWF,Ayr Wellness Inc.,Healthcare,Drug Manufacturers—Specialty & Generic
4005,1517022,AKBA,"Akebia Therapeutics, Inc.",Healthcare,Biotechnology
4006,1889983,KVAC,Keen Vision Acquisition Corp.,Financial Services,Shell Companies
4007,894242,BKN,"BLACKROCK INVESTMENT QUALITY MUNICIPAL TRUST, INC.",Financial Services,Asset Management
4008,885508,STRS,STRATUS PROPERTIES INC,Real Estate,Real Estate—Diversified
4009,1874071,PDLB,"Ponce Financial Group, Inc.",Financial Services,Banks—Regional
4010,897421,NPV,NUVEEN VIRGINIA QUALITY MUNICIPAL INCOME FUND,Financial Services,Asset Management
4011,1593222,CIO,"City Office REIT, Inc.",Real Estate,REIT—Office
4012,1089907,SWKH,SWK Holdings Corp,Financial Services,Asset Management
4013,1857410,IVCB,Investcorp Europe Acquisition Corp I,Financial Services,Shell Companies
4014,1707303,DOGZ,Dogness (International) Corp,Consumer Cyclical,Leisure
4016,1502377,CTGO,"Contango ORE, Inc.",Basic Materials,Gold
4017,1168455,PLBC,PLUMAS BANCORP,Financial Services,Banks—Regional
4018,318306,ABEO,ABEONA THERAPEUTICS INC.,Healthcare,Biotechnology
4019,1804591,ME,23andMe Holding Co.,Healthcare,Diagnostics & Research
4020,1894630,GHIX,"Gores Holdings IX, Inc.",Financial Services,Shell Companies
4021,1896084,IONR,ioneer Ltd,Basic Materials,Other Industrial Metals & Mining
4022,1563696,ETX,Eaton Vance Municipal Income 2028 Term Trust,Financial Services,Asset Management
4023,739421,CZFS,CITIZENS FINANCIAL SERVICES INC,Financial Services,Banks—Regional
4025,919893,TDF,TEMPLETON DRAGON FUND INC,Financial Services,Asset Management
4026,1728205,PLL,Piedmont Lithium Inc.,Basic Materials,Other Industrial Metals & Mining
4027,889609,CPSS,"CONSUMER PORTFOLIO SERVICES, INC.",Financial Services,Credit Services
4028,1341235,ALDX,"Aldeyra Therapeutics, Inc.",Healthcare,Biotechnology
4029,1294133,INGN,Inogen Inc,Healthcare,Medical Devices
4030,910329,MED,MEDIFAST INC,Consumer Cyclical,Personal Services
4031,1860782,TSVT,"2seventy bio, Inc.",Healthcare,Biotechnology
4032,1368493,CAF,"Morgan Stanley China A Share Fund, Inc.",Financial Services,Asset Management
4033,1484612,OM,"Outset Medical, Inc.",Healthcare,Medical Devices
4034,1678130,OPP,"RiverNorth/DoubleLine Strategic Opportunity Fund, Inc.",Financial Services,Asset Management
4035,1069533,RGCO,RGC RESOURCES INC,Utilities,Utilities—Regulated Gas
4037,1807120,DSGN,"Design Therapeutics, Inc.",Healthcare,Biotechnology
4038,1799788,GLSI,"Greenwich LifeSciences, Inc.",Healthcare,Biotechnology
4040,909494,TCX,TUCOWS INC /PA/,Technology,Software—Infrastructure
4041,1431567,OVLY,Oak Valley Bancorp,Financial Services,Banks—Regional
4042,809708,EMF,TEMPLETON EMERGING MARKETS FUND,Financial Services,Asset Management
4043,1725123,CANG,Cango Inc.,Consumer Cyclical,Auto & Truck Dealerships
4044,1850119,IPSC,"Century Therapeutics, Inc.",Healthcare,Biotechnology
4045,1833141,CYBN,CYBIN INC.,Healthcare,Biotechnology
4046,1258943,MAV,"PIONEER MUNICIPAL HIGH INCOME ADVANTAGE FUND, INC.",Financial Services,Asset Management
4047,1972529,BTOC,Armlogi Holding Corp.,Industrials,Integrated Freight & Logistics
4048,1013272,NWFL,NORWOOD FINANCIAL CORP,Financial Services,Banks—Regional
4049,1649752,NMG,Nouveau Monde Graphite Inc.,Basic Materials,Other Industrial Metals & Mining
4050,1514281,MITT,"AG Mortgage Investment Trust, Inc.",Real Estate,REIT—Mortgage
4051,1834974,LEV,Lion Electric Co,Industrials,Farm & Heavy Construction Machinery
4052,1053369,ELTP,ELITE PHARMACEUTICALS INC /NV/,Healthcare,Drug Manufacturers—Specialty & Generic
4053,1705843,CBUS,"Cibus, Inc.",Healthcare,Biotechnology
4054,766011,CMCL,Caledonia Mining Corp Plc,Basic Materials,Gold
4055,1565381,DMB,"BNY Mellon Municipal Bond Infrastructure Fund, Inc.",Financial Services,Asset Management
4056,1131903,FCCN,SPECTRAL CAPITAL Corp,Technology,Information Technology Services
4057,1852973,BRLS,Borealis Foods Inc.,Consumer Defensive,Packaged Foods
4058,1612630,JYNT,JOINT Corp,Healthcare,Medical Care Facilities
4059,1781446,GAUZ,Gauzy Ltd.,Industrials,Aerospace & Defense
4060,803164,COFS,CHOICEONE FINANCIAL SERVICES INC,Financial Services,Banks—Regional
4061,1828852,MOND,"Mondee Holdings, Inc.",Consumer Cyclical,Travel Services
4062,1907982,QBTS,D-Wave Quantum Inc.,Technology,Computer Hardware
4063,827187,SNBR,Sleep Number Corp,Consumer Cyclical,"Furnishings, Fixtures & Appliances"
4064,1386570,CDXC,ChromaDex Corp.,Consumer Defensive,Packaged Foods
4067,1293971,BLUE,"bluebird bio, Inc.",Healthcare,Biotechnology
4068,2011053,SUUN,SolarBank Corp,Utilities,Utilities—Renewable
4069,1401257,FET,"FORUM ENERGY TECHNOLOGIES, INC.",Energy,Oil & Gas Equipment & Services
4070,3545,ALCO,"ALICO, INC.",Consumer Defensive,Farm Products
4071,1401564,FFNW,"First Financial Northwest, Inc.",Financial Services,Banks—Regional
4072,1634117,BNED,"Barnes & Noble Education, Inc.",Consumer Cyclical,Specialty Retail
4073,1883814,SLND,"Southland Holdings, Inc.",Industrials,Engineering & Construction
4074,1550695,PFMT,Performant Financial Corp,Industrials,Specialty Business Services
4075,1678660,PRLD,Prelude Therapeutics Inc,Healthcare,Biotechnology
4076,1847241,PEGR,Project Energy Reimagined Acquisition Corp.,Financial Services,Shell Companies
4077,2007919,INBX,"Inhibrx Biosciences, Inc.",Healthcare,Biotechnology
4078,1484778,TDUP,ThredUp Inc.,Consumer Cyclical,Internet Retail
4079,1532383,VNJA,VANJIA CORP,Consumer Cyclical,Residential Construction
4080,813298,DXLG,"DESTINATION XL GROUP, INC.",Consumer Cyclical,Apparel Retail
4081,56868,PNRG,PRIMEENERGY RESOURCES CORP,Energy,Oil & Gas E&P
4082,1528287,NPCE,NeuroPace Inc,Healthcare,Medical Devices
4083,1455684,TPIC,"TPI COMPOSITES, INC",Industrials,Specialty Industrial Machinery
4084,1315399,PKBK,"PARKE BANCORP, INC.",Financial Services,Banks—Regional
4085,1170300,PCK,PIMCO CALIFORNIA MUNICIPAL INCOME FUND II,Financial Services,Asset Management
4086,1627281,CLLS,Cellectis S.A.,Healthcare,Biotechnology
4088,1041934,EDAP,EDAP TMS SA,Healthcare,Medical Distribution
4089,1696195,KNIT,KINETIC GROUP INC.,Communication Services,Telecom Services
4090,1009829,JAKK,JAKKS PACIFIC INC,Consumer Cyclical,Leisure
4091,1254370,WIA,WESTERN ASSET INFLATION-LINKED INCOME FUND,Financial Services,Asset Management
4092,1437424,POET,POET TECHNOLOGIES INC.,Technology,Semiconductors
4093,1325702,MX,MAGNACHIP SEMICONDUCTOR Corp,Technology,Semiconductors
4094,1867102,EVTL,Vertical Aerospace Ltd.,Industrials,Aerospace & Defense
4095,1630805,BW,"Babcock & Wilcox Enterprises, Inc.",Industrials,Specialty Industrial Machinery
4096,1873923,ONL,Orion Office REIT Inc.,Real Estate,REIT—Office
4097,1856725,RANI,"Rani Therapeutics Holdings, Inc.",Healthcare,Biotechnology
4098,1095052,PLG,PLATINUM GROUP METALS LTD,Basic Materials,Other Precious Metals & Mining
4099,1074902,LCNB,LCNB CORP,Financial Services,Banks—Regional
4101,319655,SJT,SAN JUAN BASIN ROYALTY TRUST,Energy,Oil & Gas E&P
4102,1593984,MDWD,MediWound Ltd.,Healthcare,Biotechnology
4103,1462586,IGI,Western Asset Investment Grade Defined Opportunity Trust Inc.,Financial Services,Asset Management
4104,350868,ITI,"ITERIS, INC.",Technology,Communication Equipment
4105,1758766,STEM,"STEM, INC.",Technology,Software—Infrastructure
4106,1452477,SEVN,Seven Hills Realty Trust,Real Estate,REIT—Mortgage
4107,1486298,BSL,Blackstone Senior Floating Rate 2027 Term Fund,Financial Services,Asset Management
4108,1015383,POWW,"AMMO, INC.",Industrials,Aerospace & Defense
4109,1778784,PVBC,"Provident Bancorp, Inc. /MD/",Financial Services,Banks—Regional
4110,1793229,MPLN,MultiPlan Corp,Healthcare,Health Information Services
4111,1504379,CSTE,Caesarstone Ltd.,Industrials,Building Products & Equipment
4112,1852889,IVCA,Investcorp India Acquisition Corp,Financial Services,Shell Companies
4113,1472341,GDO,WESTERN ASSET GLOBAL CORPORATE DEFINED OPPORTUNITY FUND INC.,Financial Services,Asset Management
4114,1000209,MFIN,MEDALLION FINANCIAL CORP,Financial Services,Credit Services
4115,1066194,EGAN,EGAIN Corp,Technology,Software—Application
4116,1675644,FVCB,"FVCBankcorp, Inc.",Financial Services,Banks—Regional
4117,1439725,BDSX,BIODESIX INC,Healthcare,Diagnostics & Research
4118,5094,VBF,Invesco Bond Fund,Financial Services,Asset Management
4119,1563880,TRVI,"Trevi Therapeutics, Inc.",Healthcare,Biotechnology
4120,1649989,OTLK,"Outlook Therapeutics, Inc.",Healthcare,Biotechnology
4121,1859686,SBXC,SilverBox Corp III,Financial Services,Shell Companies
4122,1505732,BWFG,"Bankwell Financial Group, Inc.",Financial Services,Banks—Regional
4123,1852736,TRIS,Tristar Acquisition I Corp.,Financial Services,Shell Companies
4124,1752036,CALB,California BanCorp,Financial Services,Banks—Regional
4125,1448431,OPRX,OptimizeRx Corp,Healthcare,Health Information Services
4126,1372807,PTMN,Portman Ridge Finance Corp,Financial Services,Asset Management
4127,803016,CFNB,CALIFORNIA FIRST LEASING CORP,Financial Services,Credit Services
4128,1626878,XBIT,XBiotech Inc.,Healthcare,Biotechnology
4129,318673,SNFCA,SECURITY NATIONAL FINANCIAL CORP,Financial Services,Mortgage Finance
4130,875657,ULBI,ULTRALIFE CORP,Industrials,Electrical Equipment & Parts
4131,873860,ONIT,ONITY GROUP INC.,Financial Services,Mortgage Finance
4132,317788,APPS,"Digital Turbine, Inc.",Technology,Software—Application
4133,1815620,OPT,Opthea Ltd,Healthcare,Biotechnology
4135,1140411,PCQ,PIMCO CALIFORNIA MUNICIPAL INCOME FUND,Financial Services,Asset Management
4136,836147,MBCN,MIDDLEFIELD BANC CORP,Financial Services,Banks—Regional
4137,1958777,FBLG,"FibroBiologics, Inc.",Healthcare,Biotechnology
4138,1057861,DHF,BNY MELLON HIGH YIELD STRATEGIES FUND,Financial Services,Asset Management
4139,33488,ESCA,ESCALADE INC,Consumer Cyclical,Leisure
4140,1259429,OXSQ,Oxford Square Capital Corp.,Financial Services,Asset Management
4141,1177162,ENX,EATON VANCE NEW YORK MUNICIPAL BOND FUND,Financial Services,Asset Management
4142,1285550,CLPT,"ClearPoint Neuro, Inc.",Healthcare,Medical Devices
4144,1412100,MHLD,"Maiden Holdings, Ltd.",Financial Services,Insurance—Reinsurance
4145,1132651,ATLO,AMES NATIONAL CORP,Financial Services,Banks—Regional
4146,1784254,MDIA,Mediaco Holding Inc.,Communication Services,Broadcasting
4147,1861841,ARBE,Arbe Robotics Ltd.,Technology,Software—Infrastructure
4148,1842937,HCVI,Hennessy Capital Investment Corp. VI,Financial Services,Shell Companies
4149,1680367,STTK,"Shattuck Labs, Inc.",Healthcare,Biotechnology
4150,1598599,IPHA,Innate Pharma SA,Healthcare,Biotechnology
4151,831655,MPV,BARINGS PARTICIPATION INVESTORS,Financial Services,Asset Management
4152,1744781,NIU,Niu Technologies,Consumer Cyclical,Auto Manufacturers
4153,891482,FLL,FULL HOUSE RESORTS INC,Consumer Cyclical,Resorts & Casinos
4154,1382230,ESSA,"ESSA Bancorp, Inc.",Financial Services,Banks—Regional
4155,1784535,PRCH,"Porch Group, Inc.",Technology,Software—Application
4156,814586,LWAY,"Lifeway Foods, Inc.",Consumer Defensive,Packaged Foods
4157,30125,INSI,Insight Select Income Fund,Financial Services,Asset Management
4158,1841387,CADL,"Candel Therapeutics, Inc.",Healthcare,Biotechnology
4159,1006655,EPM,EVOLUTION PETROLEUM CORP,Energy,Oil & Gas E&P
4160,1495320,VRA,"Vera Bradley, Inc.",Consumer Cyclical,Footwear & Accessories
4161,1228454,BCBP,BCB BANCORP INC,Financial Services,Banks—Regional
4162,1534969,SERA,"SERA PROGNOSTICS, INC.",Healthcare,Medical Devices
4163,1838359,RGTI,"Rigetti Computing, Inc.",Technology,Computer Hardware
4164,1431852,ODV,Osisko Development Corp.,Basic Materials,Gold
4165,1519472,SMXT,"SolarMax Technology, Inc.",Technology,Solar
4166,1865506,ZEO,Zeo Energy Corp.,Technology,Solar
4167,876343,LCTX,"Lineage Cell Therapeutics, Inc.",Healthcare,Biotechnology
4168,37472,FLXS,FLEXSTEEL INDUSTRIES INC,Consumer Cyclical,"Furnishings, Fixtures & Appliances"
4170,833040,FT,FRANKLIN UNIVERSAL TRUST,Financial Services,Asset Management
4171,1779474,MAPS,"WM TECHNOLOGY, INC.",Technology,Software—Application
4172,1442236,QRHC,Quest Resource Holding Corp,Industrials,Waste Management
4173,1432133,KLTR,KALTURA INC,Technology,Software—Application
4174,825345,HYB,NEW AMERICA HIGH INCOME FUND INC,Financial Services,Asset Management
4175,1538847,GLDG,GoldMining Inc.,Basic Materials,Gold
4176,1805521,FFIE,FARADAY FUTURE INTELLIGENT ELECTRIC INC.,Consumer Cyclical,Auto Manufacturers
4177,1658678,BSEM,BIOSTEM TECHNOLOGIES,Healthcare,Biotechnology
4178,1164771,NAK,NORTHERN DYNASTY MINERALS LTD,Basic Materials,Other Industrial Metals & Mining
4179,100378,TWIN,TWIN DISC INC,Industrials,Specialty Industrial Machinery
4180,1840439,BMEA,"Biomea Fusion, Inc.",Healthcare,Biotechnology
4181,1912461,SKGR,SK Growth Opportunities Corp,Financial Services,Shell Companies
4182,1720250,KNDI,"Kandi Technologies Group, Inc.",Consumer Cyclical,Auto Parts
4183,1884046,SPKL,Spark I Acquisition Corp,Financial Services,Shell Companies
4184,1785279,MGX,"Metagenomi, Inc.",Healthcare,Biotechnology
4185,1892316,LDDD,Longduoduo Co Ltd,Healthcare,Diagnostics & Research
4186,796534,NKSH,NATIONAL BANKSHARES INC,Financial Services,Banks—Regional
4187,1600641,DIBS,"1stdibs.com, Inc.",Consumer Cyclical,Internet Retail
4188,1138723,ARAY,ACCURAY INC,Healthcare,Medical Devices
4189,1175680,CYDY,CytoDyn Inc.,Healthcare,Biotechnology
4190,1871638,BRKH,BurTech Acquisition Corp.,Financial Services,Shell Companies
4192,1835512,LLAP,Terran Orbital Corp,Industrials,Aerospace & Defense
4193,887396,EP,EMPIRE PETROLEUM CORP,Energy,Oil & Gas E&P
4194,1476840,EXFY,"Expensify, Inc.",Technology,Software—Application
4195,1540684,ATLX,Atlas Lithium Corp,Basic Materials,Other Precious Metals & Mining
4196,1750153,GOEV,Canoo Inc.,Consumer Cyclical,Auto Manufacturers
4197,1140102,HQI,"HireQuest, Inc.",Industrials,Staffing & Employment Services
4198,1782223,PYXS,"Pyxis Oncology, Inc.",Healthcare,Biotechnology
4199,1884516,DTI,Drilling Tools International Corp,Energy,Oil & Gas Equipment & Services
4200,1516551,SKYE,"Skye Bioscience, Inc.",Healthcare,Biotechnology
4201,1524025,TLYS,"TILLY'S, INC.",Consumer Cyclical,Apparel Retail
4202,1865107,AKA,A.K.A. BRANDS HOLDING CORP.,Consumer Cyclical,Apparel Retail
4203,1005286,LFCR,"LIFECORE BIOMEDICAL, INC. DE",Healthcare,Drug Manufacturers—Specialty & Generic
4204,31107,EML,EASTERN CO,Industrials,Tools & Accessories
4205,355948,RELL,"RICHARDSON ELECTRONICS, LTD.",Technology,Electronic Components
4206,1512762,CHRS,"Coherus BioSciences, Inc.",Healthcare,Biotechnology
4207,1181504,PZC,PIMCO CALIFORNIA MUNICIPAL INCOME FUND III,Financial Services,Asset Management
4208,1851194,VTYX,"Ventyx Biosciences, Inc.",Healthcare,Biotechnology
4209,1572334,VABK,Virginia National Bankshares Corp,Financial Services,Banks—Regional
4210,1701809,CBH,Virtus Convertible & Income 2024 Target Term Fund,Financial Services,Asset Management
4211,798081,LAKE,LAKELAND INDUSTRIES INC,Consumer Cyclical,Apparel Manufacturing
4212,1756390,AAWH,"Ascend Wellness Holdings, Inc.",Healthcare,Drug Manufacturers—Specialty & Generic
4213,1847577,LCW,Learn CW Investment Corp,Financial Services,Shell Companies
4214,1856995,MCAA,Mountain & Co. I Acquisition Corp.,Financial Services,Shell Companies
4215,1620737,OGI,ORGANIGRAM HOLDINGS INC.,Healthcare,Drug Manufacturers—Specialty & Generic
4216,1847409,HITI,High Tide Inc.,Healthcare,Pharmaceutical Retailers
4217,1499832,TSQ,"Townsquare Media, Inc.",Communication Services,Advertising Agencies
4218,1850502,NFYS,Enphys Acquisition Corp.,Financial Services,Shell Companies
4219,1245648,FLC,FLAHERTY & CRUMRINE TOTAL RETURN FUND INC,Financial Services,Asset Management
4220,850429,TG,TREDEGAR CORP,Industrials,Metal Fabrication
4221,1327607,MYFW,First Western Financial Inc,Financial Services,Banks—Regional
4222,1625414,BZUN,Baozun Inc.,Consumer Cyclical,Internet Retail
4223,891038,MPA,BLACKROCK MUNIYIELD PENNSYLVANIA QUALITY FUND,Financial Services,Asset Management
4224,1805833,SST,"System1, Inc.",Industrials,Specialty Business Services
4225,1954694,LGCL,Lucas GC Ltd,Technology,Software—Application
4226,1555279,MASS,908 Devices Inc.,Healthcare,Medical Devices
4227,1318484,CTRN,Citi Trends Inc,Consumer Cyclical,Apparel Retail
4229,1094324,SIFY,SIFY TECHNOLOGIES LTD,Communication Services,Telecom Services
4230,1614806,AJX,Great Ajax Corp.,Real Estate,REIT—Mortgage
4231,1941536,BAER,"Bridger Aerospace Group Holdings, Inc.",Industrials,Security & Protection Services
4232,1754820,DM,"Desktop Metal, Inc.",Technology,Computer Hardware
4233,810766,CIK,CREDIT SUISSE ASSET MANAGEMENT INCOME FUND INC,Financial Services,Asset Management
4234,1861121,EVE,EVe Mobility Acquisition Corp,Financial Services,Shell Companies
4235,1504234,BGX,Blackstone Long-Short Credit Income Fund,Financial Services,Asset Management
4236,1901336,ALCY,Alchemy Investments Acquisition Corp 1,Financial Services,Shell Companies
4237,1512931,MRCC,MONROE CAPITAL Corp,Financial Services,Asset Management
4238,1467808,CORBF,Global Cord Blood Corp,Healthcare,Diagnostics & Research
4239,1211583,FENC,FENNEC PHARMACEUTICALS INC.,Healthcare,Biotechnology
4240,1753368,SANG,Sangoma Technologies Corp,Technology,Software—Infrastructure
4241,1290900,CVGI,"Commercial Vehicle Group, Inc.",Consumer Cyclical,Auto Parts
4243,1826667,TLSI,"TriSalus Life Sciences, Inc.",Healthcare,Medical Devices
4244,1228509,EHI,WESTERN ASSET GLOBAL HIGH INCOME FUND INC.,Financial Services,Asset Management
4245,933972,SCWO,374Water Inc.,Industrials,Pollution & Treatment Controls
4246,874396,LCUT,"LIFETIME BRANDS, INC",Consumer Cyclical,"Furnishings, Fixtures & Appliances"
4247,949858,ACHV,"ACHIEVE LIFE SCIENCES, INC.",Healthcare,Biotechnology
4248,1261166,NRO,NEUBERGER BERMAN REAL ESTATE SECURITIES INCOME FUND INC,Financial Services,Asset Management
4249,1031316,FSP,FRANKLIN STREET PROPERTIES CORP /MA/,Real Estate,REIT—Office
4250,1704299,TEAF,ECOFIN SUSTAINABLE & SOCIAL IMPACT TERM FUND,Financial Services,Asset Management
4251,1400891,IHRT,"iHeartMedia, Inc.",Communication Services,Broadcasting
4252,1921865,ASPI,ASP Isotopes Inc.,Basic Materials,Chemicals
4253,818850,NNY,NUVEEN NEW YORK MUNICIPAL VALUE FUND,Financial Services,Asset Management
4254,1733294,GBIO,Generation Bio Co.,Healthcare,Biotechnology
4255,1952853,MAMO,Massimo Group,Consumer Cyclical,Recreational Vehicles
4256,1998781,IBAC,IB Acquisition Corp.,Financial Services,Shell Companies
4257,830622,PIM,PUTNAM MASTER INTERMEDIATE INCOME TRUST,Financial Services,Asset Management
4258,1417802,IDE,"Voya Infrastructure, Industrials & Materials Fund",Financial Services,Asset Management
4259,1477845,ANVS,"Annovis Bio, Inc.",Healthcare,Biotechnology
4260,1374328,FTLF,"FITLIFE BRANDS, INC.",Consumer Defensive,Packaged Foods
4261,1119774,CGEN,COMPUGEN LTD,Healthcare,Biotechnology
4262,1975940,FLYE,"Fly-E Group, Inc.",Consumer Cyclical,Auto Manufacturers
4263,1501756,ADVM,"Adverum Biotechnologies, Inc.",Healthcare,Biotechnology
4264,1609809,MCRB,"Seres Therapeutics, Inc.",Healthcare,Biotechnology
4265,1889123,EMLD,FTAC Emerald Acquisition Corp.,Financial Services,Shell Companies
4266,1109116,EVC,ENTRAVISION COMMUNICATIONS CORP,Communication Services,Advertising Agencies
4267,700764,VYEY,"VICTORY CLEAN ENERGY, INC.",Energy,Oil & Gas Equipment & Services
4268,1501103,EDF,Virtus Stone Harbor Emerging Markets Income Fund,Financial Services,Asset Management
4269,1756594,IVA,Inventiva S.A.,Healthcare,Biotechnology
4270,842518,EVBN,EVANS BANCORP INC,Financial Services,Banks—Regional
4271,1918661,ESHA,ESH Acquisition Corp.,Financial Services,Shell Companies
4272,738214,AMTX,"AEMETIS, INC",Energy,Oil & Gas Refining & Marketing
4273,1957001,FEBO,Fenbo Holdings Ltd,Technology,Consumer Electronics
4274,1868640,RDZN,Roadzen Inc.,Technology,Software—Application
4275,1702318,AHG,Akso Health Group,Healthcare,Medical Distribution
4276,1711754,INMB,"Inmune Bio, Inc.",Healthcare,Biotechnology
4277,785557,DLHC,DLH Holdings Corp.,Industrials,Specialty Business Services
4278,1602658,ISTR,Investar Holding Corp,Financial Services,Banks—Regional
4279,1649096,CLPR,Clipper Realty Inc.,Real Estate,REIT—Residential
4280,1697851,REKR,"Rekor Systems, Inc.",Technology,Software—Infrastructure
4281,875582,NTIC,NORTHERN TECHNOLOGIES INTERNATIONAL CORP,Basic Materials,Specialty Chemicals
4282,1289868,MCN,Madison Covered Call & Equity Strategy Fund,Financial Services,Asset Management
4283,1604950,SCPH,scPharmaceuticals Inc.,Healthcare,Biotechnology
4284,1832871,BMN,BlackRock 2037 Municipal Target Term Trust,Financial Services,Asset Management
4285,1835654,INVZ,Innoviz Technologies Ltd.,Consumer Cyclical,Auto Parts
4287,904112,MSD,MORGAN STANLEY EMERGING MARKETS DEBT FUND INC,Financial Services,Asset Management
4288,1133416,GALT,GALECTIN THERAPEUTICS INC,Healthcare,Biotechnology
4289,882508,QUIK,QUICKLOGIC Corp,Technology,Semiconductors
4290,1051627,AXTI,AXT INC,Technology,Semiconductor Equipment & Materials
4291,1953366,STHO,Star Holdings,Real Estate,Real Estate Services
4292,356037,CSPI,CSP INC /MA/,Technology,Information Technology Services
4293,918541,NNBR,NN INC,Industrials,Conglomerates
4294,1827087,VIGL,"Vigil Neuroscience, Inc.",Healthcare,Biotechnology
4295,1169445,TBRG,"TruBridge, Inc.",Healthcare,Health Information Services
4296,1871321,DRTS,Alpha Tau Medical Ltd.,Healthcare,Biotechnology
4297,839122,DMF,"BNY MELLON MUNICIPAL INCOME, INC.",Financial Services,Asset Management
4298,1351636,SSTI,"SOUNDTHINKING, INC.",Technology,Software—Application
4299,924719,SMID,SMITH MIDLAND CORP,Basic Materials,Building Materials
4301,1391437,GRX,Gabelli Healthcare & WellnessRx Trust,Financial Services,Asset Management
4302,1813452,PLNH,Planet 13 Holdings Inc.,Healthcare,Drug Manufacturers—Specialty & Generic
4303,830487,MHF,WESTERN ASSET MUNICIPAL HIGH INCOME FUND INC.,Financial Services,Asset Management
4304,946394,ELLO,Ellomay Capital Ltd.,Utilities,Utilities—Renewable
4305,1133869,CAPR,"CAPRICOR THERAPEUTICS, INC.",Healthcare,Biotechnology
4306,897802,SPE,"SPECIAL OPPORTUNITIES FUND, INC.",Financial Services,Asset Management
4307,1289340,STXS,"Stereotaxis, Inc.",Healthcare,Medical Instruments & Supplies
4308,1808158,RPTX,Repare Therapeutics Inc.,Healthcare,Biotechnology
4309,1828536,NRGV,"Energy Vault Holdings, Inc.",Utilities,Utilities—Renewable
4310,1706946,SPCE,"Virgin Galactic Holdings, Inc",Industrials,Aerospace & Defense
4311,1287498,EVG,Eaton Vance Short Duration Diversified Income Fund,Financial Services,Asset Management
4312,1753539,BKSY,BlackSky Technology Inc.,Technology,Scientific & Technical Instruments
4313,921671,GGT,GABELLI MULTIMEDIA TRUST INC.,Financial Services,Asset Management
4314,101984,UEIC,UNIVERSAL ELECTRONICS INC,Technology,Consumer Electronics
4315,1549966,SAMG,Silvercrest Asset Management Group Inc.,Financial Services,Asset Management
4316,1488039,ATOS,"ATOSSA THERAPEUTICS, INC.",Healthcare,Biotechnology
4317,1842952,CNTX,Context Therapeutics Inc.,Healthcare,Biotechnology
4318,1157647,WNEB,"Western New England Bancorp, Inc.",Financial Services,Banks—Regional
4319,1808665,ASRT,"Assertio Holdings, Inc.",Healthcare,Drug Manufacturers—Specialty & Generic
4320,1401667,PBYI,"PUMA BIOTECHNOLOGY, INC.",Healthcare,Biotechnology
4321,1021917,AWCA,"Awaysis Capital, Inc.",Real Estate,Real Estate Services
4322,1848948,VCXB,10X Capital Venture Acquisition Corp. III,Financial Services,Shell Companies
4323,1556263,SYRS,"Syros Pharmaceuticals, Inc.",Healthcare,Biotechnology
4324,808439,TATT,TAT TECHNOLOGIES LTD,Industrials,Aerospace & Defense
4325,1734520,ALYAF,Alithya Group inc,Technology,Information Technology Services
4326,913341,CFFI,C & F FINANCIAL CORP,Financial Services,Banks—Regional
4327,1371489,III,Information Services Group Inc.,Technology,Information Technology Services
4328,716605,PWOD,PENNS WOODS BANCORP INC,Financial Services,Banks—Regional
4329,1093672,PEBK,PEOPLES BANCORP OF NORTH CAROLINA INC,Financial Services,Banks—Regional
4330,1783032,ELEV,"Elevation Oncology, Inc.",Healthcare,Biotechnology
4331,1077688,HOFT,HOOKER FURNISHINGS Corp,Consumer Cyclical,"Furnishings, Fixtures & Appliances"
4332,1873441,BCSA,Blockchain Coinvestors Acquisition Corp. I,Financial Services,Shell Companies
4333,1619856,CRBU,"Caribou Biosciences, Inc.",Healthcare,Biotechnology
4334,1684144,ZOM,Zomedica Corp.,Healthcare,Medical Devices
4335,1016838,RDCM,RADCOM LTD,Communication Services,Telecom Services
4336,1789029,AEVA,"Aeva Technologies, Inc.",Technology,Software—Infrastructure
4337,784539,EACO,EACO CORP,Technology,Electronics & Computer Distribution
4338,1722010,OPBK,OP Bancorp,Financial Services,Banks—Regional
4339,1030192,IDR,"Idaho Strategic Resources, Inc.",Basic Materials,Gold
4340,1680873,HFFG,HF Foods Group Inc.,Consumer Defensive,Food Distribution
4341,1819438,GWH,"ESS Tech, Inc.",Industrials,Electrical Equipment & Parts
4342,1915328,ISRL,Israel Acquisitions Corp,Financial Services,Shell Companies
4343,1787518,NUKK,Nukkleus Inc.,Technology,Software—Application
4344,893847,HWBK,"HAWTHORN BANCSHARES, INC.",Financial Services,Banks—Regional
4345,928054,FTK,FLOTEK INDUSTRIES INC/CN/,Energy,Oil & Gas Equipment & Services
4346,1703644,GPMT,Granite Point Mortgage Trust Inc.,Real Estate,REIT—Mortgage
4347,1504545,BWG,BrandywineGLOBAL-Global Income Opportunities Fund Inc,Financial Services,Asset Management
4348,1560672,EARN,Ellington Credit Co,Financial Services,Asset Management
4349,1578453,DLNG,Dynagas LNG Partners LP,Energy,Oil & Gas Midstream
4350,700841,RCMT,"RCM TECHNOLOGIES, INC.",Industrials,Conglomerates
4351,1114927,FNRN,FIRST NORTHERN COMMUNITY BANCORP,Financial Services,Banks—Regional
4352,1683825,TRVG,trivago N.V.,Communication Services,Internet Content & Information
4353,1034842,RIGL,RIGEL PHARMACEUTICALS INC,Healthcare,Biotechnology
4354,1413119,KBLB,"Kraig Biocraft Laboratories, Inc",Basic Materials,Specialty Chemicals
4355,1576885,ABOS,"Acumen Pharmaceuticals, Inc.",Healthcare,Biotechnology
4357,1114925,LTRX,LANTRONIX INC,Technology,Communication Equipment
4358,1899287,AMPX,"Amprius Technologies, Inc.",Industrials,Electrical Equipment & Parts
4359,1392380,GEVO,"Gevo, Inc.",Basic Materials,Specialty Chemicals
4360,1612940,PRQR,ProQR Therapeutics N.V.,Healthcare,Biotechnology
4361,1302387,BVFL,"BV Financial, Inc.",Financial Services,Banks—Regional
4362,1822250,LOGC,ContextLogic Inc.,Consumer Cyclical,Internet Retail
4363,1337013,INFU,"InfuSystem Holdings, Inc",Healthcare,Medical Instruments & Supplies
4364,1478102,DMO,Western Asset Mortgage Opportunity Fund Inc.,Financial Services,Asset Management
4365,1907909,VOXR,VOX ROYALTY CORP.,Basic Materials,Other Precious Metals & Mining
4366,763907,FUNC,FIRST UNITED CORP/MD/,Financial Services,Banks—Regional
4367,1882198,ATEK,Athena Technology Acquisition Corp. II,Financial Services,Shell Companies
4369,1880441,BFAC,Battery Future Acquisition Corp.,Financial Services,Shell Companies
4370,858706,GF,NEW GERMANY FUND INC,Financial Services,Asset Management
4371,1971115,RYDE,Ryde Group Ltd,Technology,Software—Application
4372,1316463,GLQ,Clough Global Equity Fund,Financial Services,Asset Management
4373,1343793,BTA,BlackRock Long-Term Municipal Advantage Trust,Financial Services,Asset Management
4374,1823406,AFBI,"Affinity Bancshares, Inc.",Financial Services,Banks—Regional
4375,868578,PFD,FLAHERTY & CRUMRINE PREFERRED & INCOME FUND INC,Financial Services,Asset Management
4377,1332943,IGA,Voya Global Advantage & Premium Opportunity Fund,Financial Services,Asset Management
4378,1566243,ARAT,Arax Holdings Corp,Technology,Software—Infrastructure
4379,1604868,GRWG,GrowGeneration Corp.,Consumer Cyclical,Specialty Retail
4380,1873213,BRWC,Birdie Win Corp,Consumer Defensive,Education & Training Services
4381,1578987,BANX,ArrowMark Financial Corp.,Financial Services,Asset Management
4382,1703073,VIVC,VIVIC CORP.,Consumer Cyclical,Recreational Vehicles
4383,1560241,GTHX,"G1 Therapeutics, Inc.",Healthcare,Biotechnology
4384,842517,ISBA,ISABELLA BANK Corp,Financial Services,Banks—Regional
4385,1702123,CRDL,Cardiol Therapeutics Inc.,Healthcare,Drug Manufacturers—Specialty & Generic
4386,1856365,FINW,Finwise Bancorp,Financial Services,Banks—Regional
4387,1816431,QSI,Quantum-Si Inc,Healthcare,Medical Devices
4388,1438423,MRAM,EVERSPIN TECHNOLOGIES INC,Technology,Semiconductors
4389,1867834,BRAG,Bragg Gaming Group Inc.,Consumer Cyclical,Gambling
4391,1950429,NNAG,99 Acquisition Group Inc.,Financial Services,Shell Companies
4392,1645873,MDV,"Modiv Industrial, Inc.",Real Estate,REIT—Diversified
4393,1863719,MNTN,Everest Consolidator Acquisition Corp,Financial Services,Shell Companies
4394,1588871,OAKC,"Oakworth Capital, Inc.",Financial Services,Banks—Regional
4395,1199004,FMN,Federated Hermes Premier Municipal Income Fund,Financial Services,Asset Management
4396,1853397,ZLS,Zalatoris II Acquisition Corp,Financial Services,Shell Companies
4397,1022652,INSG,INSEEGO CORP.,Technology,Communication Equipment
4398,316888,ASM,AVINO SILVER & GOLD MINES LTD,Basic Materials,Other Precious Metals & Mining
4399,24090,CIA,"CITIZENS, INC.",Financial Services,Insurance—Life
4400,1883788,DHAI,"DIH HOLDING US, INC.",Healthcare,Medical Devices
4401,892992,NAZ,NUVEEN ARIZONA QUALITY MUNICIPAL INCOME FUND,Financial Services,Asset Management
4402,1036262,INTT,INTEST CORP,Technology,Semiconductor Equipment & Materials
4403,1971532,TELO,"Telomir Pharmaceuticals, Inc.",Healthcare,Biotechnology
4404,1847846,EUDA,EUDA Health Holdings Ltd,Healthcare,Health Information Services
4405,1026655,CMT,CORE MOLDING TECHNOLOGIES INC,Basic Materials,Specialty Chemicals
4406,1708527,ELUT,ELUTIA INC.,Healthcare,Medical Devices
4407,1030997,WILC,G WILLI FOOD INTERNATIONAL LTD,Consumer Defensive,Food Distribution
4408,1848756,PHYT,Pyrophyte Acquisition Corp.,Financial Services,Shell Companies
4409,1708441,MYND,"Mynd.ai, Inc.",Consumer Defensive,Education & Training Services
4410,1491419,LVO,"LiveOne, Inc.",Communication Services,Entertainment
4411,96536,TAYD,TAYLOR DEVICES INC,Industrials,Specialty Industrial Machinery
4412,1767837,RMBI,"Richmond Mutual Bancorporation, Inc.",Financial Services,Banks—Regional
4413,1369290,MYO,"MYOMO, INC.",Healthcare,Medical Devices
4414,1401040,DMAC,DiaMedica Therapeutics Inc.,Healthcare,Biotechnology
4415,891532,PESI,PERMA FIX ENVIRONMENTAL SERVICES INC,Industrials,Waste Management
4416,1679268,TUSK,"MAMMOTH ENERGY SERVICES, INC.",Industrials,Conglomerates
4417,759866,JHS,JOHN HANCOCK INCOME SECURITIES TRUST,Financial Services,Asset Management
4418,895574,VFL,abrdn National Municipal Income Fund,Financial Services,Asset Management
4419,1838513,GATE,Marblegate Acquisition Corp.,Financial Services,Shell Companies
4420,1488917,ELMD,"Electromed, Inc.",Healthcare,Medical Devices
4421,1399520,STKS,"ONE Group Hospitality, Inc.",Consumer Cyclical,Restaurants
4422,2098,ACU,ACME UNITED CORP,Consumer Defensive,Household & Personal Products
4423,1305168,ARC,"ARC DOCUMENT SOLUTIONS, INC.",Industrials,Specialty Business Services
4424,1547546,LFT,"Lument Finance Trust, Inc.",Real Estate,REIT—Mortgage
4425,1865407,KCGI,Kensington Capital Acquisition Corp. V,Financial Services,Shell Companies
4426,1760689,MVST,"Microvast Holdings, Inc.",Industrials,Electrical Equipment & Parts
4427,1176334,MMLP,MARTIN MIDSTREAM PARTNERS L.P.,Energy,Oil & Gas Midstream
4428,1540013,QIPT,Quipt Home Medical Corp.,Healthcare,Medical Devices
4429,1468748,KOD,Kodiak Sciences Inc.,Healthcare,Biotechnology
4430,701719,ELA,Envela Corp,Consumer Cyclical,Luxury Goods
4431,1778016,IMAB,I-Mab,Healthcare,Biotechnology
4432,1053691,CRVO,CervoMed Inc.,Healthcare,Biotechnology
4433,1836934,ZENV,Zenvia Inc.,Technology,Software—Application
4434,748691,KF,KOREA FUND INC,Financial Services,Asset Management
4435,1303942,BFIN,BankFinancial CORP,Financial Services,Banks—Regional
4436,1562151,CWGL,"Crimson Wine Group, Ltd",Consumer Defensive,Beverages—Wineries & Distilleries
4437,1333493,EHTH,"eHealth, Inc.",Financial Services,Insurance Brokers
4438,1163792,WEA,WESTERN ASSET PREMIER BOND FUND,Financial Services,Asset Management
4439,1802457,ORGN,"Origin Materials, Inc.",Basic Materials,Chemicals
4440,1496749,HEQ,John Hancock Hedged Equity & Income Fund,Financial Services,Asset Management
4441,1832038,IVVD,"Invivyd, Inc.",Healthcare,Biotechnology
4442,1900402,EVGR,Evergreen Corp,Financial Services,Shell Companies
4443,932781,FCCO,FIRST COMMUNITY CORP /SC/,Financial Services,Banks—Regional
4444,1472091,PDSB,PDS Biotechnology Corp,Healthcare,Biotechnology
4445,1437283,RPMT,"REGO PAYMENT ARCHITECTURES, INC.",Technology,Software—Infrastructure
4446,1123494,HBIO,HARVARD BIOSCIENCE INC,Healthcare,Medical Instruments & Supplies
4447,55529,KEQU,KEWAUNEE SCIENTIFIC CORP /DE/,Consumer Cyclical,"Furnishings, Fixtures & Appliances"
4448,1966750,ZBAO,Zhibao Technology Inc.,Financial Services,Insurance Brokers
4449,1620463,ATHA,"Athira Pharma, Inc.",Healthcare,Biotechnology
4450,1693577,MNSB,"MainStreet Bancshares, Inc.",Financial Services,Banks—Regional
4451,1838108,RMGCF,RMG Acquisition Corp. III,Financial Services,Shell Companies
4452,1137547,UBFO,UNITED SECURITY BANCSHARES,Financial Services,Banks—Regional
4453,1768267,CRNC,Cerence Inc.,Technology,Software—Application
4454,1870600,DTC,"Solo Brands, Inc.",Consumer Cyclical,Internet Retail
4455,1862935,IFIN,InFinT Acquisition Corp,Financial Services,Shell Companies
4456,1400897,SRV,NXG Cushing Midstream Energy Fund,Financial Services,Asset Management
4457,1435508,FSFG,"First Savings Financial Group, Inc.",Financial Services,Banks—Regional
4458,1305767,PHD,"Pioneer Floating Rate Fund, Inc.",Financial Services,Asset Management
4459,795800,PNRLF,Premium Nickel Resources Ltd.,Basic Materials,Other Industrial Metals & Mining
4460,1649744,DLTH,DULUTH HOLDINGS INC.,Consumer Cyclical,Apparel Retail
4461,1856961,BOCN,Blue Ocean Acquisition Corp,Financial Services,Shell Companies
4462,315131,PHX,PHX MINERALS INC.,Energy,Oil & Gas E&P
4463,1596961,RMBL,"RumbleOn, Inc.",Consumer Cyclical,Auto & Truck Dealerships
4464,1883835,ESGH,ESG Inc.,Financial Services,Shell Companies
4465,1682220,SACH,Sachem Capital Corp.,Real Estate,REIT—Mortgage
4466,863894,VERU,VERU INC.,Healthcare,Biotechnology
4467,1814974,BBXIA,"BBX Capital, Inc.",Financial Services,Asset Management
4468,1001115,GEOS,GEOSPACE TECHNOLOGIES CORP,Energy,Oil & Gas Equipment & Services
4469,1440153,BKUH,"Bakhu Holdings, Corp.",Healthcare,Drug Manufacturers—Specialty & Generic
4470,1801661,SKLZ,Skillz Inc.,Communication Services,Electronic Gaming & Multimedia
4471,1750735,MRBK,Meridian Corp,Financial Services,Banks—Regional
4472,1477081,KGEI,Kolibri Global Energy Inc.,Energy,Oil & Gas E&P
4473,1716951,OCCI,"OFS Credit Company, Inc.",Financial Services,Asset Management
4474,1494650,OPTN,"OptiNose, Inc.",Healthcare,Drug Manufacturers—Specialty & Generic
4475,1870143,RCFA,Perception Capital Corp. IV,Financial Services,Shell Companies
4476,723646,FRAF,FRANKLIN FINANCIAL SERVICES CORP /PA/,Financial Services,Banks—Regional
4477,1506251,CTXR,"Citius Pharmaceuticals, Inc.",Healthcare,Biotechnology
4478,1699880,AMLI,American Lithium Corp.,Basic Materials,Other Industrial Metals & Mining
4479,1738021,CMPX,"Compass Therapeutics, Inc.",Healthcare,Biotechnology
4480,918251,MPAA,MOTORCAR PARTS OF AMERICA INC,Consumer Cyclical,Auto Parts
4481,1070680,CFBK,CF BANKSHARES INC.,Financial Services,Banks—Regional
4482,1597095,TOUR,Tuniu Corp,Consumer Cyclical,Travel Services
4483,1825024,OPAD,Offerpad Solutions Inc.,Real Estate,Real Estate Services
4484,10329,BSET,BASSETT FURNITURE INDUSTRIES INC,Consumer Cyclical,"Furnishings, Fixtures & Appliances"
4485,808219,MHGU,MERITAGE HOSPITALITY GROUP INC,Consumer Cyclical,Restaurants
4486,1818838,ADAG,Adagene Inc.,Healthcare,Biotechnology
4487,845606,CXE,MFS HIGH INCOME MUNICIPAL TRUST,Financial Services,Asset Management
4488,1510593,XNET,Xunlei Ltd,Technology,Software—Infrastructure
4489,731122,CCFN,MUNCY COLUMBIA FINANCIAL Corp,Financial Services,Banks—Regional
4490,1117171,CBAT,"CBAK Energy Technology, Inc.",Industrials,Electrical Equipment & Parts
4491,1597835,CMCM,Cheetah Mobile Inc.,Communication Services,Internet Content & Information
4493,47307,CRAWA,CRAWFORD UNITED Corp,Industrials,Specialty Industrial Machinery
4494,1828588,HNVR,"Hanover Bancorp, Inc. /NY",Financial Services,Banks—Regional
4495,1726126,EPSN,Epsilon Energy Ltd.,Energy,Oil & Gas E&P
4496,1553643,RLMD,"RELMADA THERAPEUTICS, INC.",Healthcare,Biotechnology
4497,759828,JHI,JOHN HANCOCK INVESTORS TRUST,Financial Services,Asset Management
4498,1914605,ECBK,"ECB Bancorp, Inc. /MD/",Financial Services,Banks—Regional
4499,1400438,LGO,Largo Inc.,Basic Materials,Other Industrial Metals & Mining
4500,1801417,BYNO,byNordic Acquisition Corp,Financial Services,Shell Companies
4501,1875558,NVCT,"Nuvectis Pharma, Inc.",Healthcare,Biotechnology
4502,779336,IAF,"ABRDN AUSTRALIA EQUITY FUND, INC.",Financial Services,Asset Management
4503,1487918,OFS,OFS Capital Corp,Financial Services,Asset Management
4504,1367859,CZWI,Citizens Community Bancorp Inc.,Financial Services,Banks—Regional
4505,1847064,PSQH,"PSQ Holdings, Inc.",Technology,Software—Application
4506,880641,EFSI,EAGLE FINANCIAL SERVICES INC,Financial Services,Banks—Regional
4507,1860871,TVGN,Tevogen Bio Holdings Inc.,Healthcare,Biotechnology
4508,1853580,PFTA,Perception Capital Corp. III,Financial Services,Shell Companies
4509,1937987,FBYD,"Falcon's Beyond Global, Inc.",Industrials,Conglomerates
4510,75398,PAI,Western Asset Investment Grade Income Fund Inc.,Financial Services,Asset Management
4511,1868573,APXI,APx Acquisition Corp. I,Financial Services,Shell Companies
4512,810943,PCF,HIGH INCOME SECURITIES FUND,Financial Services,Asset Management
4513,1173643,TRX,TRX GOLD Corp,Basic Materials,Gold
4514,1357971,ESOA,Energy Services of America CORP,Industrials,Engineering & Construction
4515,1754323,XTKG,"X3 Holdings Co., Ltd.",Technology,Software—Application
4516,1867066,DERM,Journey Medical Corp,Healthcare,Drug Manufacturers—Specialty & Generic
4517,1851909,CDAQ,Compass Digital Acquisition Corp.,Financial Services,Shell Companies
4518,1944552,ANL,Adlai Nortye Ltd.,Healthcare,Biotechnology
4519,1834032,CSTAF,Constellation Acquisition Corp I,Financial Services,Shell Companies
4520,1165002,WHG,WESTWOOD HOLDINGS GROUP INC,Financial Services,Asset Management
4521,1285650,CGO,CALAMOS GLOBAL TOTAL RETURN FUND,Financial Services,Asset Management
4522,793040,ECF,ELLSWORTH GROWTH & INCOME FUND LTD,Financial Services,Asset Management
4523,1605301,CBFV,"CB Financial Services, Inc.",Financial Services,Banks—Regional
4524,1626971,CRVS,"Corvus Pharmaceuticals, Inc.",Healthcare,Biotechnology
4525,1280776,IMUX,"IMMUNIC, INC.",Healthcare,Biotechnology
4526,72205,NOBH,NOBILITY HOMES INC,Consumer Cyclical,Residential Construction
4527,704440,KRMD,"KORU Medical Systems, Inc.",Healthcare,Medical Instruments & Supplies
4528,1839519,CFFS,CF Acquisition Corp. VII,Financial Services,Shell Companies
4529,924383,GNSS,Genasys Inc.,Technology,Scientific & Technical Instruments
4531,1643154,ITHUF,"iANTHUS CAPITAL HOLDINGS, INC.",Healthcare,Drug Manufacturers—Specialty & Generic
4532,890119,NIM,NUVEEN SELECT MATURITIES MUNICIPAL FUND,Financial Services,Asset Management
4533,1419806,REEMF,RARE ELEMENT RESOURCES LTD,Basic Materials,Other Industrial Metals & Mining
4534,1643953,PRPL,"Purple Innovation, Inc.",Consumer Cyclical,"Furnishings, Fixtures & Appliances"
4535,1658551,AMLX,"Amylyx Pharmaceuticals, Inc.",Healthcare,Biotechnology
4536,1408534,FGBI,"First Guaranty Bancshares, Inc.",Financial Services,Banks—Regional
4537,1840317,PLMI,Plum Acquisition Corp. I,Financial Services,Shell Companies
4538,778164,ALTO,"Alto Ingredients, Inc.",Basic Materials,Specialty Chemicals
4540,882071,PFO,Flaherty & Crumrine PREFERRED & INCOME OPPORTUNITY FUND INC,Financial Services,Asset Management
4541,882300,SBI,WESTERN ASSET INTERMEDIATE MUNI FUND INC.,Financial Services,Asset Management
4542,1558740,WNLV,Winvest Group Ltd,Communication Services,Entertainment
4543,1571776,CHMI,Cherry Hill Mortgage Investment Corp,Real Estate,REIT—Mortgage
4544,1743344,PYRGF,PyroGenesis Canada Inc.,Industrials,Specialty Industrial Machinery
4545,1845550,PLMJ,Plum Acquisition Corp. III,Financial Services,Shell Companies
4546,1505512,RGLS,Regulus Therapeutics Inc.,Healthcare,Biotechnology
4547,1733868,CNF,CNFinance Holdings Ltd.,Financial Services,Mortgage Finance
4548,72444,VXRT,"Vaxart, Inc.",Healthcare,Biotechnology
4549,1909747,JUSHF,Jushi Holdings Inc.,Healthcare,Drug Manufacturers—Specialty & Generic
4550,1673772,RAPT,"RAPT Therapeutics, Inc.",Healthcare,Biotechnology
4553,846596,KSM,DWS STRATEGIC MUNICIPAL INCOME TRUST,Financial Services,Asset Management
4554,1041859,PLCE,"Childrens Place, Inc.",Consumer Cyclical,Apparel Retail
4555,1879814,TLGY,TLGY ACQUISITION CORP,Financial Services,Shell Companies
4556,1584549,VFF,"Village Farms International, Inc.",Consumer Defensive,Farm Products
4557,1339970,ATYR,aTYR PHARMA INC,Healthcare,Biotechnology
4558,1876581,IMPP,Imperial Petroleum Inc./Marshall Islands,Energy,Oil & Gas Midstream
4559,1541119,SFBC,"Sound Financial Bancorp, Inc.",Financial Services,Banks—Regional
4560,1602409,FNGR,"FingerMotion, Inc.",Communication Services,Telecom Services
4561,1141688,LARK,LANDMARK BANCORP INC,Financial Services,Banks—Regional
4562,1398972,ERDCF,Erdene Resource Development Corp,Basic Materials,Other Industrial Metals & Mining
4563,1828376,WMPN,William Penn Bancorporation,Financial Services,Banks—Regional
4564,1174891,GEDC,"CalEthos, Inc.",Technology,Information Technology Services
4565,1760233,RSTN,"RDE, Inc.",Communication Services,Internet Content & Information
4566,1157762,CAAS,CHINA AUTOMOTIVE SYSTEMS INC,Consumer Cyclical,Auto Parts
4567,1878897,DOUG,Douglas Elliman Inc.,Real Estate,Real Estate Services
4568,1875493,CSLM,CSLM ACQUISITION CORP.,Financial Services,Shell Companies
4569,1371782,MVO,MV Oil Trust,Energy,Oil & Gas E&P
4570,16859,SRL,Scully Royalty Ltd.,Financial Services,Capital Markets
4571,1774675,SKIL,Skillsoft Corp.,Consumer Defensive,Education & Training Services
4572,1847355,TGAA,Target Global Acquisition I Corp.,Financial Services,Shell Companies
4573,1838163,BNAI,Brand Engagement Network Inc.,Technology,Software—Infrastructure
4574,1843993,THCP,"Thunder Bridge Capital Partners IV, Inc.",Financial Services,Shell Companies
4575,1863218,SFWL,SHENGFENG DEVELOPMENT Ltd,Industrials,Integrated Freight & Logistics
4576,1808997,AOUT,"American Outdoor Brands, Inc.",Consumer Cyclical,Leisure
4577,1723464,CNVCF,BIOHARVEST SCIENCES INC.,Consumer Defensive,Packaged Foods
4578,1381074,RTC,Baijiayun Group Ltd,Technology,Software—Application
4579,1089872,GAIA,"GAIA, INC",Communication Services,Entertainment
4580,919864,FNWD,Finward Bancorp,Financial Services,Banks—Regional
4581,18255,CATO,CATO CORP,Consumer Cyclical,Apparel Retail
4582,813623,SWZ,"SWISS HELVETIA FUND, INC.",Financial Services,Asset Management
4583,1445109,NSGP,NewStream Energy Technologies Group Inc,Industrials,Specialty Industrial Machinery
4584,1954269,GSIW,Garden Stage Ltd,Financial Services,Capital Markets
4585,1675033,GECC,Great Elm Capital Corp.,Financial Services,Asset Management
4586,1831006,BLUA,BlueRiver Acquisition Corp.,Financial Services,Shell Companies
4587,1332551,ACR,ACRES Commercial Realty Corp.,Real Estate,REIT—Mortgage
4588,1672909,CPHC,Canterbury Park Holding Corp,Consumer Cyclical,Gambling
4589,1850453,MYNA,Mynaric AG,Technology,Communication Equipment
4590,1615165,VERI,"Veritone, Inc.",Technology,Software—Infrastructure
4591,1420520,ATOM,Atomera Inc,Technology,Semiconductor Equipment & Materials
4592,1820302,BKKT,"Bakkt Holdings, Inc.",Technology,Software—Infrastructure
4593,1162896,PROP,Prairie Operating Co.,Financial Services,Capital Markets
4594,1758530,SY,So-Young International Inc.,Healthcare,Health Information Services
4595,1131554,SNCR,SYNCHRONOSS TECHNOLOGIES INC,Technology,Software—Infrastructure
4596,8146,ALOT,"AstroNova, Inc.",Technology,Computer Hardware
4597,1534154,AUID,authID Inc.,Technology,Software—Infrastructure
4598,1828811,LICY,Li-Cycle Holdings Corp.,Industrials,Waste Management
4599,1501989,CTMX,"CytomX Therapeutics, Inc.",Healthcare,Biotechnology
4600,1503802,KPTI,Karyopharm Therapeutics Inc.,Healthcare,Biotechnology
4601,1723935,STG,Sunlands Technology Group,Consumer Defensive,Education & Training Services
4602,1828377,FTCO,Fortitude Gold Corp,Basic Materials,Gold
4603,1313275,BCOV,BRIGHTCOVE INC,Technology,Software—Application
4604,1517767,CCIF,Carlyle Credit Income Fund,Financial Services,Asset Management
4605,100726,UFI,UNIFI INC,Consumer Cyclical,Textile Manufacturing
4606,1527762,MFH,Mercurity Fintech Holding Inc.,Financial Services,Capital Markets
4607,1393883,DHX,"DHI GROUP, INC.",Technology,Software—Application
4608,880417,CSBB,"CSB Bancorp, Inc.",Financial Services,Banks—Regional
4610,355019,FONR,FONAR CORP,Healthcare,Diagnostics & Research
4611,1505065,BWAY,Brainsway Ltd.,Healthcare,Medical Devices
4612,897419,NMT,NUVEEN MASSACHUSETTS QUALITY MUNICIPAL INCOME FUND,Financial Services,Asset Management
4613,771266,KOPN,KOPIN CORP,Technology,Electronic Components
4614,1031623,GIFI,GULF ISLAND FABRICATION INC,Industrials,Metal Fabrication
4615,1857030,INCR,Intercure Ltd.,Healthcare,Drug Manufacturers—Specialty & Generic
4616,921114,ARMP,"Armata Pharmaceuticals, Inc.",Healthcare,Biotechnology
4617,1868395,YIBO,Planet Image International Ltd,Technology,Computer Hardware
4618,1726445,SEER,"Seer, Inc.",Healthcare,Biotechnology
4619,1501697,XFOR,"X4 Pharmaceuticals, Inc",Healthcare,Biotechnology
4620,1835022,COYA,"Coya Therapeutics, Inc.",Healthcare,Biotechnology
4621,1864531,VSEE,"VSEE HEALTH, INC.",Healthcare,Health Information Services
4622,1561921,TELA,"TELA Bio, Inc.",Healthcare,Medical Devices
4623,1070732,EVF,EATON VANCE SENIOR INCOME TRUST,Financial Services,Asset Management
4624,811922,MGF,MFS GOVERNMENT MARKETS INCOME TRUST,Financial Services,Asset Management
4625,1134115,THM,INTERNATIONAL TOWER HILL MINES LTD,Basic Materials,Gold
4626,1478454,EBMT,"Eagle Bancorp Montana, Inc.",Financial Services,Banks—Regional
4627,1506488,NXG,NXG NextGen Infrastructure Income Fund,Financial Services,Asset Management
4628,1176309,ORMP,ORAMED PHARMACEUTICALS INC.,Healthcare,Biotechnology
4629,6207,AXR,AMREP CORP.,Real Estate,Real Estate—Development
4630,1794276,YCQH,YCQH Agricultural Technology Co. Ltd,Consumer Cyclical,Internet Retail
4631,1001902,IVAC,INTEVAC INC,Industrials,Specialty Industrial Machinery
4632,894671,OVBC,OHIO VALLEY BANC CORP,Financial Services,Banks—Regional
4634,1877333,THCH,TH International Ltd,Consumer Cyclical,Restaurants
4635,1239819,LUNA,LUNA INNOVATIONS INC,Technology,Scientific & Technical Instruments
4637,1753373,MTWO,"M2i Global, Inc.",Basic Materials,Other Industrial Metals & Mining
4638,1720580,ACET,"Adicet Bio, Inc.",Healthcare,Biotechnology
4640,1828972,BZFD,"BuzzFeed, Inc.",Communication Services,Internet Content & Information
4642,1847874,BEEP,Mobile Infrastructure Corp,Industrials,Infrastructure Operations
4643,1850838,OMGA,"Omega Therapeutics, Inc.",Healthcare,Biotechnology
4644,1785530,HOWL,"Werewolf Therapeutics, Inc.",Healthcare,Biotechnology
4645,1482554,HFUS,"Hartford Creative Group, Inc.",Consumer Cyclical,Lodging
4646,320340,CCRD,CoreCard Corp,Technology,Software—Application
4647,1472215,JLS,Nuveen Mortgage & Income Fund/MA/,Financial Services,Asset Management
4648,1449794,EMYB,"Embassy Bancorp, Inc.",Financial Services,Banks—Regional
4649,1711933,AKYA,"Akoya Biosciences, Inc.",Healthcare,Medical Instruments & Supplies
4650,845379,CHN,CHINA FUND INC,Financial Services,Asset Management
4651,1213037,CRDF,"Cardiff Oncology, Inc.",Healthcare,Biotechnology
4652,39092,FRD,FRIEDMAN INDUSTRIES INC,Basic Materials,Steel
4653,830271,NMI,NUVEEN MUNICIPAL INCOME FUND INC,Financial Services,Asset Management
4654,1070296,FCAP,FIRST CAPITAL INC,Financial Services,Banks—Regional
4655,1370416,WPRT,WESTPORT FUEL SYSTEMS INC.,Consumer Cyclical,Auto Parts
4656,1904501,ZTEK,Zentek Ltd.,Healthcare,Medical Instruments & Supplies
4657,1400118,SGMT,Sagimet Biosciences Inc.,Healthcare,Biotechnology
4658,836690,ISSC,INNOVATIVE SOLUTIONS & SUPPORT INC,Industrials,Aerospace & Defense
4659,1641229,FFMGF,First Mining Gold Corp.,Basic Materials,Gold
4660,1388126,HNW,"Pioneer Diversified High Income Fund, Inc.",Financial Services,Asset Management
4661,1496292,IHD,Voya Emerging Markets High Dividend Equity Fund,Financial Services,Asset Management
4662,921183,HMNF,HMN FINANCIAL INC,Financial Services,Banks—Regional
4663,315374,HURC,HURCO COMPANIES INC,Industrials,Specialty Industrial Machinery
4664,1852019,IXAQ,IX Acquisition Corp.,Financial Services,Shell Companies
4665,1133311,TZOO,TRAVELZOO,Communication Services,Advertising Agencies
4666,1504678,LOOP,"Loop Industries, Inc.",Basic Materials,Specialty Chemicals
4667,1953984,BCG,"Binah Capital Group, Inc.",Financial Services,Asset Management
4668,719402,FXNC,FIRST NATIONAL CORP /VA/,Financial Services,Banks—Regional
4669,1934945,TBMC,Trailblazer Merger Corp I,Financial Services,Shell Companies
4671,886136,SGA,SAGA COMMUNICATIONS INC,Communication Services,Broadcasting
4672,1902314,MPTI,"M-tron Industries, Inc.",Technology,Electronic Components
4673,1816613,MKFG,Markforged Holding Corp,Technology,Computer Hardware
4674,1740797,AVAI,AVANT TECHNOLOGIES INC.,Technology,Software—Application
4675,1171759,RRGB,RED ROBIN GOURMET BURGERS INC,Consumer Cyclical,Restaurants
4676,1973056,BOWN,Bowen Acquisition Corp,Financial Services,Shell Companies
4677,1393584,AMWL,American Well Corp,Healthcare,Health Information Services
4678,1404281,ELDN,"Eledon Pharmaceuticals, Inc.",Healthcare,Biotechnology
4679,1398805,BEEM,Beam Global,Technology,Solar
4680,706863,UNB,UNION BANKSHARES INC,Financial Services,Banks—Regional
4681,933034,STRT,STRATTEC SECURITY CORP,Consumer Cyclical,Auto Parts
4682,1581178,EPRX,EUPRAXIA PHARMACEUTICALS INC.,Healthcare,Biotechnology
4683,1539029,CLSD,"Clearside Biomedical, Inc.",Healthcare,Biotechnology
4684,1893219,ACAB,Atlantic Coastal Acquisition Corp. II,Financial Services,Shell Companies
4685,1852767,MRT,"Marti Technologies, Inc.",Technology,Software—Application
4686,1927719,CRGO,Freightos Ltd,Industrials,Integrated Freight & Logistics
4687,1365767,ALLT,Allot Ltd.,Technology,Software—Infrastructure
4688,1874944,VCSA,"Vacasa, Inc.",Technology,Software—Application
4690,1411685,VTGN,"Vistagen Therapeutics, Inc.",Healthcare,Biotechnology
4691,1036044,INVE,"Identiv, Inc.",Technology,Computer Hardware
4692,1932770,QSG,QuantaSing Group Ltd,Consumer Defensive,Education & Training Services
4693,95953,ACNT,ASCENT INDUSTRIES CO.,Basic Materials,Steel
4694,748268,RCAT,"Red Cat Holdings, Inc.",Technology,Computer Hardware
4695,1490349,PFX,PhenixFIN Corp,Financial Services,Asset Management
4696,849145,HGBL,Heritage Global Inc.,Financial Services,Capital Markets
4697,1456772,OPI,OFFICE PROPERTIES INCOME TRUST,Real Estate,REIT—Office
4698,1677940,BYSI,BeyondSpring Inc.,Healthcare,Biotechnology
4699,1474903,BGSF,"BGSF, INC.",Industrials,Staffing & Employment Services
4700,1823000,CNXX,CONX Corp.,Financial Services,Shell Companies
4702,1852633,PNST,"Pinstripes Holdings, Inc.",Consumer Cyclical,Restaurants
4703,1774983,BROG,Brooge Energy Ltd,Energy,Oil & Gas Midstream
4704,1408201,TPZ,TORTOISE POWER & ENERGY INFRASTRUCTURE FUND INC,Financial Services,Asset Management
4705,1874315,SATL,Satellogic Inc.,Industrials,Aerospace & Defense
4706,1585855,GGZ,Gabelli Global Small & Mid Cap Value Trust,Financial Services,Asset Management
4707,1842566,AISP,"Airship AI Holdings, Inc.",Technology,Software—Infrastructure
4708,798528,OMEX,ODYSSEY MARINE EXPLORATION INC,Basic Materials,Other Industrial Metals & Mining
4709,1378701,GDL,GDL FUND,Financial Services,Asset Management
4710,1979005,AFJK,"Aimei Health Technology Co., Ltd.",Financial Services,Shell Companies
4711,916793,SILC,SILICOM LTD.,Technology,Communication Equipment
4712,908187,PCM,"PCM FUND, INC.",Financial Services,Asset Management
4713,720500,ASYS,AMTECH SYSTEMS INC,Technology,Semiconductor Equipment & Materials
4714,56701,KOSS,KOSS CORP,Technology,Consumer Electronics
4715,1978528,QETA,Quetta Acquisition Corp,Financial Services,Shell Companies
4716,1837929,NPAB,New Providence Acquisition Corp. II,Financial Services,Shell Companies
4717,9521,BCV,BANCROFT FUND LTD,Financial Services,Asset Management
4718,1897971,GLAC,Global Lights Acquisition Corp,Financial Services,Shell Companies
4719,1438893,GNT,"GAMCO Natural Resources, Gold & Income Trust",Financial Services,Asset Management
4720,1830029,GRDI,GRIID Infrastructure Inc.,Financial Services,Capital Markets
4721,767405,SBFG,"SB FINANCIAL GROUP, INC.",Financial Services,Banks—Regional
4722,773717,ACRG,"American Clean Resources Group, Inc.",Basic Materials,Other Precious Metals & Mining
4723,832480,UTGN,UTG INC,Financial Services,Insurance—Life
4724,1848275,TOP,TOP Financial Group Ltd,Financial Services,Capital Markets
4725,1708688,IFRX,InflaRx N.V.,Healthcare,Biotechnology
4726,1782303,BOLD,"Boundless Bio, Inc.",Healthcare,Biotechnology
4727,804563,BMBN,BENCHMARK BANKSHARES INC,Financial Services,Banks—Regional
4728,876378,ASXC,"ASENSUS SURGICAL, INC.",Healthcare,Medical Devices
4729,1557746,ACRS,"Aclaris Therapeutics, Inc.",Healthcare,Diagnostics & Research
4730,105319,WW,"WW INTERNATIONAL, INC.",Consumer Cyclical,Personal Services
4731,1509470,SSSS,SURO CAPITAL CORP.,Financial Services,Asset Management
4732,1944212,DYCQ,DT Cloud Acquisition Corp,Financial Services,Shell Companies
4733,1787414,BSBK,Bogota Financial Corp.,Financial Services,Banks—Regional
4734,1605481,NGLD,Nevada Canyon Gold Corp.,Basic Materials,Gold
4735,14177,BRID,BRIDGFORD FOODS CORP,Consumer Defensive,Packaged Foods
4736,1894057,PPYA,Papaya Growth Opportunity Corp. I,Financial Services,Shell Companies
4737,1538716,OPRT,Oportun Financial Corp,Financial Services,Credit Services
4738,1410738,VPLM,Voip-pal.com Inc,Communication Services,Telecom Services
4739,95552,SUP,SUPERIOR INDUSTRIES INTERNATIONAL INC,Consumer Cyclical,Auto Parts
4740,1279014,ERH,ALLSPRING UTILITIES & HIGH INCOME FUND,Financial Services,Asset Management
4741,2000775,BKHA,Black Hawk Acquisition Corp,Financial Services,Shell Companies
4742,1848437,CITE,Cartica Acquisition Corp,Financial Services,Shell Companies
4743,1895249,MCAC,Monterey Capital Acquisition Corp,Financial Services,Shell Companies
4744,1523836,LITB,"LightInTheBox Holding Co., Ltd.",Consumer Cyclical,Internet Retail
4745,1999297,DSY,Big Tree Cloud Holdings Ltd,Consumer Defensive,Household & Personal Products
4746,1879851,TMTC,TMT Acquisition Corp.,Financial Services,Shell Companies
4747,1814423,IH,iHuman Inc.,Consumer Defensive,Education & Training Services
4748,1494891,SRTS,"Sensus Healthcare, Inc.",Healthcare,Medical Devices
4749,1832950,KRNL,"Kernel Group Holdings, Inc.",Financial Services,Shell Companies
4750,1783875,FFNTF,4Front Ventures Corp.,Healthcare,Drug Manufacturers—Specialty & Generic
4751,1529628,SND,"Smart Sand, Inc.",Energy,Oil & Gas Equipment & Services
4752,1754068,ALVR,"Allovir, Inc.",Healthcare,Biotechnology
4753,1716583,HYZN,Hyzon Motors Inc.,Consumer Cyclical,Auto Parts
4754,1556727,FNWB,First Northwest Bancorp,Financial Services,Banks—Regional
4755,1849548,ONYX,Onyx Acquisition Co. I,Financial Services,Shell Companies
4756,1901203,IROH,Iron Horse Acquisitions Corp.,Financial Services,Shell Companies
4757,1962738,CASI,"CASI Pharmaceuticals, Inc.",Healthcare,Biotechnology
4758,928465,DIT,AMCON DISTRIBUTING CO,Consumer Defensive,Food Distribution
4759,1963685,RR,RICHTECH ROBOTICS INC.,Industrials,Specialty Industrial Machinery
4760,809844,CMU,MFS HIGH YIELD MUNICIPAL TRUST,Financial Services,Asset Management
4761,1505413,VOC,VOC Energy Trust,Energy,Oil & Gas E&P
4762,1672886,ZHYBF,Zhong Yuan Bio-Technology Holdings Ltd,Consumer Defensive,Packaged Foods
4763,1852061,GAQ,Generation Asia I Acquisition Ltd,Financial Services,Shell Companies
4764,1417892,SOL,Emeren Group Ltd,Technology,Solar
4765,1867443,CNGL,Canna-Global Acquisition Corp,Financial Services,Shell Companies
4766,1951276,SRBK,"SR Bancorp, Inc.",Financial Services,Banks—Regional
4767,1710340,ETON,"Eton Pharmaceuticals, Inc.",Healthcare,Drug Manufacturers—Specialty & Generic
4768,1751783,RBKB,"Rhinebeck Bancorp, Inc.",Financial Services,Banks—Regional
4769,1855447,TYGO,"TIGO ENERGY, INC.",Technology,Solar
4770,1770088,WIMI,WiMi Hologram Cloud Inc.,Communication Services,Advertising Agencies
4771,1738906,YI,"111, Inc.",Healthcare,Medical Distribution
4772,1847345,PWUP,PowerUp Acquisition Corp.,Financial Services,Shell Companies
4773,1318025,PGP,PIMCO Global StocksPLUS & Income Fund,Financial Services,Asset Management
4774,1894951,GBBK,Global Blockchain Acquisition Corp.,Financial Services,Shell Companies
4775,54187,MAYS,MAYS J W INC,Real Estate,Real Estate Services
4776,1453593,XTNT,"Xtant Medical Holdings, Inc.",Healthcare,Medical Devices
4777,1838821,ARYD,ARYA Sciences Acquisition Corp IV,Financial Services,Shell Companies
4778,1426800,ASMB,"ASSEMBLY BIOSCIENCES, INC.",Healthcare,Biotechnology
4779,1007587,KVHI,KVH INDUSTRIES INC \DE\,Technology,Communication Equipment
4780,1851612,BHAC,Focus Impact BH3 Acquisition Co,Financial Services,Shell Companies
4781,1846235,IMAQ,International Media Acquisition Corp.,Financial Services,Shell Companies
4782,865400,GSVRF,GUANAJUATO SILVER CO LTD,Basic Materials,Silver
4783,1853044,AERT,"Aeries Technology, Inc.",Industrials,Consulting Services
4784,1085243,VTSI,"VirTra, Inc",Technology,Software—Application
4785,1946021,HSPO,Horizon Space Acquisition I Corp.,Financial Services,Shell Companies
4786,1528811,VGI,Virtus Global Multi-Sector Income Fund,Financial Services,Asset Management
4787,1844450,ELVA,Electrovaya Inc.,Industrials,Electrical Equipment & Parts
4788,1141197,PED,PEDEVCO CORP,Energy,Oil & Gas E&P
4789,750558,QNBC,QNB CORP,Financial Services,Banks—Regional
4790,1598981,SKYX,SKYX Platforms Corp.,Industrials,Electrical Equipment & Parts
4791,1437226,MHH,"Mastech Digital, Inc.",Industrials,Staffing & Employment Services
4792,1279704,CLRB,"Cellectar Biosciences, Inc.",Healthcare,Biotechnology
4793,39020,FEIM,FREQUENCY ELECTRONICS INC,Technology,Communication Equipment
4794,1808898,BNTC,Benitec Biopharma Inc.,Healthcare,Biotechnology
4795,23197,CMTL,COMTECH TELECOMMUNICATIONS CORP /DE/,Technology,Communication Equipment
4796,1655923,ACOGF,Alpha Cognition Inc.,Healthcare,Biotechnology
4797,1413855,FANH,FANHUA INC.,Financial Services,Insurance Brokers
4798,1841125,GAMC,Golden Arrow Merger Corp.,Financial Services,Shell Companies
4799,948368,PSBQ,PSB HOLDINGS INC /WI/,Financial Services,Banks—Regional
4800,1282957,GLU,GABELLI GLOBAL UTILITY & INCOME TRUST,Financial Services,Asset Management
4801,1869673,BACA,Berenson Acquisition Corp. I,Financial Services,Shell Companies
4802,1722438,DOMA,"Doma Holdings, Inc.",Financial Services,Insurance—Property & Casualty
4803,1892747,VMCA,Valuence Merger Corp. I,Financial Services,Shell Companies
4804,1170311,PNI,PIMCO NEW YORK MUNICIPAL INCOME FUND II,Financial Services,Asset Management
4805,832370,EAXR,"Ealixir, Inc.",Technology,Information Technology Services
4806,1869601,EMCG,Embrace Change Acquisition Corp.,Financial Services,Shell Companies
4807,718413,CMTV,COMMUNITY BANCORP /VT,Financial Services,Banks—Regional
4808,1075736,CXDO,"Crexendo, Inc.",Communication Services,Telecom Services
4809,1854480,FIAC,Focus Impact Acquisition Corp.,Financial Services,Shell Companies
4810,885732,NXC,NUVEEN CALIFORNIA SELECT TAX FREE INCOME PORTFOLIO,Financial Services,Asset Management
4811,1106213,SFRX,SEAFARER EXPLORATION CORP,Industrials,Specialty Business Services
4812,866095,JEQ,"ABRDN JAPAN EQUITY FUND, INC.",Financial Services,Asset Management
4814,1723069,TLSA,Tiziana Life Sciences Ltd,Healthcare,Biotechnology
4815,1010470,PROV,PROVIDENT FINANCIAL HOLDINGS INC,Financial Services,Banks—Regional
4816,1956055,BUJA,Bukit Jalil Global Acquisition 1 Ltd.,Financial Services,Shell Companies
4817,1651407,CKPT,"Checkpoint Therapeutics, Inc.",Healthcare,Biotechnology
4818,1899005,BMR,Beamr Imaging Ltd.,Technology,Software—Application
4819,1878313,MAIA,"MAIA Biotechnology, Inc.",Healthcare,Biotechnology
4820,1854795,IRRX,INTEGRATED RAIL & RESOURCES ACQUISITION CORP,Financial Services,Shell Companies
4821,1877557,WEL,Integrated Wellness Acquisition Corp,Financial Services,Shell Companies
4822,1876716,ASCB,ASPAC II Acquisition Corp.,Financial Services,Shell Companies
4823,1831874,IRAA,Iris Acquisition Corp,Financial Services,Shell Companies
4824,921299,FGEN,FIBROGEN INC,Healthcare,Biotechnology
4825,1722387,ITRG,Integra Resources Corp.,Basic Materials,Other Precious Metals & Mining
4826,1437479,ENBP,ENB Financial Corp,Financial Services,Banks—Regional
4827,1041368,RVSB,RIVERVIEW BANCORP INC,Financial Services,Banks—Regional
4828,1492674,TTOO,"T2 Biosystems, Inc.",Healthcare,Diagnostics & Research
4829,1543418,TMQ,Trilogy Metals Inc.,Basic Materials,Other Industrial Metals & Mining
4830,1868269,LATG,Chenghe Acquisition I Co.,Financial Services,Shell Companies
4831,912061,NHTC,NATURAL HEALTH TRENDS CORP,Consumer Cyclical,Internet Retail
4832,1888012,HLVX,"HilleVax, Inc.",Healthcare,Biotechnology
4833,1945422,OAKU,Oak Woods Acquisition Corp,Financial Services,Shell Companies
4834,1296774,NCTY,The9 LTD,Financial Services,Capital Markets
4835,1463000,GRUSF,Grown Rogue International Inc.,Healthcare,Drug Manufacturers—Specialty & Generic
4836,1302028,MNTX,"Manitex International, Inc.",Industrials,Farm & Heavy Construction Machinery
4837,1705012,FAT,"Fat Brands, Inc",Consumer Cyclical,Restaurants
4838,1780531,OCFT,"ONECONNECT FINANCIAL TECHNOLOGY CO., LTD.",Technology,Software—Application
4839,1857803,DPCS,DP Cap Acquisition Corp I,Financial Services,Shell Companies
4840,827871,EGRX,"EAGLE PHARMACEUTICALS, INC.",Healthcare,Drug Manufacturers—Specialty & Generic
4841,1844817,AACI,Armada Acquisition Corp. I,Financial Services,Shell Companies
4842,1463972,VUZI,Vuzix Corp,Technology,Consumer Electronics
4843,1913577,DECA,Denali Capital Acquisition Corp.,Financial Services,Shell Companies
4844,1966734,AITR,AI Transportation Acquisition Corp,Financial Services,Shell Companies
4845,1843370,BLEU,bleuacacia ltd,Financial Services,Shell Companies
4846,914712,STCN,"Steel Connect, Inc.",Industrials,Integrated Freight & Logistics
4847,1836100,PUCK,Goal Acquisitions Corp.,Financial Services,Shell Companies
4848,1386301,RSSS,"Research Solutions, Inc.",Technology,Software—Application
4849,1852749,XFIN,ExcelFin Acquisition Corp.,Financial Services,Shell Companies
4850,1006837,VATE,INNOVATE Corp.,Industrials,Engineering & Construction
4851,1455365,CGTX,COGNITION THERAPEUTICS INC,Healthcare,Biotechnology
4852,1866816,OPTX,"SYNTEC OPTICS HOLDINGS, INC.",Technology,Electronic Components
4853,1829280,FORA,Forian Inc.,Healthcare,Health Information Services
4854,1613780,DBVT,DBV Technologies S.A.,Healthcare,Biotechnology
4856,1846750,TCOA,Zalatoris Acquisition Corp.,Financial Services,Shell Companies
4858,1848821,GTAC,Global Technology Acquisition Corp. I,Financial Services,Shell Companies
4859,876717,FCO,"ABRDN GLOBAL INCOME FUND, INC.",Financial Services,Asset Management
4860,1776738,CBSTF,Cannabist Co Holdings Inc.,Healthcare,Drug Manufacturers—Specialty & Generic
4861,1862463,INAQ,Insight Acquisition Corp. /DE,Financial Services,Shell Companies
4862,1895144,GODN,Golden Star Acquisition Corp,Financial Services,Shell Companies
4863,1969475,BAYA,Bayview Acquisition Corp,Financial Services,Shell Companies
4864,1865494,IOBT,"IO Biotech, Inc.",Healthcare,Biotechnology
4865,1946399,LSB,"LakeShore Biopharma Co., Ltd.",Healthcare,Biotechnology
4866,1609065,PBHC,"Pathfinder Bancorp, Inc.",Financial Services,Banks—Regional
4867,1856161,PRLH,Pearl Holdings Acquisition Corp,Financial Services,Shell Companies
4868,1006281,PLX,"Protalix BioTherapeutics, Inc.",Healthcare,Biotechnology
4869,1340476,DRTTF,DIRTT ENVIRONMENTAL SOLUTIONS LTD,Industrials,Engineering & Construction
4870,880242,BLGO,"BIOLARGO, INC.",Basic Materials,Chemicals
4871,883107,NANX,NANOPHASE TECHNOLOGIES Corp,Basic Materials,Specialty Chemicals
4872,1835579,IKNA,"Ikena Oncology, Inc.",Healthcare,Biotechnology
4873,1738827,KLXE,"KLX Energy Services Holdings, Inc.",Energy,Oil & Gas Equipment & Services
4874,1748137,NEOV,NeoVolta Inc.,Industrials,Electrical Equipment & Parts
4875,1866001,JVSA,JVSPAC Acquisition Corp.,Financial Services,Shell Companies
4876,1852407,FEXD,Fintech Ecosystem Development Corp.,Financial Services,Shell Companies
4877,1865248,CMCAF,Capitalworks Emerging Markets Acquisition Corp,Financial Services,Shell Companies
4878,1527753,PSNL,"Personalis, Inc.",Healthcare,Diagnostics & Research
4879,1872529,MDXH,MDxHealth SA,Healthcare,Diagnostics & Research
4880,1653909,BIRD,"Allbirds, Inc.",Consumer Cyclical,Apparel Retail
4881,879535,DTF,DTF TAX-FREE INCOME 2028 TERM FUND INC,Financial Services,Asset Management
4882,1538495,ETST,"Earth Science Tech, Inc.",Healthcare,Drug Manufacturers—Specialty & Generic
4883,1041657,UONE,"URBAN ONE, INC.",Communication Services,Broadcasting
4884,1509745,LPTX,"LEAP THERAPEUTICS, INC.",Healthcare,Biotechnology
4885,1519061,TSE,Trinseo PLC,Basic Materials,Specialty Chemicals
4886,1702924,WRAP,"WRAP TECHNOLOGIES, INC.",Technology,Scientific & Technical Instruments
4887,1074692,CEV,EATON VANCE CALIFORNIA MUNICIPAL INCOME TRUST,Financial Services,Asset Management
4888,1937891,ATMV,AlphaVest Acquisition Corp.,Financial Services,Shell Companies
4889,1742518,MTC,"MMTec, Inc.",Technology,Software—Application
4890,1129928,ONCY,ONCOLYTICS BIOTECH INC,Healthcare,Biotechnology
4891,737875,FKYS,FIRST KEYSTONE CORP,Financial Services,Banks—Regional
4892,1832483,SERV,Serve Robotics Inc. /DE/,Industrials,Specialty Industrial Machinery
4893,1608390,AFMD,Affimed N.V.,Healthcare,Biotechnology
4894,1858007,GDST,Goldenstone Acquisition Ltd.,Financial Services,Shell Companies
4895,770460,PFBX,PEOPLES FINANCIAL CORP /MS/,Financial Services,Banks—Regional
4896,1900679,TETE,Technology & Telecommunication Acquisition Corp,Financial Services,Shell Companies
4897,1857855,FNVT,Finnovate Acquisition Corp.,Financial Services,Shell Companies
4898,1880438,ANTX,"AN2 Therapeutics, Inc.",Healthcare,Biotechnology
4899,1132105,SPWH,"SPORTSMAN'S WAREHOUSE HOLDINGS, INC.",Consumer Cyclical,Specialty Retail
4900,1889106,ATMC,ALPHATIME ACQUISITION CORP,Financial Services,Shell Companies
4901,1779372,BEAT,"HeartBeam, Inc.",Healthcare,Health Information Services
4902,1289636,PFIE,PROFIRE ENERGY INC,Energy,Oil & Gas Equipment & Services
4903,1845149,CBRG,Chain Bridge I,Financial Services,Shell Companies
4904,1040130,PETS,PETMED EXPRESS INC,Healthcare,Pharmaceutical Retailers
4905,1699382,PMVP,"PMV Pharmaceuticals, Inc.",Healthcare,Biotechnology
4906,1337068,MGYR,"Magyar Bancorp, Inc.",Financial Services,Banks—Regional
4907,740971,OPOF,OLD POINT FINANCIAL CORP,Financial Services,Banks—Regional
4908,1516899,YTRA,"Yatra Online, Inc.",Consumer Cyclical,Travel Services
4909,1820175,OCAX,OCA Acquisition Corp.,Financial Services,Shell Companies
4910,1851484,TENK,TenX Keane Acquisition,Financial Services,Shell Companies
4911,1509397,LOMLF,Lion One Metals Ltd.,Basic Materials,Gold
4912,1865200,PORT,Southport Acquisition Corp,Financial Services,Shell Companies
4913,1838000,SWSS,Clean Energy Special Situations Corp.,Financial Services,Shell Companies
4914,1408443,MIST,Milestone Pharmaceuticals Inc.,Healthcare,Biotechnology
4915,1845799,CULL,"Cullman Bancorp, Inc. /MD/",Financial Services,Banks—Regional
4916,1845123,IVCP,Swiftmerge Acquisition Corp.,Financial Services,Shell Companies
4917,1166834,SHLT,SHL TELEMEDICINE LTD,Healthcare,Health Information Services
4918,1936255,FORL,Four Leaf Acquisition Corp,Financial Services,Shell Companies
4919,1586454,PMHG,Prime Meridian Holding Co,Financial Services,Banks—Regional
4920,1117480,CMRX,CHIMERIX INC,Healthcare,Biotechnology
4921,1852016,AEAE,AltEnergy Acquisition Corp,Financial Services,Shell Companies
4922,818677,SFDL,SECURITY FEDERAL CORP,Financial Services,Banks—Regional
4923,1043186,SLNG,"Stabilis Solutions, Inc.",Energy,Oil & Gas Integrated
4924,1178253,SCYX,SCYNEXIS INC,Healthcare,Drug Manufacturers—Specialty & Generic
4925,1780201,LVLU,"Lulu's Fashion Lounge Holdings, Inc.",Consumer Cyclical,Apparel Retail
4926,1701108,SPRO,"Spero Therapeutics, Inc.",Healthcare,Biotechnology
4927,911147,CNTY,CENTURY CASINOS INC /CO/,Consumer Cyclical,Resorts & Casinos
4928,1741830,KRON,"Kronos Bio, Inc.",Healthcare,Biotechnology
4929,715446,ANIX,Anixa Biosciences Inc,Healthcare,Biotechnology
4930,1876431,PRE,Prenetics Global Ltd,Healthcare,Diagnostics & Research
4931,1514490,RGT,"ROYCE GLOBAL TRUST, INC.",Financial Services,Asset Management
4932,1843162,SSIC,Silver Spike Investment Corp.,Financial Services,Asset Management
4933,1523289,DMA,Destra Multi-Alternative Fund,Financial Services,Asset Management
4934,1288795,GLV,Clough Global Dividend & Income Fund,Financial Services,Asset Management
4935,1838987,CSLR,"Complete Solaria, Inc.",Technology,Solar
4936,1823857,VHAQ,Viveon Health Acquisition Corp.,Financial Services,Shell Companies
4937,1564824,ALLK,Allakos Inc.,Healthcare,Biotechnology
4938,1859807,NVAC,NorthView Acquisition Corp,Financial Services,Shell Companies
4939,1847440,MITA,Coliseum Acquisition Corp.,Financial Services,Shell Companies
4940,1947244,USGO,U.S. GoldMining Inc.,Basic Materials,Other Industrial Metals & Mining
4941,1290476,VBFC,Village Bank & Trust Financial Corp.,Financial Services,Banks—Regional
4942,1974044,MNY,MoneyHero Ltd,Communication Services,Internet Content & Information
4943,1882464,MSSA,Metal Sky Star Acquisition Corp,Financial Services,Shell Companies
4944,1001233,SGMO,"SANGAMO THERAPEUTICS, INC",Healthcare,Biotechnology
4945,1526329,TTP,"TORTOISE PIPELINE & ENERGY FUND, INC.",Financial Services,Asset Management
4946,1621906,WSTRF,Western Uranium & Vanadium Corp.,Energy,Uranium
4947,917225,XPL,SOLITARIO RESOURCES CORP.,Basic Materials,Other Industrial Metals & Mining
4948,1309057,CHHE,"China Health Industries Holdings, Inc.",Healthcare,Drug Manufacturers—Specialty & Generic
4949,1833769,HYPR,"Hyperfine, Inc.",Healthcare,Medical Devices
4950,1231457,GNLX,GENELUX Corp,Healthcare,Biotechnology
4952,849146,LFVN,Lifevantage Corp,Consumer Defensive,Packaged Foods
4953,883569,FOSL,"Fossil Group, Inc.",Consumer Cyclical,Footwear & Accessories
4955,1799332,GAN,GAN Ltd,Consumer Cyclical,Gambling
4956,1681903,ICCH,"ICC Holdings, Inc.",Financial Services,Insurance—Specialty
4957,899394,HRBR,"HARBOR DIVERSIFIED, INC.",Industrials,Airlines
4958,845611,GCV,GABELLI CONVERTIBLE & INCOME SECURITIES FUND INC,Financial Services,Asset Management
4959,1839133,IRME,"IR-Med, Inc.",Healthcare,Medical Devices
4961,1835268,CNTB,Connect Biopharma Holdings Ltd,Healthcare,Biotechnology
4962,1849294,FRLA,Fortune Rise Acquisition Corp,Financial Services,Shell Companies
4963,1385632,IAE,Voya Asia Pacific High Dividend Equity Income Fund,Financial Services,Asset Management
4964,1668340,BCTF,"Bancorp 34, Inc.",Financial Services,Banks—Regional
4965,1036848,MPU,Mega Matrix Corp.,Communication Services,Entertainment
4966,1526119,VSTM,"Verastem, Inc.",Healthcare,Biotechnology
4967,1930313,PTWO,"Pono Capital Two, Inc.",Financial Services,Shell Companies
4968,1449349,RDGL,VIVOS INC,Healthcare,Medical Devices
4969,1941131,TORO,TORO CORP.,Industrials,Marine Shipping
4970,846671,VLT,Invesco High Income Trust II,Financial Services,Asset Management
4971,1985273,TOYO,"TOYO Co., Ltd",Financial Services,Shell Companies
4972,927719,DWNX,DELHI BANK CORP,Financial Services,Banks—Regional
4973,1266806,VANI,"Vivani Medical, Inc.",Healthcare,Biotechnology
4974,1334325,CODA,"Coda Octopus Group, Inc.",Industrials,Aerospace & Defense
4975,731653,UBCP,UNITED BANCORP INC /OH/,Financial Services,Banks—Regional
4976,860489,CEE,"CENTRAL & EASTERN EUROPE FUND, INC.",Financial Services,Asset Management
4977,1818605,DIST,Distoken Acquisition Corp,Financial Services,Shell Companies
4978,1903382,BHM,"Bluerock Homes Trust, Inc.",Real Estate,REIT—Residential
4979,1990950,SELX,Semilux International Ltd.,Technology,Electronic Components
4980,1969401,LGCB,Linkage Global Inc,Consumer Cyclical,Internet Retail
4981,1120370,BWEN,"BROADWIND, INC.",Industrials,Specialty Industrial Machinery
4983,1447051,TBNK,Territorial Bancorp Inc.,Financial Services,Banks—Regional
4984,1320760,TSSI,"TSS, Inc.",Technology,Information Technology Services
4985,1267813,MRNS,"MARINUS PHARMACEUTICALS, INC.",Healthcare,Biotechnology
4986,949961,IOR,INCOME OPPORTUNITY REALTY INVESTORS INC /TX/,Financial Services,Mortgage Finance
4987,1512717,THTX,Theratechnologies Inc.,Healthcare,Biotechnology
4988,1557523,PGZ,Principal Real Estate Income Fund,Financial Services,Asset Management
4989,1126741,GSIT,GSI TECHNOLOGY INC,Technology,Semiconductors
4990,939930,PYYX,"PYXUS INTERNATIONAL, INC.",Consumer Defensive,Tobacco
4991,1226616,MNOV,MEDICINOVA INC,Healthcare,Biotechnology
4992,65596,SIEB,SIEBERT FINANCIAL CORP,Financial Services,Capital Markets
4993,1040896,IDN,"Intellicheck, Inc.",Technology,Software—Application
4994,868278,PRPH,"ProPhase Labs, Inc.",Healthcare,Diagnostics & Research
4995,1275158,NDLS,NOODLES & Co,Consumer Cyclical,Restaurants
4996,1844419,MAQC,Maquia Capital Acquisition Corp,Financial Services,Shell Companies
4997,771856,CSBR,"CHAMPIONS ONCOLOGY, INC.",Healthcare,Biotechnology
4998,793524,REFR,RESEARCH FRONTIERS INC,Technology,Electronic Components
4999,1390352,ORRCF,OROCO RESOURCE CORP,Basic Materials,Other Industrial Metals & Mining
5000,1045742,LIVE,LIVE VENTURES Inc,Consumer Cyclical,Home Improvement Retail
5001,1661053,NVNO,enVVeno Medical Corp,Healthcare,Medical Devices
5002,1341318,LSBK,"LAKE SHORE BANCORP, INC.",Financial Services,Banks—Regional
5003,58361,LEE,"LEE ENTERPRISES, Inc",Communication Services,Publishing
5004,1848861,HAIA,Healthcare AI Acquisition Corp.,Financial Services,Shell Companies
5005,353184,AIRT,AIR T INC,Industrials,Conglomerates
5006,1659494,COE,51Talk Online Education Group,Consumer Defensive,Education & Training Services
5007,1390478,SLS,"SELLAS Life Sciences Group, Inc.",Healthcare,Biotechnology
5008,1163389,NWPP,NEW PEOPLES BANKSHARES INC,Financial Services,Banks—Regional
5010,1708341,AGAE,Allied Gaming & Entertainment Inc.,Communication Services,Entertainment
5011,1979484,ABVE,Above Food Ingredients Inc.,Consumer Defensive,Packaged Foods
5012,1752372,EZOO,Ezagoo Ltd,Communication Services,Advertising Agencies
5013,1888654,FEAM,"5E Advanced Materials, Inc.",Basic Materials,Specialty Chemicals
5014,1888734,GLLI,GLOBALINK INVESTMENT INC.,Financial Services,Shell Companies
5015,1662684,KULR,"KULR Technology Group, Inc.",Technology,Electronic Components
5016,2178,AE,"ADAMS RESOURCES & ENERGY, INC.",Energy,Oil & Gas Refining & Marketing
5017,1769759,MGRM,Monogram Technologies Inc.,Healthcare,Medical Devices
5018,1676047,NTRB,NutriBand Inc.,Healthcare,Biotechnology
5019,1934642,MDBH,"MDB Capital Holdings, LLC",Financial Services,Capital Markets
5020,1703157,SCTH,"Securetech Innovations, Inc.",Consumer Cyclical,Auto Parts
5021,1785424,KPLT,"Katapult Holdings, Inc.",Technology,Software—Infrastructure
5022,725363,CVM,CEL SCI CORP,Healthcare,Biotechnology
5023,1865111,ALSA,Alpha Star Acquisition Corp,Financial Services,Shell Companies
5024,890447,VTNR,Vertex Energy Inc.,Energy,Oil & Gas Refining & Marketing
5025,914122,PPIH,"Perma-Pipe International Holdings, Inc.",Industrials,Building Products & Equipment
5026,1522767,MRMD,MARIMED INC.,Healthcare,Drug Manufacturers—Specialty & Generic
5027,1948443,RAY,Raytech Holding Ltd,Consumer Defensive,Household & Personal Products
5028,1420565,ALRN,"Aileron Therapeutics, Inc.",Healthcare,Biotechnology
5029,1789769,TIL,"Instil Bio, Inc.",Healthcare,Biotechnology
5030,750574,AUBN,"AUBURN NATIONAL BANCORPORATION, INC",Financial Services,Banks—Regional
5031,1505155,UPLD,"Upland Software, Inc.",Technology,Software—Application
5032,202947,CPTP,CAPITAL PROPERTIES INC /RI/,Real Estate,Real Estate Services
5033,1841209,HOLO,MicroCloud Hologram Inc.,Technology,Electronic Components
5034,1657045,CHMX,NEXT-ChemX Corporation.,Industrials,Specialty Industrial Machinery
5035,1901886,AFAR,Aura Fat Projects Acquisition Corp,Financial Services,Shell Companies
5036,1607997,NMS,Nuveen Minnesota Quality Municipal Income Fund,Financial Services,Asset Management
5037,1276469,MFD,MACQUARIE/FIRST TRUST GLOBAL INFRASTR/UTIL DIV & INC FUND,Financial Services,Asset Management
5038,1849058,CLOE,Clover Leaf Capital Corp.,Financial Services,Shell Companies
5039,1876766,LICN,Lichen China Ltd,Industrials,Specialty Business Services
5040,1841675,ARBK,Argo Blockchain Plc,Financial Services,Capital Markets
5041,1964979,ALUR,"ALLURION TECHNOLOGIES, INC.",Healthcare,Medical Devices
5042,1512228,NB,NIOCORP DEVELOPMENTS LTD,Basic Materials,Other Industrial Metals & Mining
5043,41719,GLT,Glatfelter Corp,Basic Materials,Paper & Paper Products
5044,1897087,JUNE,Junee Ltd,Industrials,Engineering & Construction
5045,1567264,INTS,"INTENSITY THERAPEUTICS, INC.",Healthcare,Biotechnology
5046,1847607,RFAC,RF Acquisition Corp.,Financial Services,Shell Companies
5047,847411,CXH,MFS INVESTMENT GRADE MUNICIPAL TRUST,Financial Services,Asset Management
5049,1775898,UCL,uCloudlink Group Inc.,Communication Services,Telecom Services
5050,1001171,BYFC,BROADWAY FINANCIAL CORP DE,Financial Services,Banks—Regional
5051,1841761,GROV,"Grove Collaborative Holdings, Inc.",Consumer Defensive,Household & Personal Products
5052,884269,APT,ALPHA PRO TECH LTD,Industrials,Building Products & Equipment
5053,1576873,ABAT,AMERICAN BATTERY TECHNOLOGY Co,Basic Materials,Other Industrial Metals & Mining
5054,810332,MESA,MESA AIR GROUP INC,Industrials,Airlines
5055,1889450,FTII,FutureTech II Acquisition Corp.,Financial Services,Shell Companies
5056,1638097,ENTX,Entera Bio Ltd.,Healthcare,Biotechnology
5057,1656634,GRTS,"Gritstone bio, Inc.",Healthcare,Biotechnology
5058,1272842,AIRG,AIRGAIN INC,Technology,Communication Equipment
5059,1224133,MCHX,MARCHEX INC,Communication Services,Advertising Agencies
5060,1779020,DNMR,"Danimer Scientific, Inc.",Basic Materials,Specialty Chemicals
5061,1024672,ELTK,ELTEK LTD,Technology,Electronic Components
5062,806172,SOTK,SONO TEK CORP,Technology,Scientific & Technical Instruments
5063,811211,UNIB,UNIVERSITY BANCORP INC /DE/,Financial Services,Banks—Regional
5064,1731388,EDRY,EuroDry Ltd.,Industrials,Marine Shipping
5065,1302624,FAM,FIRST TRUST/ABRDN GLOBAL OPPORTUNITY INCOME FUND,Financial Services,Asset Management
5066,1842356,PET,Wag! Group Co.,Technology,Software—Application
5067,1391127,EGIO,"Edgio, Inc.",Technology,Software—Infrastructure
5068,1468327,RENT,"Rent the Runway, Inc.",Consumer Cyclical,Apparel Retail
5069,1514597,FURY,FURY GOLD MINES LTD,Basic Materials,Other Industrial Metals & Mining
5070,1357874,DTIL,PRECISION BIOSCIENCES INC,Healthcare,Biotechnology
5071,1098009,AAGH,America Great Health,Healthcare,Biotechnology
5072,1102993,LPSN,LIVEPERSON INC,Technology,Software—Application
5074,1299969,CHCI,"Comstock Holding Companies, Inc.",Real Estate,Real Estate—Diversified
5075,1871983,ANGH,Anghami Inc,Communication Services,Entertainment
5076,1866838,IGTA,Inception Growth Acquisition Ltd,Financial Services,Shell Companies
5077,1590715,AREC,American Resources Corp,Basic Materials,Coking Coal
5078,842717,BRBS,"BLUE RIDGE BANKSHARES, INC.",Financial Services,Banks—Regional
5079,1080340,LOAN,"MANHATTAN BRIDGE CAPITAL, INC",Real Estate,REIT—Mortgage
5080,45919,HHS,HARTE HANKS INC,Industrials,Conglomerates
5081,84112,RSKIA,"GEORGE RISK INDUSTRIES, INC.",Industrials,Security & Protection Services
5082,1286973,USAS,Americas Gold & Silver Corp,Basic Materials,Other Industrial Metals & Mining
5083,1450704,VIVK,"Vivakor, Inc.",Energy,Oil & Gas Integrated
5084,1476573,AIRRF,Aurion Resources Ltd.,Basic Materials,Gold
5086,315545,PVCT,"PROVECTUS BIOPHARMACEUTICALS, INC.",Healthcare,Biotechnology
5087,1263364,COPR,Idaho Copper Corp,Basic Materials,Copper
5088,1230058,KANP,KAANAPALI LAND LLC,Real Estate,Real Estate—Development
5089,1847513,TRON,CORNER GROWTH ACQUISITION CORP. 2,Financial Services,Shell Companies
5090,1008654,TUP,TUPPERWARE BRANDS CORP,Consumer Cyclical,Packaging & Containers
5091,1752828,CELU,Celularity Inc,Healthcare,Biotechnology
5092,728385,MEEC,Midwest Energy Emissions Corp.,Industrials,Pollution & Treatment Controls
5093,1875609,SWVL,Swvl Holdings Corp,Technology,Software—Application
5094,1496690,BCRD,"BlueOne Card, Inc.",Technology,Software—Application
5095,1817229,VOR,Vor Biopharma Inc.,Healthcare,Biotechnology
5096,1742770,VIOT,"Viomi Technology Co., Ltd",Consumer Cyclical,"Furnishings, Fixtures & Appliances"
5097,1140410,PNF,PIMCO NEW YORK MUNICIPAL INCOME FUND,Financial Services,Asset Management
5098,1158172,SCOR,"COMSCORE, INC.",Communication Services,Internet Content & Information
5099,791718,EEA,"EUROPEAN EQUITY FUND, INC / MD",Financial Services,Asset Management
5100,1487197,BRFH,BARFRESH FOOD GROUP INC.,Consumer Defensive,Beverages—Non-Alcoholic
5101,1672572,LNBY,Landbay Inc,Consumer Cyclical,Specialty Retail
5102,1066684,TGLO,THEGLOBE COM INC,Financial Services,Shell Companies
5103,1589361,WTRV,White River Energy Corp.,Energy,Oil & Gas E&P
5104,1631487,CLGN,CollPlant Biotechnologies Ltd,Healthcare,Biotechnology
5105,807707,VOXX,VOXX International Corp,Technology,Consumer Electronics
5106,1776909,CURI,CuriosityStream Inc.,Communication Services,Broadcasting
5107,862692,CCEL,CRYO CELL INTERNATIONAL INC,Healthcare,Medical Care Facilities
5108,1708599,SER,"Serina Therapeutics, Inc.",Healthcare,Biotechnology
5110,1433607,NSPR,"InspireMD, Inc.",Healthcare,Medical Devices
5111,1696355,BEDU,Bright Scholar Education Holdings Ltd,Consumer Defensive,Education & Training Services
5112,723603,CULP,CULP INC,Consumer Cyclical,Textile Manufacturing
5113,1282648,BATL,BATTALION OIL CORP,Energy,Oil & Gas E&P
5114,788920,PDEX,PRO DEX INC,Healthcare,Medical Instruments & Supplies
5115,1943444,TRSG,Tungray Technologies Inc,Industrials,Metal Fabrication
5116,72633,NRT,NORTH EUROPEAN OIL ROYALTY TRUST,Energy,Oil & Gas E&P
5117,1759136,BHAT,Blue Hat Interactive Entertainment Technology,Communication Services,Electronic Gaming & Multimedia
5118,1859199,AIRE,reAlpha Tech Corp.,Real Estate,Real Estate Services
5119,1571329,LRFC,Logan Ridge Finance Corp.,Financial Services,Asset Management
5120,1547158,NDP,"TORTOISE ENERGY INDEPENDENCE FUND, INC.",Financial Services,Asset Management
5121,793306,BDCO,BLUE DOLPHIN ENERGY CO,Energy,Oil & Gas Refining & Marketing
5122,1636651,OVID,Ovid Therapeutics Inc.,Healthcare,Biotechnology
5123,312257,IVFH,INNOVATIVE FOOD HOLDINGS INC,Consumer Defensive,Food Distribution
5124,1849902,SEPA,SEP Acquisition Corp.,Financial Services,Shell Companies
5125,1939801,SMDRF,SIERRA MADRE GOLD & SILVER LTD.,Basic Materials,Other Precious Metals & Mining
5126,908311,CMCT,Creative Media & Community Trust Corp,Real Estate,REIT—Office
5127,1448597,AUGG,AUGUSTA GOLD CORP.,Basic Materials,Gold
5128,912764,KSBI,KS BANCORP INC,Financial Services,Banks—Regional
5129,1772720,SPRU,SPRUCE POWER HOLDING CORP,Technology,Solar
5130,1850398,TCBC,"TC Bancshares, Inc.",Financial Services,Banks—Regional
5131,1577445,ODYS,Odysight.ai Inc.,Technology,Scientific & Technical Instruments
5132,1481028,HYSR,"SUNHYDROGEN, INC.",Technology,Solar
5133,1519469,ANLDF,ANFIELD ENERGY INC.,Energy,Uranium
5134,1083743,FLUX,"Flux Power Holdings, Inc.",Industrials,Electrical Equipment & Parts
5135,1838716,GNTA,Genenta Science S.p.A.,Healthcare,Biotechnology
5136,1826889,BODI,"Beachbody Company, Inc.",Communication Services,Internet Content & Information
5137,799165,DWSN,DAWSON GEOPHYSICAL CO,Energy,Oil & Gas Equipment & Services
5138,15847,BUKS,BUTLER NATIONAL CORP,Industrials,Aerospace & Defense
5139,1378950,PRTS,"CarParts.com, Inc.",Consumer Cyclical,Auto Parts
5140,1815974,ANEB,"Anebulo Pharmaceuticals, Inc.",Healthcare,Biotechnology
5141,1606745,LTRPA,"Liberty TripAdvisor Holdings, Inc.",Communication Services,Internet Content & Information
5142,1873835,IMMX,"Immix Biopharma, Inc.",Healthcare,Biotechnology
5143,1822886,HHGC,HHG Capital Corp,Financial Services,Shell Companies
5144,1084554,LTBR,LIGHTBRIDGE Corp,Industrials,Electrical Equipment & Parts
5145,1145255,HNNA,HENNESSY ADVISORS INC,Financial Services,Asset Management
5146,881787,CRT,CROSS TIMBERS ROYALTY TRUST,Energy,Oil & Gas E&P
5147,1859690,ARQQ,Arqit Quantum Inc.,Technology,Software—Infrastructure
5148,1392994,FGB,FIRST TRUST SPECIALTY FINANCE & FINANCIAL OPPORTUNITIES FUND,Financial Services,Asset Management
5149,1539850,STCB,"Starco Brands, Inc.",Consumer Defensive,Packaged Foods
5150,1320854,RAIL,"FreightCar America, Inc.",Industrials,Railroads
5151,34563,FARM,FARMER BROTHERS CO,Consumer Defensive,Packaged Foods
5152,1965473,CCG,Cheche Group Inc.,Communication Services,Internet Content & Information
5153,1802450,LIFW,"MSP Recovery, Inc.",Healthcare,Health Information Services
5154,1865861,CCTS,Cactus Acquisition Corp. 1 Ltd,Financial Services,Shell Companies
5155,838131,JMM,Nuveen Multi-Market Income Fund,Financial Services,Asset Management
5156,714712,JUVF,JUNIATA VALLEY FINANCIAL CORP,Financial Services,Banks—Regional
5157,1066764,BTTC,Bitech Technologies Corp,Technology,Software—Application
5158,1156388,BGFV,BIG 5 SPORTING GOODS Corp,Consumer Cyclical,Specialty Retail
5159,1041024,RMTI,"ROCKWELL MEDICAL, INC.",Healthcare,Drug Manufacturers—Specialty & Generic
5160,1718405,HYMC,HYCROFT MINING HOLDING CORP,Basic Materials,Gold
5161,783324,VGZ,VISTA GOLD CORP,Basic Materials,Gold
5162,1792267,BNR,Burning Rock Biotech Ltd,Healthcare,Diagnostics & Research
5163,1507957,IPWR,Ideal Power Inc.,Industrials,Electrical Equipment & Parts
5164,1880613,DRCT,"Direct Digital Holdings, Inc.",Communication Services,Advertising Agencies
5165,1532286,NINE,"Nine Energy Service, Inc.",Energy,Oil & Gas Equipment & Services
5166,1828185,BRNS,Barinthus Biotherapeutics plc.,Healthcare,Biotechnology
5167,1514743,IROQ,"IF Bancorp, Inc.",Financial Services,Banks—Regional
5168,1831096,GEG,"Great Elm Group, Inc.",Financial Services,Asset Management
5169,740806,FMBM,F&M BANK CORP,Financial Services,Banks—Regional
5170,1771706,VREOF,Vireo Growth Inc.,Healthcare,Drug Manufacturers—Specialty & Generic
5171,1040161,PXLW,"PIXELWORKS, INC",Technology,Semiconductors
5172,1915403,SATX,SatixFy Communications Ltd.,Technology,Communication Equipment
5174,33533,ESP,ESPEY MFG & ELECTRONICS CORP,Industrials,Electrical Equipment & Parts
5175,1787297,PASG,"Passage BIO, Inc.",Healthcare,Biotechnology
5176,898171,UWHR,UWHARRIE CAPITAL CORP,Financial Services,Banks—Regional
5177,1760903,SHOT,"Safety Shot, Inc.",Consumer Defensive,Beverages—Non-Alcoholic
5178,1826892,BCAB,"BioAtla, Inc.",Healthcare,Biotechnology
5179,1682639,EYEN,"EYENOVIA, INC.",Healthcare,Biotechnology
5180,1657642,SLBK,"Skyline Bankshares, Inc.",Financial Services,Banks—Regional
5181,1709505,BEST,BEST Inc.,Industrials,Trucking
5182,1360565,WFCF,"Where Food Comes From, Inc.",Technology,Software—Application
5183,1392694,SURG,"SurgePays, Inc.",Technology,Software—Application
5184,1031235,SELF,"Global Self Storage, Inc.",Real Estate,REIT—Specialty
5185,1498148,AITX,Artificial Intelligence Technology Solutions Inc.,Technology,Computer Hardware
5186,1847806,GNS,Genius Group Ltd,Consumer Defensive,Education & Training Services
5187,1739410,RLYB,Rallybio Corp,Healthcare,Biotechnology
5188,1227636,STIM,"Neuronetics, Inc.",Healthcare,Diagnostics & Research
5189,1885998,ROCL,Roth CH Acquisition V Co.,Financial Services,Shell Companies
5190,1699906,BKRRF,BLACKROCK SILVER CORP.,Basic Materials,Other Precious Metals & Mining
5191,855683,MLSS,MILESTONE SCIENTIFIC INC.,Healthcare,Medical Instruments & Supplies
5192,1310488,BFNH,"BIOFORCE NANOSCIENCES HOLDINGS, INC.",Consumer Defensive,Packaged Foods
5193,1175151,CTSO,Cytosorbents Corp,Healthcare,Medical Devices
5194,1803914,PLBY,"PLBY Group, Inc.",Consumer Cyclical,Leisure
5195,1831978,NBST,Newbury Street Acquisition Corp,Financial Services,Shell Companies
5196,1812173,RBOT,Vicarious Surgical Inc.,Healthcare,Medical Devices
5197,1865120,BRAC,Broad Capital Acquisition Corp,Financial Services,Shell Companies
5198,1682056,SVRSF,Silver Storm Mining Ltd.,Basic Materials,Silver
5199,1004989,SGRP,"SPAR Group, Inc.",Industrials,Specialty Business Services
5200,316253,ENZ,ENZO BIOCHEM INC,Healthcare,Diagnostics & Research
5201,33992,KINS,"KINGSTONE COMPANIES, INC.",Financial Services,Insurance—Property & Casualty
5202,1830072,IPW,iPower Inc.,Consumer Cyclical,Internet Retail
5203,1500305,SPGX,Sustainable Projects Group Inc.,Basic Materials,Other Industrial Metals & Mining
5204,716634,RDI,READING INTERNATIONAL INC,Communication Services,Entertainment
5205,717806,FUSB,"FIRST US BANCSHARES, INC.",Financial Services,Banks—Regional
5206,1169138,GBUX,"GIVBUX, INC.",Technology,Software—Application
5207,27093,USAU,U.S. GOLD CORP.,Basic Materials,Gold
5208,1329606,CETY,"Clean Energy Technologies, Inc.",Industrials,Specialty Industrial Machinery
5209,1610618,CDTX,"Cidara Therapeutics, Inc.",Healthcare,Biotechnology
5210,1819493,XOS,"Xos, Inc.",Industrials,Farm & Heavy Construction Machinery
5211,1764974,TSBX,Turnstone Biologics Corp.,Healthcare,Biotechnology
5212,1959224,SWIN,"Solowin Holdings, Ltd.",Financial Services,Capital Markets
5213,1903392,CLRC,ClimateRock,Financial Services,Shell Companies
5215,1758009,QUBT,Quantum Computing Inc.,Technology,Computer Hardware
5216,1821866,BTQQF,Sonora Gold & Silver Corp.,Technology,Software—Infrastructure
5217,1826000,LTCH,"Latch, Inc.",Technology,Software—Application
5218,1738177,CMBM,Cambium Networks Corp,Technology,Communication Equipment
5219,1849867,CLST,"Catalyst Bancorp, Inc.",Financial Services,Banks—Regional
5220,943535,WHEN,"WORLD HEALTH ENERGY HOLDINGS, INC.",Technology,Software—Infrastructure
5221,1707919,CENN,Cenntro Inc.,Consumer Cyclical,Auto Manufacturers
5222,1828937,FOA,Finance of America Companies Inc.,Financial Services,Credit Services
5223,1809158,KUKE,Kuke Music Holding Ltd,Communication Services,Entertainment
5224,1641489,VTVT,vTv Therapeutics Inc.,Healthcare,Biotechnology
5225,1881592,NSTS,"NSTS Bancorp, Inc.",Financial Services,Banks—Regional
5226,1640043,PXS,Pyxis Tankers Inc.,Energy,Oil & Gas Midstream
5227,1760542,HOOK,HOOKIPA Pharma Inc.,Healthcare,Biotechnology
5228,889971,LPTH,LIGHTPATH TECHNOLOGIES INC,Technology,Electronic Components
5229,1637715,RPHM,"Reneo Pharmaceuticals, Inc.",Healthcare,Biotechnology
5230,1847360,BCOW,"1895 Bancorp of Wisconsin, Inc. /MD/",Financial Services,Banks—Regional
5231,1887944,SHIM,Shimmick Corp,Industrials,Engineering & Construction
5232,1319183,FMY,FIRST TRUST MORTGAGE INCOME FUND,Financial Services,Asset Management
5233,25895,CRWS,CROWN CRAFTS INC,Consumer Cyclical,"Furnishings, Fixtures & Appliances"
5234,1826681,PDYN,Palladyne AI Corp.,Technology,Software—Infrastructure
5235,900391,NTZ,NATUZZI S P A,Consumer Cyclical,"Furnishings, Fixtures & Appliances"
5236,1006830,CBKM,CONSUMERS BANCORP INC /OH/,Financial Services,Banks—Regional
5237,907654,ABIO,"ARCA biopharma, Inc.",Healthcare,Biotechnology
5238,93314,VNRX,VOLITIONRX LTD,Healthcare,Diagnostics & Research
5239,1275101,BOTJ,BANK OF THE JAMES FINANCIAL GROUP INC,Financial Services,Banks—Regional
5241,1397016,OPXS,Optex Systems Holdings Inc,Industrials,Aerospace & Defense
5242,1179821,BGI,BIRKS GROUP INC.,Consumer Cyclical,Luxury Goods
5243,1861063,AQU,Aquaron Acquisition Corp.,Financial Services,Shell Companies
5244,1133062,JANL,JANEL CORP,Industrials,Integrated Freight & Logistics
5245,1850902,TKNO,"Alpha Teknova, Inc.",Healthcare,Drug Manufacturers—Specialty & Generic
5246,1296484,TOPS,TOP SHIPS INC.,Energy,Oil & Gas Midstream
5247,1971543,MURA,Mural Oncology plc,Healthcare,Biotechnology
5248,1805651,MKTW,"MARKETWISE, INC.",Financial Services,Financial Data & Stock Exchanges
5249,1873875,IXHL,Incannex Healthcare Inc.,Healthcare,Drug Manufacturers—Specialty & Generic
5250,1866226,WTMA,Welsbach Technology Metals Acquisition Corp.,Financial Services,Shell Companies
5251,1798749,AVTE,"Aerovate Therapeutics, Inc.",Healthcare,Biotechnology
5252,1411690,BNGO,"Bionano Genomics, Inc.",Healthcare,Medical Instruments & Supplies
5253,1649739,BAFN,BayFirst Financial Corp.,Financial Services,Banks—Regional
5254,1210708,HSON,"Hudson Global, Inc.",Industrials,Staffing & Employment Services
5255,1074871,MODD,"Modular Medical, Inc.",Healthcare,Medical Devices
5256,1995116,RECT,Rectitude Holdings Ltd.,Consumer Cyclical,Specialty Retail
5258,12040,BDL,FLANIGANS ENTERPRISES INC,Consumer Cyclical,Restaurants
5259,1864032,ADRT,Ault Disruptive Technologies Corp,Financial Services,Shell Companies
5260,1460329,FLNT,"Fluent, Inc.",Communication Services,Advertising Agencies
5261,1817640,BREZ,Breeze Holdings Acquisition Corp.,Financial Services,Shell Companies
5262,1840748,LVTX,LAVA Therapeutics NV,Healthcare,Biotechnology
5263,1847986,DFLI,Dragonfly Energy Holdings Corp.,Industrials,Electrical Equipment & Parts
5264,1961592,GSHRF,GOLDSHORE RESOURCES INC.,Basic Materials,Gold
5265,1886799,BGXX,Bright Green Corp,Healthcare,Drug Manufacturers—Specialty & Generic
5266,1609988,FLCX,flooidCX Corp.,Industrials,Consulting Services
5267,1320350,LNSR,"LENSAR, Inc.",Healthcare,Medical Devices
5269,1578348,ICMB,"Investcorp Credit Management BDC, Inc.",Financial Services,Asset Management
5270,1912582,AIEV,"Thunder Power Holdings, Inc.",Consumer Cyclical,Auto Manufacturers
5271,1778982,HUIZ,Huize Holding Ltd,Financial Services,Insurance Brokers
5272,850033,BPT,BP PRUDHOE BAY ROYALTY TRUST,Energy,Oil & Gas Midstream
5273,1083522,JSDA,JONES SODA CO,Consumer Defensive,Beverages—Non-Alcoholic
5274,1498403,BLRX,BioLineRx Ltd.,Healthcare,Biotechnology
5275,1820875,CXAI,CXApp Inc.,Technology,Software—Application
5276,779544,ARKR,ARK RESTAURANTS CORP,Consumer Cyclical,Restaurants
5277,716643,RGS,REGIS CORP,Consumer Cyclical,Personal Services
5278,1892922,MARX,Mars Acquisition Corp.,Financial Services,Shell Companies
5279,1935172,AIXI,Xiao-I Corp,Technology,Software—Application
5280,69422,INTG,INTERGROUP CORP,Consumer Cyclical,Lodging
5281,1682241,MATH,Metalpha Technology Holding Ltd,Financial Services,Capital Markets
5282,844856,HCMC,Healthier Choices Management Corp.,Consumer Defensive,Grocery Stores
5283,1881741,AOGO,Arogo Capital Acquisition Corp.,Financial Services,Shell Companies
5284,1883983,VSAC,VISION SENSING ACQUISITION CORP.,Financial Services,Shell Companies
5285,1946216,SYT,"SYLA Technologies Co., Ltd.",Technology,Software—Application
5286,1646188,ONDS,Ondas Holdings Inc.,Technology,Communication Equipment
5287,1856028,SDIG,"Stronghold Digital Mining, Inc.",Financial Services,Capital Markets
5288,1544227,TPST,"Tempest Therapeutics, Inc.",Healthcare,Biotechnology
5289,1638298,UGEIF,UGE International Ltd.,Utilities,Utilities—Renewable
5290,1835416,MACA,Moringa Acquisition Corp,Financial Services,Shell Companies
5291,1957489,ABLV,Able View Global Inc.,Communication Services,Advertising Agencies
5292,1485003,CARM,Carisma Therapeutics Inc.,Healthcare,Biotechnology
5293,1421642,MSCLF,Satellos Bioscience Inc.,Healthcare,Biotechnology
5294,1337090,SPAZF,SPANISH MOUNTAIN GOLD LTD.,Basic Materials,Gold
5295,1005101,MGLD,"Marygold Companies, Inc.",Financial Services,Asset Management
5296,1665300,PHUN,"Phunware, Inc.",Technology,Software—Application
5297,720154,NOTV,"Inotiv, Inc.",Healthcare,Diagnostics & Research
5298,1232582,AHT,ASHFORD HOSPITALITY TRUST INC,Real Estate,REIT—Hotel & Motel
5299,1724009,PRT,PermRock Royalty Trust,Energy,Oil & Gas E&P
5300,719135,APYX,Apyx Medical Corp,Healthcare,Medical Devices
5301,748790,GCEH,"Global Clean Energy Holdings, Inc.",Consumer Defensive,Farm Products
5303,1301236,SOHO,Sotherly Hotels Inc.,Real Estate,REIT—Hotel & Motel
5304,1000045,NICK,NICHOLAS FINANCIAL INC,Financial Services,Credit Services
5305,1854463,WINV,WinVest Acquisition Corp.,Financial Services,Shell Companies
5307,1141240,LQMT,LIQUIDMETAL TECHNOLOGIES INC,Industrials,Metal Fabrication
5308,1763950,LTRN,Lantern Pharma Inc.,Healthcare,Biotechnology
5309,885731,NXN,NUVEEN NEW YORK SELECT TAX -FREE INCOME PORTFOLIO,Financial Services,Asset Management
5310,2186,BKTI,BK Technologies Corp,Technology,Communication Equipment
5311,1914023,ACAC,Acri Capital Acquisition Corp,Financial Services,Shell Companies
5312,1943802,FSEA,"First Seacoast Bancorp, Inc.",Financial Services,Banks—Regional
5313,1995574,ICON,Icon Energy Corp,Industrials,Marine Shipping
5314,1855467,MOBX,"MOBIX LABS, INC",Technology,Semiconductors
5315,1394056,OSS,"ONE STOP SYSTEMS, INC.",Technology,Computer Hardware
5316,1534133,CALC,"CalciMedica, Inc.",Healthcare,Biotechnology
5317,1356093,CREX,"CREATIVE REALITIES, INC.",Technology,Software—Application
5318,1419951,DTST,Data Storage Corp,Technology,Information Technology Services
5319,1667313,ZDGE,"Zedge, Inc.",Communication Services,Internet Content & Information
5320,1819395,SOND,Sonder Holdings Inc.,Consumer Cyclical,Lodging
5321,1829667,RGC,Regencell Bioscience Holdings Ltd,Healthcare,Drug Manufacturers—Specialty & Generic
5322,1645460,CUE,"Cue Biopharma, Inc.",Healthcare,Biotechnology
5323,1442492,LRDC,"Laredo Oil, Inc.",Energy,Oil & Gas E&P
5324,1359931,TARA,"Protara Therapeutics, Inc.",Healthcare,Biotechnology
5325,1840877,COCH,"Envoy Medical, Inc.",Healthcare,Medical Devices
5326,1845942,BNIX,Bannix Acquisition Corp.,Financial Services,Shell Companies
5327,1850262,INTE,Integral Acquisition Corp 1,Financial Services,Shell Companies
5328,1101680,DZSI,DZS INC.,Technology,Communication Equipment
5329,1638287,NRBO,"NeuroBo Pharmaceuticals, Inc.",Healthcare,Biotechnology
5330,1449792,PPSI,"PIONEER POWER SOLUTIONS, INC.",Industrials,Electrical Equipment & Parts
5331,1840425,BLAC,Bellevue Life Sciences Acquisition Corp.,Financial Services,Shell Companies
5332,1879103,CFSB,"CFSB Bancorp, Inc. /MA/",Financial Services,Banks—Regional
5333,1849466,TCBS,"Texas Community Bancshares, Inc.",Financial Services,Banks—Regional
5334,1865468,KACL,Kairous Acquisition Corp. Ltd,Financial Services,Shell Companies
5335,1661059,NXTC,"NextCure, Inc.",Healthcare,Biotechnology
5336,1114936,UMEWF,UMeWorld Ltd,Consumer Defensive,Packaged Foods
5337,1621832,AQMS,"Aqua Metals, Inc.",Industrials,Waste Management
5338,1482436,AGXPF,SILVER X MINING CORP.,Basic Materials,Other Industrial Metals & Mining
5339,1876945,GRAM,Gold Flora Corp.,Consumer Defensive,Tobacco
5340,1718500,AXIL,"Axil Brands, Inc.",Technology,Consumer Electronics
5341,1434524,CLIR,ClearSign Technologies Corp,Industrials,Pollution & Treatment Controls
5342,1839530,XBP,"XBP Europe Holdings, Inc.",Technology,Software—Infrastructure
5343,1769804,AUGX,"Augmedix, Inc.",Healthcare,Health Information Services
5344,1698022,FMFG,"Farmers & Merchants Bancshares, Inc.",Financial Services,Banks—Regional
5345,1799011,LUCD,Lucid Diagnostics Inc.,Healthcare,Medical Devices
5346,1854139,ZVIA,Zevia PBC,Consumer Defensive,Beverages—Non-Alcoholic
5347,1890671,DUET,DUET Acquisition Corp.,Financial Services,Shell Companies
5348,1720161,CTRM,Castor Maritime Inc.,Industrials,Marine Shipping
5349,1907730,YOTA,Yotta Acquisition Corp,Financial Services,Shell Companies
5350,1123267,HANNF,Hannan Metals Ltd.,Basic Materials,Other Industrial Metals & Mining
5351,1502557,KPEA,Kun Peng International Ltd.,Consumer Cyclical,Internet Retail
5352,1766140,UNCY,"Unicycive Therapeutics, Inc.",Healthcare,Biotechnology
5353,1755953,GRYP,"Gryphon Digital Mining, Inc.",Financial Services,Capital Markets
5354,864240,SYPR,SYPRIS SOLUTIONS INC,Consumer Cyclical,Auto Parts
5355,1751707,UNXP,United Express Inc.,Industrials,Trucking
5356,863900,MXE,MEXICO EQUITY & INCOME FUND INC,Financial Services,Asset Management
5357,1601485,ELTX,"Elicio Therapeutics, Inc.",Healthcare,Biotechnology
5358,1407583,BHLL,Bunker Hill Mining Corp.,Basic Materials,Silver
5359,101295,UG,UNITED GUARDIAN INC,Consumer Defensive,Household & Personal Products
5360,1094038,MRKR,"Marker Therapeutics, Inc.",Healthcare,Biotechnology
5361,1843588,REE,REE Automotive Ltd.,Consumer Cyclical,Recreational Vehicles
5362,1547521,BBUZ,"Engage Mobility, Inc.",Communication Services,Internet Content & Information
5363,1844417,ESLA,"Estrella Immunopharma, Inc.",Healthcare,Biotechnology
5364,1527702,IQST,iQSTEL Inc,Communication Services,Telecom Services
5365,27367,DXR,DAXOR CORP,Healthcare,Medical Instruments & Supplies
5366,1671284,NEUE,"NeueHealth, Inc.",Healthcare,Healthcare Plans
5367,1692427,NCSM,"NCS Multistage Holdings, Inc.",Energy,Oil & Gas Equipment & Services
5368,815577,MPIR,Empire Diversified Energy Inc,Energy,Oil & Gas Midstream
5369,71557,NUVR,"Nuvera Communications, Inc.",Communication Services,Telecom Services
5370,839087,VASO,VASO Corp,Healthcare,Health Information Services
5371,1131312,ZNOG,ZION OIL & GAS INC,Energy,Oil & Gas E&P
5372,1828805,ALMU,"Aeluma, Inc.",Technology,Semiconductors
5373,1915380,DMYY,"dMY Squared Technology Group, Inc.",Financial Services,Shell Companies
5374,740664,RFIL,R F INDUSTRIES LTD,Industrials,Electrical Equipment & Parts
5375,1288770,XTGRF,XTRA-GOLD RESOURCES CORP,Basic Materials,Gold
5376,1863990,MSAI,"MultiSensor AI Holdings, Inc.",Technology,Software—Infrastructure
5377,1288855,OPHC,"OptimumBank Holdings, Inc.",Financial Services,Banks—Regional
5378,1498233,CPTN,"Cepton, Inc.",Technology,Scientific & Technical Instruments
5379,1766526,TECTP,"Tectonic Financial, Inc.",Financial Services,Banks—Regional
5380,1882963,AIBAF,AIB Acquisition Corp,Financial Services,Shell Companies
5381,1720893,BTAI,"BioXcel Therapeutics, Inc.",Healthcare,Biotechnology
5382,1650696,LSF,"Laird Superfood, Inc.",Consumer Defensive,Packaged Foods
5384,1955104,ZAPP,Zapp Electric Vehicles Group Ltd,Consumer Cyclical,Auto Manufacturers
5385,1828161,FTCI,"FTC Solar, Inc.",Technology,Solar
5386,1472072,CCM,Concord Medical Services Holdings Ltd,Healthcare,Medical Care Facilities
5387,1560258,ECOR,"electroCore, Inc.",Healthcare,Medical Devices
5388,1784168,ELMSQ,"Electric Last Mile Solutions, Inc.",Consumer Cyclical,Auto Manufacturers
5389,1096938,UEEC,"United Health Products, Inc.",Healthcare,Medical Instruments & Supplies
5390,719733,KTCC,KEY TRONIC CORP,Technology,Computer Hardware
5392,1645666,KZR,"Kezar Life Sciences, Inc.",Healthcare,Biotechnology
5393,722572,FKWL,FRANKLIN WIRELESS CORP,Technology,Communication Equipment
5394,1800392,MLGO,MicroAlgo Inc.,Technology,Software—Infrastructure
5396,1582554,MTNB,"Matinas BioPharma Holdings, Inc.",Healthcare,Biotechnology
5397,1374339,PMN,ProMIS Neurosciences Inc.,Healthcare,Biotechnology
5398,1642380,OCX,Oncocyte Corp,Healthcare,Diagnostics & Research
5399,1108205,CRIS,CURIS INC,Healthcare,Biotechnology
5400,1879754,EHGO,EShallGo Inc.,Industrials,Business Equipment & Supplies
5401,1841425,VGAS,"Verde Clean Fuels, Inc.",Utilities,Utilities—Renewable
5402,1881551,STI,Solidion Technology Inc.,Industrials,Electrical Equipment & Parts
5403,1228627,OCUP,"Ocuphire Pharma, Inc.",Healthcare,Biotechnology
5404,1134765,CHUC,"Charlie's Holdings, Inc.",Consumer Defensive,Tobacco
5405,1858028,NOVV,Nova Vision Acquisition Corp,Financial Services,Shell Companies
5406,1975222,SSHT,SSHT S&T Group Ltd.,Industrials,Consulting Services
5407,1837607,AEON,"AEON Biopharma, Inc.",Healthcare,Biotechnology
5408,1993727,SNT,Senstar Technologies Corp,Industrials,Security & Protection Services
5409,1015739,AWRE,AWARE INC /MA/,Technology,Software—Application
5411,1793895,CDTG,CDT Environmental Technology Investment Holdings Ltd,Industrials,Waste Management
5412,1213809,DYAI,DYADIC INTERNATIONAL INC,Healthcare,Biotechnology
5413,1535955,LPCN,Lipocine Inc.,Healthcare,Biotechnology
5414,1967621,ATGL,Alpha Technology Group Ltd,Technology,Software—Infrastructure
5415,91668,SODI,SOLITRON DEVICES INC,Technology,Semiconductor Equipment & Materials
5416,1011060,NORD,Nordicus Partners Corp,Industrials,Consulting Services
5417,1849296,OKYO,OKYO Pharma Ltd,Healthcare,Biotechnology
5418,1604464,ATRA,"Atara Biotherapeutics, Inc.",Healthcare,Biotechnology
5419,1831868,ICU,SeaStar Medical Holding Corp,Healthcare,Biotechnology
5420,1088034,USIO,"Usio, Inc.",Technology,Software—Infrastructure
5421,946936,DSWL,DESWELL INDUSTRIES INC,Technology,Electronic Components
5422,1830210,BHIL,"Benson Hill, Inc.",Basic Materials,Agricultural Inputs
5423,922247,CYTH,"Cyclo Therapeutics, Inc.",Healthcare,Drug Manufacturers—Specialty & Generic
5424,1720446,ZEPP,Zepp Health Corp,Technology,Consumer Electronics
5425,1948294,NWGL,Nature Wood Group Ltd,Basic Materials,Lumber & Wood Production
5426,1979332,CPBI,"Central Plains Bancshares, Inc.",Financial Services,Shell Companies
5427,1163560,GTMAY,GRUPO TMM SAB,Industrials,Marine Shipping
5428,1753673,SJ,Scienjoy Holding Corp,Communication Services,Broadcasting
5429,1456189,LEAT,Leatt Corp,Consumer Cyclical,Leisure
5430,356590,GTII,"GLOBAL TECH INDUSTRIES GROUP, INC.",Industrials,Conglomerates
5431,1937737,MLEC,Moolec Science SA,Healthcare,Biotechnology
5432,1868419,WAVS,Western Acquisition Ventures Corp.,Financial Services,Shell Companies
5433,1520048,PVL,Permianville Royalty Trust,Energy,Oil & Gas E&P
5434,707605,ASRV,AMERISERV FINANCIAL INC /PA/,Financial Services,Banks—Regional
5435,1922858,ECDA,"ECD Automotive Design, Inc.",Consumer Cyclical,Auto Manufacturers
5436,1119083,MNDO,MIND CTI LTD,Technology,Software—Application
5437,1785494,WBQNL,Woodbridge Liquidation Trust,Financial Services,Shell Companies
5438,1799290,EBON,Ebang International Holdings Inc.,Technology,Computer Hardware
5439,1082038,DRRX,DURECT CORP,Healthcare,Drug Manufacturers—Specialty & Generic
5440,1884164,KWIK,"KwikClick, Inc.",Technology,Software—Application
5441,1355848,TOON,"Kartoon Studios, Inc.",Communication Services,Entertainment
5442,1593184,BRGX,"BIOREGENX, INC.",Healthcare,Health Information Services
5443,1869974,OCEA,"Ocean Biomedical, Inc.",Healthcare,Biotechnology
5444,1499780,GLBS,GLOBUS MARITIME LTD,Industrials,Marine Shipping
5445,722313,NSYS,NORTECH SYSTEMS INC,Healthcare,Medical Devices
5446,1160791,GORO,GOLD RESOURCE CORP,Basic Materials,Gold
5447,1692415,CODX,"Co-Diagnostics, Inc.",Healthcare,Medical Devices
5448,1922331,GLST,Global Star Acquisition Inc.,Financial Services,Shell Companies
5449,1355839,PALT,"PALTALK, INC.",Technology,Software—Application
5450,1816708,OWLT,"Owlet, Inc.",Healthcare,Health Information Services
5451,1854368,DGHI,Digihost Technology Inc.,Technology,Software—Application
5452,1602842,MOGO,Mogo Inc.,Technology,Software—Infrastructure
5453,1034760,WYY,WIDEPOINT CORP,Technology,Information Technology Services
5454,709283,QMCO,QUANTUM CORP /DE/,Technology,Computer Hardware
5455,318833,TISI,TEAM INC,Industrials,Specialty Business Services
5456,87050,NEON,Neonode Inc.,Technology,Electronic Components
5457,828146,LINK,INTERLINK ELECTRONICS INC,Technology,Electronic Components
5458,1914818,STBX,Starbox Group Holdings Ltd.,Communication Services,Internet Content & Information
5459,867840,POCI,"PRECISION OPTICS CORPORATION, INC.",Healthcare,Medical Instruments & Supplies
5460,1017303,TACT,TRANSACT TECHNOLOGIES INC,Technology,Computer Hardware
5461,1822791,CLNN,Clene Inc.,Consumer Defensive,Packaged Foods
5462,850027,GRF,"EAGLE CAPITAL GROWTH FUND, INC.",Financial Services,Asset Management
5463,909724,TLF,TANDY LEATHER FACTORY INC,Consumer Cyclical,Specialty Retail
5464,81955,RAND,RAND CAPITAL CORP,Financial Services,Asset Management
5465,1348362,LEXX,Lexaria Bioscience Corp.,Healthcare,Biotechnology
5466,1495231,IZEA,"IZEA Worldwide, Inc.",Communication Services,Internet Content & Information
5467,754811,GROW,U S GLOBAL INVESTORS INC,Financial Services,Asset Management
5468,768835,BIG,BIG LOTS INC,Consumer Defensive,Discount Stores
5469,1929589,MRDB,MariaDB plc,Technology,Software—Infrastructure
5471,829323,INUV,"Inuvo, Inc.",Technology,Software—Application
5472,1740279,INAB,"IN8BIO, INC.",Healthcare,Biotechnology
5474,1600422,SDPI,"Superior Drilling Products, Inc.",Energy,Oil & Gas Equipment & Services
5475,1111741,DYNR,DYNARESOURCE INC,Basic Materials,Other Precious Metals & Mining
5476,893739,TURN,180 DEGREE CAPITAL CORP. /NY/,Financial Services,Asset Management
5477,1696558,JRSH,"Jerash Holdings (US), Inc.",Consumer Cyclical,Apparel Manufacturing
5478,1088413,GLGI,"GREYSTONE LOGISTICS, INC.",Basic Materials,Specialty Chemicals
5479,1722380,AIU,Meta Data Ltd,Consumer Defensive,Education & Training Services
5480,65759,MPAD,MICROPAC INDUSTRIES INC,Technology,Electronic Components
5481,1742927,RVPH,"REVIVA PHARMACEUTICALS HOLDINGS, INC.",Healthcare,Biotechnology
5482,1065078,NTIP,"NETWORK-1 TECHNOLOGIES, INC.",Industrials,Specialty Business Services
5483,1584371,ICCM,IceCure Medical Ltd.,Healthcare,Medical Devices
5484,1990145,NUVO,Holdco Nuvo Group D.G Ltd.,Healthcare,Medical Devices
5485,1714562,GAME,"GameSquare Holdings, Inc.",Communication Services,Electronic Gaming & Multimedia
5486,1721741,GORV,"Lazydays Holdings, Inc.",Consumer Cyclical,Auto & Truck Dealerships
5487,1840233,XLO,"Xilio Therapeutics, Inc.",Healthcare,Biotechnology
5488,1499961,MULN,MULLEN AUTOMOTIVE INC.,Consumer Cyclical,Auto Manufacturers
5490,1336050,EGF,"BlackRock Enhanced Government Fund, Inc.",Financial Services,Asset Management
5491,1713863,RFL,"Rafael Holdings, Inc.",Real Estate,Real Estate Services
5492,880406,CUBA,HERZFELD CARIBBEAN BASIN FUND INC,Financial Services,Asset Management
5493,787253,NAII,NATURAL ALTERNATIVES INTERNATIONAL INC,Consumer Defensive,Packaged Foods
5494,1429260,FBIO,"Fortress Biotech, Inc.",Healthcare,Biotechnology
5495,1936702,CETU,Cetus Capital Acquisition Corp.,Financial Services,Shell Companies
5496,1799448,ALGS,"Aligos Therapeutics, Inc.",Healthcare,Biotechnology
5497,1799191,TOI,"Oncology Institute, Inc.",Healthcare,Medical Care Facilities
5498,1712178,NAAS,NaaS Technology Inc.,Consumer Cyclical,Specialty Retail
5499,946563,RVP,RETRACTABLE TECHNOLOGIES INC,Healthcare,Medical Instruments & Supplies
5500,1753162,FTHM,Fathom Holdings Inc.,Real Estate,Real Estate Services
5501,1584547,GP,GREENPOWER MOTOR Co INC.,Industrials,Farm & Heavy Construction Machinery
5502,1122020,PCSV,"PCS Edventures!, Inc.",Consumer Defensive,Education & Training Services
5503,1791725,HUDI,"Huadi International Group Co., Ltd.",Basic Materials,Steel
5504,1342936,AVOI,"Advanced Voice Recognition Systems, Inc",Technology,Software—Application
5505,1859035,MCAG,Mountain Crest Acquisition Corp. V,Financial Services,Shell Companies
5506,1533998,DRIO,DarioHealth Corp.,Healthcare,Health Information Services
5507,1500375,HFBL,"Home Federal Bancorp, Inc. of Louisiana",Financial Services,Banks—Regional
5508,1849670,PBBK,"PB Bankshares, Inc.",Financial Services,Banks—Regional
5509,1438943,RNGE,"RANGE IMPACT, INC.",Basic Materials,Other Industrial Metals & Mining
5510,1844507,AVHI,Achari Ventures Holdings Corp. I,Financial Services,Shell Companies
5511,1840229,INKT,"MiNK Therapeutics, Inc.",Healthcare,Biotechnology
5512,1830749,ACHL,Achilles Therapeutics plc,Healthcare,Biotechnology
5513,13156,GLXZ,"Galaxy Gaming, Inc.",Consumer Cyclical,Gambling
5514,1422142,AADI,"Aadi Bioscience, Inc.",Healthcare,Biotechnology
5515,1171838,SUND,"Sundance Strategies, Inc.",Financial Services,Insurance—Diversified
5516,1563665,HRGN,"Harvard Apparatus Regenerative Technology, Inc.",Healthcare,Biotechnology
5517,1965143,NVNI,Nvni Group Ltd,Technology,Software—Application
5518,1181505,PYN,PIMCO NEW YORK MUNICIPAL INCOME FUND III,Financial Services,Asset Management
5519,1490596,GVXXF,GoviEx Uranium Inc.,Energy,Uranium
5520,1736243,ACXP,"Acurx Pharmaceuticals, Inc.",Healthcare,Biotechnology
5521,1842939,CTCX,Carmell Corp,Consumer Defensive,Household & Personal Products
5522,1909417,SLNA,SELINA HOSPITALITY PLC,Consumer Cyclical,Resorts & Casinos
5523,1833498,MDAI,"Spectral AI, Inc.",Healthcare,Medical Devices
5524,1582982,CCLD,"CareCloud, Inc.",Healthcare,Health Information Services
5525,1824893,SRZN,"Surrozen, Inc./DE",Healthcare,Biotechnology
5526,749660,ICAD,ICAD INC,Healthcare,Medical Devices
5527,1409375,OESX,"ORION ENERGY SYSTEMS, INC.",Consumer Cyclical,"Furnishings, Fixtures & Appliances"
5529,1790340,IMRX,Immuneering Corp,Healthcare,Biotechnology
5530,1006045,IRIX,IRIDEX CORP,Healthcare,Medical Devices
5531,1430300,GWSO,"Global Warming Solutions, Inc.",Technology,Scientific & Technical Instruments
5532,1779578,QLI,Qilian International Holding Group Ltd,Healthcare,Drug Manufacturers—Specialty & Generic
5533,868822,CRCUF,Canagold Resources Ltd.,Basic Materials,Gold
5534,1541157,AKTX,Akari Therapeutics Plc,Healthcare,Biotechnology
5535,1607962,LFWD,ReWalk Robotics Ltd.,Healthcare,Medical Devices
5536,1874875,HOUR,"Hour Loop, Inc",Consumer Cyclical,Internet Retail
5537,1352952,CNFN,CFN Enterprises Inc.,Communication Services,Advertising Agencies
5538,101538,UAMY,UNITED STATES ANTIMONY CORP,Basic Materials,Other Industrial Metals & Mining
5539,1383395,SQNS,SEQUANS COMMUNICATIONS,Technology,Semiconductors
5540,40570,JOB,GEE Group Inc.,Industrials,Staffing & Employment Services
5541,1957413,CJET,"Chijet Motor Company, Inc.",Consumer Cyclical,Auto Manufacturers
5542,826253,AUSI,AURA SYSTEMS INC,Industrials,Specialty Industrial Machinery
5543,915358,SGMA,SIGMATRON INTERNATIONAL INC,Technology,Electronic Components
5544,811641,ICCC,IMMUCELL CORP /DE/,Healthcare,Biotechnology
5545,1509646,FENG,Phoenix New Media Ltd,Communication Services,Internet Content & Information
5546,1297937,PRKA,"PARKS AMERICA, INC",Consumer Cyclical,Leisure
5547,1969863,SUGP,SU Group Holdings Ltd,Industrials,Security & Protection Services
5548,1853825,TZUP,THUMZUP MEDIA Corp,Communication Services,Advertising Agencies
5549,1326205,IGC,"IGC Pharma, Inc.",Healthcare,Biotechnology
5550,1674440,YYAI,Connexa Sports Technologies Inc.,Consumer Cyclical,Leisure
5551,1936224,SRFM,SURF AIR MOBILITY INC.,Industrials,Airlines
5552,1832487,GUER,"Guerrilla RF, Inc.",Technology,Semiconductors
5553,1574565,EVGN,Evogene Ltd.,Healthcare,Biotechnology
5555,8177,AAME,ATLANTIC AMERICAN CORP,Financial Services,Insurance—Life
5556,1479419,KALA,"KALA BIO, Inc.",Healthcare,Biotechnology
5557,833021,CIF,MFS INTERMEDIATE HIGH INCOME FUND,Financial Services,Asset Management
5558,1600983,KSCP,"Knightscope, Inc.",Industrials,Security & Protection Services
5559,846913,FTEK,"FUEL TECH, INC.",Industrials,Pollution & Treatment Controls
5560,1592057,EVA,Enviva Inc.,Basic Materials,Lumber & Wood Production
5561,1074828,KNW,"KNOW LABS, INC.",Technology,Scientific & Technical Instruments
5562,1734750,MOVE,Movano Inc.,Healthcare,Medical Devices
5563,1940177,PODC,"PodcastOne, Inc.",Communication Services,Internet Content & Information
5564,1949478,DTCK,DAVIS COMMODITIES Ltd,Consumer Defensive,Farm Products
5565,1328792,TPCS,TECHPRECISION CORP,Industrials,Metal Fabrication
5566,1695295,HYFM,"HYDROFARM HOLDINGS GROUP, INC.",Industrials,Farm & Heavy Construction Machinery
5567,1883984,ALCE,"Alternus Clean Energy, Inc.",Utilities,Utilities—Renewable
5568,1854963,SHFS,"SHF Holdings, Inc.",Financial Services,Banks—Regional
5569,1517496,BTCM,BIT Mining Ltd,Technology,Information Technology Services
5570,1845459,NKGN,"NKGen Biotech, Inc.",Healthcare,Biotechnology
5571,1896212,CDT,CONDUIT PHARMACEUTICALS INC.,Healthcare,Biotechnology
5572,1462418,ASPS,ALTISOURCE PORTFOLIO SOLUTIONS S.A.,Real Estate,Real Estate Services
5573,843006,ISDR,ISSUER DIRECT CORP,Technology,Software—Application
5574,1274737,XGN,EXAGEN INC.,Healthcare,Diagnostics & Research
5575,1236275,QXO,"QXO, Inc.",Technology,Software—Application
5576,1460602,ORGS,Orgenesis Inc.,Healthcare,Biotechnology
5577,1158780,PLUR,Pluri Inc.,Healthcare,Biotechnology
5578,1662774,QNCX,"Quince Therapeutics, Inc.",Healthcare,Biotechnology
5579,1039280,NTWK,NETSOL TECHNOLOGIES INC,Technology,Software—Application
5580,1784970,NXTT,Next Technology Holding Inc.,Technology,Software—Application
5581,1081745,INLX,"INTELLINETICS, INC.",Technology,Software—Application
5582,1903145,GRRR,Gorilla Technology Group Inc.,Technology,Software—Infrastructure
5583,1495651,UURAF,Ucore Rare Metals Inc.,Basic Materials,Other Industrial Metals & Mining
5584,1846084,JETMF,Global Crossing Airlines Group Inc.,Industrials,Airlines
5585,1811530,NXMH,"Next Meats Holdings, Inc.",Consumer Defensive,Packaged Foods
5586,1753391,QSJC,"TANCHENG GROUP CO., LTD.",Consumer Cyclical,Specialty Retail
5587,1930510,VCIG,VCI Global Ltd,Industrials,Consulting Services
5588,1008586,STRM,STREAMLINE HEALTH SOLUTIONS INC.,Healthcare,Health Information Services
5589,1058623,CMLS,CUMULUS MEDIA INC,Communication Services,Broadcasting
5590,857949,CGA,"China Green Agriculture, Inc.",Basic Materials,Agricultural Inputs
5591,831609,CXXIF,C21 Investments Inc.,Healthcare,Drug Manufacturers—Specialty & Generic
5592,1629210,PZG,Paramount Gold Nevada Corp.,Basic Materials,Gold
5593,1321851,SEED,Origin Agritech LTD,Basic Materials,Agricultural Inputs
5594,1546853,SKKY,"Skkynet Cloud Systems, Inc.",Technology,Software—Infrastructure
5595,1557798,CIIT,"Tianci International, Inc.",Technology,Electronics & Computer Distribution
5596,1872302,NA,Nano Labs Ltd,Technology,Semiconductors
5597,1844971,GREE,Greenidge Generation Holdings Inc.,Financial Services,Capital Markets
5598,1886894,SNAL,"Snail, Inc.",Communication Services,Electronic Gaming & Multimedia
5599,888981,NNUP,NOCOPI TECHNOLOGIES INC/MD/,Basic Materials,Specialty Chemicals
5600,1026980,APWC,ASIA PACIFIC WIRE & CABLE CORP LTD,Industrials,Electrical Equipment & Parts
5601,1712762,BIAF,"bioAffinity Technologies, Inc.",Healthcare,Diagnostics & Research
5602,1913838,VWFB,"VWF Bancorp, Inc.",Financial Services,Banks—Regional
5604,1013706,WHLM,"Wilhelmina International, Inc.",Industrials,Specialty Business Services
5605,1162461,CUTR,CUTERA INC,Healthcare,Medical Devices
5606,1819411,GANX,"Gain Therapeutics, Inc.",Healthcare,Biotechnology
5607,889348,CVU,CPI AEROSTRUCTURES INC,Industrials,Aerospace & Defense
5608,89140,SVT,SERVOTRONICS INC /DE/,Industrials,Aerospace & Defense
5609,1825349,CHSN,Chanson International Holding,Consumer Cyclical,Restaurants
5610,911216,PTN,PALATIN TECHNOLOGIES INC,Healthcare,Biotechnology
5611,1444192,ACST,Acasti Pharma Inc.,Healthcare,Biotechnology
5612,1596812,ENLV,Enlivex Therapeutics Ltd.,Healthcare,Biotechnology
5613,1574094,RNXT,"RenovoRx, Inc.",Healthcare,Biotechnology
5614,1985337,YYGH,YY Group Holding Ltd.,Consumer Cyclical,Personal Services
5615,1750155,CWBHF,"Charlotte's Web Holdings, Inc.",Healthcare,Drug Manufacturers—Specialty & Generic
5616,61004,LGL,LGL GROUP INC,Technology,Electronic Components
5617,1137883,BCLI,BRAINSTORM CELL THERAPEUTICS INC.,Healthcare,Biotechnology
5618,320017,LSTA,"LISATA THERAPEUTICS, INC.",Healthcare,Biotechnology
5619,1901799,BTM,Bitcoin Depot Inc.,Financial Services,Capital Markets
5621,1580490,IONI,I-ON Digital Corp.,Technology,Software—Application
5622,825324,GTIM,Good Times Restaurants Inc.,Consumer Cyclical,Restaurants
5623,1391933,QNTO,QUAINT OAK BANCORP INC,Financial Services,Banks—Regional
5624,1825875,RAYA,Erayak Power Solution Group Inc.,Industrials,Electrical Equipment & Parts
5625,1771995,APHP,American Picture House Corp,Communication Services,Entertainment
5626,1380106,RPID,"RAPID MICRO BIOSYSTEMS, INC.",Healthcare,Medical Devices
5627,101594,USEG,US ENERGY CORP,Energy,Oil & Gas E&P
5628,1566044,VYNE,VYNE Therapeutics Inc.,Healthcare,Biotechnology
5629,1300734,SISI,"SHINECO, INC.",Consumer Defensive,Farm Products
5630,1928948,CACO,Caravelle International Group,Industrials,Marine Shipping
5631,1425287,WKHS,Workhorse Group Inc.,Consumer Cyclical,Auto Manufacturers
5632,1849380,ONMD,OneMedNet Corp,Healthcare,Health Information Services
5633,1442999,ABTI,ALTEROLA BIOTECH INC.,Healthcare,Drug Manufacturers—Specialty & Generic
5634,1894210,QOMO,Qomolangma Acquisition Corp.,Financial Services,Shell Companies
5635,1957538,ESGL,ESGL Holdings Ltd,Industrials,Waste Management
5636,1849221,PMNT,Perfect Moment Ltd.,Consumer Cyclical,Apparel Manufacturing
5637,1757840,INDO,Indonesia Energy Corp Ltd,Energy,Oil & Gas E&P
5638,1641281,BOLT,"Bolt Biotherapeutics, Inc.",Healthcare,Biotechnology
5639,718332,RAVE,"RAVE RESTAURANT GROUP, INC.",Consumer Cyclical,Restaurants
5640,1992818,ZOOZ,ZOOZ Power Ltd.,Consumer Cyclical,Specialty Retail
5641,1759546,NRDE,NU RIDE INC.,Consumer Cyclical,Auto Manufacturers
5642,839470,WWR,"WESTWATER RESOURCES, INC.",Basic Materials,Other Industrial Metals & Mining
5643,727207,AXDX,"Accelerate Diagnostics, Inc",Healthcare,Medical Devices
5644,1866030,AZ,A2Z Smart Technologies Corp,Industrials,Aerospace & Defense
5645,1907223,WENA,"ANEW Medical, Inc.",Healthcare,Biotechnology
5646,1960262,LUDG,"LUDWIG ENTERPRISES, INC.",Healthcare,Medical Devices
5648,766792,CVV,CVD EQUIPMENT CORP,Industrials,Specialty Industrial Machinery
5649,1829311,BMNR,"BITMINE IMMERSION TECHNOLOGIES, INC.",Financial Services,Capital Markets
5650,1470683,AEHL,Antelope Enterprise Holdings Ltd,Industrials,Building Products & Equipment
5651,1762359,ACRHF,"Acreage Holdings, Inc.",Healthcare,Drug Manufacturers—Specialty & Generic
5652,1816172,JZXN,"Jiuzi Holdings, Inc.",Consumer Cyclical,Auto & Truck Dealerships
5653,1981462,LDTC,LeddarTech Holdings Inc.,Technology,Software—Application
5654,830616,SCIA,"SCI Engineered Materials, Inc.",Technology,Semiconductor Equipment & Materials
5655,1725872,BMTX,"BM Technologies, Inc.",Technology,Software—Application
5656,1672571,AAQL,Antiaging Quantum Living Inc.,Consumer Cyclical,Internet Retail
5657,1388295,ONEI,OneMeta Inc.,Technology,Software—Application
5658,1996192,LSH,Lakeside Holding Ltd,Industrials,Integrated Freight & Logistics
5659,732026,TRT,TRIO-TECH INTERNATIONAL,Technology,Semiconductor Equipment & Materials
5660,1595527,NYC,American Strategic Investment Co.,Real Estate,Real Estate Services
5661,862651,INVU,"Investview, Inc.",Technology,Software—Application
5662,352955,CKX,"CKX LANDS, INC.",Energy,Oil & Gas E&P
5663,1420529,AACG,ATA Creativity Global,Consumer Defensive,Education & Training Services
5664,1401914,DARE,"Dare Bioscience, Inc.",Healthcare,Biotechnology
5666,1826660,WETH,Wetouch Technology Inc.,Real Estate,Real Estate Services
5667,1807689,FCCI,"FAST CASUAL CONCEPTS, INC.",Consumer Cyclical,Restaurants
5668,1833214,SABS,"SAB Biotherapeutics, Inc.",Healthcare,Biotechnology
5669,1563568,EVTV,"Envirotech Vehicles, Inc.",Consumer Cyclical,Auto Manufacturers
5670,1411688,TCS,"Container Store Group, Inc.",Consumer Cyclical,Specialty Retail
5671,1721484,LGVN,Longeveron Inc.,Healthcare,Biotechnology
5672,1715925,IPA,ImmunoPrecise Antibodies Ltd.,Healthcare,Biotechnology
5673,1549145,BIOF,"BLUE BIOFUELS, INC.",Basic Materials,Specialty Chemicals
5675,1178697,SONM,SONIM TECHNOLOGIES INC,Technology,Communication Equipment
5676,1892292,MSS,Maison Solutions Inc.,Consumer Defensive,Grocery Stores
5677,1591890,FGF,Fundamental Global Inc.,Financial Services,Insurance—Diversified
5678,1641631,XAIR,"Beyond Air, Inc.",Healthcare,Medical Devices
5679,1061164,PGID,PEREGRINE INDUSTRIES INC,Consumer Defensive,Household & Personal Products
5680,875729,BNET,BION ENVIRONMENTAL TECHNOLOGIES INC,Industrials,Pollution & Treatment Controls
5681,1218683,MIGI,Mawson Infrastructure Group Inc.,Financial Services,Capital Markets
5682,1500198,NMTC,NEUROONE MEDICAL TECHNOLOGIES Corp,Healthcare,Medical Devices
5683,1792554,EQMEF,Equity Metals Corp,Basic Materials,Other Precious Metals & Mining
5684,1397047,FPAY,"FlexShopper, Inc.",Industrials,Rental & Leasing Services
5685,1835615,MHUA,"Meihua International Medical Technologies Co., Ltd.",Healthcare,Medical Instruments & Supplies
5686,1378140,OPTT,"Ocean Power Technologies, Inc.",Industrials,Specialty Industrial Machinery
5687,20639,ABCP,AmBase Corp,Real Estate,Real Estate Services
5688,1580149,BIVI,BIOVIE INC.,Healthcare,Biotechnology
5689,1746466,EQ,"Equillium, Inc.",Healthcare,Biotechnology
5690,1962845,PXDT,"PIXIE DUST TECHNOLOGIES, INC.",Technology,Consumer Electronics
5691,1481241,PSHG,Performance Shipping Inc.,Industrials,Marine Shipping
5692,1964021,NCNC,noco-noco Inc.,Consumer Cyclical,Auto Parts
5693,64463,SLNH,"Soluna Holdings, Inc",Financial Services,Capital Markets
5694,351998,DAIO,DATA I/O CORP,Technology,Electronic Components
5695,1297341,KFFB,Kentucky First Federal Bancorp,Financial Services,Banks—Regional
5696,1738758,CHR,"Cheer Holding, Inc.",Communication Services,Advertising Agencies
5697,1030471,UTSI,UTSTARCOM HOLDINGS CORP.,Technology,Communication Equipment
5698,1931717,CCTG,CCSC Technology International Holdings Ltd,Industrials,Electrical Equipment & Parts
5699,1853047,HUDA,Hudson Acquisition I Corp.,Financial Services,Shell Companies
5700,1873093,GDTC,CytoMed Therapeutics Ltd,Healthcare,Biotechnology
5701,1978057,TWG,Top Wealth Group Holding Ltd,Consumer Defensive,Food Distribution
5702,1825079,VLD,"Velo3D, Inc.",Technology,Computer Hardware
5703,1935092,CETI,"Cyber Enviro-Tech, Inc.",Utilities,Utilities—Regulated Water
5704,814676,CPSH,CPS TECHNOLOGIES CORP/DE/,Technology,Electronic Components
5705,1907184,ELBM,Electra Battery Materials Corp,Basic Materials,Other Industrial Metals & Mining
5706,1339005,FEMY,FEMASYS INC,Healthcare,Medical Instruments & Supplies
5707,899782,NOM,NUVEEN MISSOURI QUALITY MUNICIPAL INCOME FUND,Financial Services,Asset Management
5708,1412486,COCP,"Cocrystal Pharma, Inc.",Healthcare,Biotechnology
5709,1070050,APCX,AppTech Payments Corp.,Technology,Software—Infrastructure
5711,1815849,ATIP,"ATI Physical Therapy, Inc.",Healthcare,Medical Care Facilities
5712,1556266,BYU,"BAIYU Holdings, Inc.",Financial Services,Shell Companies
5713,83350,RSRV,RESERVE PETROLEUM CO,Energy,Oil & Gas E&P
5714,1720990,FSRNQ,Fisker Inc./DE,Consumer Cyclical,Auto Manufacturers
5715,894556,GEVI,"General Enterprise Ventures, Inc.",Basic Materials,Specialty Chemicals
5716,1445831,NPFC,Newpoint Financial Corp,Financial Services,Shell Companies
5717,1879403,LRHC,La Rosa Holdings Corp.,Real Estate,Real Estate Services
5718,1103795,QSEP,"QS Energy, Inc.",Energy,Oil & Gas Equipment & Services
5719,1619544,JFU,9F Inc.,Technology,Information Technology Services
5720,10048,BRN,BARNWELL INDUSTRIES INC,Energy,Oil & Gas E&P
5721,1103833,CRWE,"Crown Equity Holdings, Inc.",Industrials,Consulting Services
5722,1580063,BIOR,"BIORA THERAPEUTICS, INC.",Healthcare,Biotechnology
5723,1463361,UBX,"Unity Biotechnology, Inc.",Healthcare,Biotechnology
5724,1855457,KORE,"KORE Group Holdings, Inc.",Communication Services,Telecom Services
5725,1742341,HKIT,HiTek Global Inc.,Technology,Software—Application
5726,66418,MXC,MEXCO ENERGY CORP,Energy,Oil & Gas E&P
5727,1828673,HCWB,HCW Biologics Inc.,Healthcare,Biotechnology
5728,1719406,NRXP,"NRX Pharmaceuticals, Inc.",Healthcare,Biotechnology
5729,1701756,SDOT,Sadot Group Inc.,Consumer Defensive,Farm Products
5730,1888980,LRE,"LEAD REAL ESTATE CO., LTD",Real Estate,Real Estate—Development
5731,948708,SMSI,"SMITH MICRO SOFTWARE, INC.",Technology,Software—Application
5732,1709819,FEDU,Four Seasons Education (Cayman) Inc.,Consumer Defensive,Education & Training Services
5733,1539680,HMMR,HAMMER FIBER OPTICS HOLDINGS CORP,Communication Services,Telecom Services
5734,1912847,USEA,United Maritime Corp,Industrials,Marine Shipping
5735,1684693,SLGL,Sol-Gel Technologies Ltd.,Healthcare,Biotechnology
5736,862861,JAN,JanOne Inc.,Industrials,Waste Management
5737,1804469,GFAI,"Guardforce AI Co., Ltd.",Industrials,Security & Protection Services
5738,1683553,SPRB,"SPRUCE BIOSCIENCES, INC.",Healthcare,Biotechnology
5739,1042187,YHGJ,YUNHONG GREEN CTI LTD.,Consumer Cyclical,Packaging & Containers
5740,1739174,PHGE,BiomX Inc.,Healthcare,Biotechnology
5741,1823365,GBNY,"Generations Bancorp NY, Inc.",Financial Services,Banks—Regional
5742,1382574,MEDS,"TRxADE HEALTH, INC",Healthcare,Pharmaceutical Retailers
5743,1837493,IINN,Inspira Technologies OXY B.H.N. Ltd,Healthcare,Medical Devices
5744,1077640,WMLLF,Wealth Minerals Ltd.,Basic Materials,Other Industrial Metals & Mining
5745,1913749,GMM,Global Mofy Metaverse Ltd,Technology,Information Technology Services
5746,1840780,LOCL,Local Bounti Corporation/DE,Consumer Defensive,Farm Products
5747,1339688,LCGMF,LION COPPER & GOLD CORP.,Basic Materials,Other Industrial Metals & Mining
5748,1932072,LOBO,LOBO EV TECHNOLOGIES LTD,Consumer Cyclical,Auto Manufacturers
5749,1069394,FSI,FLEXIBLE SOLUTIONS INTERNATIONAL INC,Basic Materials,Specialty Chemicals
5750,315958,CRMZ,CREDITRISKMONITOR COM INC,Technology,Software—Application
5751,867038,SPND,SPINDLETOP OIL & GAS CO,Energy,Oil & Gas E&P
5752,1757143,PAIYY,Aesthetic Medical International Holdings Group Ltd,Healthcare,Medical Care Facilities
5753,894871,AREN,"Arena Group Holdings, Inc.",Communication Services,Internet Content & Information
5754,1000230,OCC,OPTICAL CABLE CORP,Technology,Communication Equipment
5755,1479681,NUTX,"Nutex Health, Inc.",Healthcare,Health Information Services
5756,1603993,NISN,"Nisun International Enterprise Development Group Co., Ltd",Financial Services,Credit Services
5757,845819,KTEL,"KonaTel, Inc.",Communication Services,Telecom Services
5758,1757715,ATER,"Aterian, Inc.",Consumer Cyclical,"Furnishings, Fixtures & Appliances"
5759,1082324,VHC,VirnetX Holding Corp,Technology,Software—Infrastructure
5760,888721,TRIB,TRINITY BIOTECH PLC,Healthcare,Medical Devices
5761,1741220,CWPE,CW Petroleum Corp,Energy,Oil & Gas Midstream
5762,1659323,ITRM,Iterum Therapeutics plc,Healthcare,Biotechnology
5763,1811115,RNLX,Renalytix plc,Healthcare,Health Information Services
5764,1553404,PGTK,Pacific Green Technologies Inc.,Industrials,Pollution & Treatment Controls
5765,1938186,JYD,Jayud Global Logistics Ltd,Industrials,Integrated Freight & Logistics
5766,1436229,BTCS,BTCS Inc.,Financial Services,Capital Markets
5767,1377149,CRVW,CareView Communications Inc,Healthcare,Health Information Services
5768,1196298,NEPH,NEPHROS INC,Healthcare,Medical Instruments & Supplies
5769,764195,VBIV,VBI Vaccines Inc/BC,Healthcare,Biotechnology
5770,1418149,HLRTF,Hillcrest Energy Technologies Ltd.,Technology,Electronic Components
5771,1847075,SAI,SAI.TECH Global Corp,Financial Services,Capital Markets
5772,1309082,CEI,"CAMBER ENERGY, INC.",Industrials,Specialty Industrial Machinery
5773,1724542,CLPS,CLPS Inc,Technology,Information Technology Services
5774,1647822,SVMB,"Jingbo Technology, Inc.",Financial Services,Shell Companies
5775,1412126,RMSL,RemSleep Holdings Inc.,Healthcare,Medical Devices
5776,1474167,COSM,Cosmos Health Inc.,Healthcare,Medical Distribution
5777,1087294,CPIX,CUMBERLAND PHARMACEUTICALS INC,Healthcare,Drug Manufacturers—Specialty & Generic
5778,1175596,AXREF,AMARC RESOURCES LTD,Basic Materials,Other Industrial Metals & Mining
5779,1680139,HLYK,HealthLynked Corp,Healthcare,Medical Care Facilities
5780,1056285,KIRK,"KIRKLAND'S, INC",Consumer Cyclical,Home Improvement Retail
5781,1598646,NERV,"Minerva Neurosciences, Inc.",Healthcare,Biotechnology
5782,1944885,APLM,Apollomics Inc.,Healthcare,Biotechnology
5783,1113423,AEZS,Aeterna Zentaris Inc.,Healthcare,Biotechnology
5785,1769768,EJH,E-Home Household Service Holdings Ltd,Consumer Cyclical,Personal Services
5787,1738699,WKEY,Wisekey International Holding S.A.,Technology,Semiconductors
5788,946644,AIM,AIM ImmunoTech Inc.,Healthcare,Biotechnology
5789,1651721,GIPR,"GENERATION INCOME PROPERTIES, INC.",Real Estate,REIT—Diversified
5791,1781983,APRE,"Aprea Therapeutics, Inc.",Healthcare,Biotechnology
5792,1743971,MOGU,MOGU Inc.,Consumer Cyclical,Internet Retail
5793,1260990,ONCT,"Oncternal Therapeutics, Inc.",Healthcare,Biotechnology
5794,1379006,NNVC,"NANOVIRICIDES, INC.",Healthcare,Biotechnology
5795,1038277,INIS,INTERNATIONAL ISOTOPES INC,Healthcare,Drug Manufacturers—Specialty & Generic
5797,1396536,DUOT,"DUOS TECHNOLOGIES GROUP, INC.",Technology,Software—Application
5798,1213660,BIMI,BIMI Holdings Inc.,Healthcare,Pharmaceutical Retailers
5799,55234,KENS,KENILWORTH SYSTEMS CORP,Consumer Cyclical,Leisure
5800,1796129,VINC,"Vincerx Pharma, Inc.",Healthcare,Biotechnology
5801,744825,AMS,AMERICAN SHARED HOSPITAL SERVICES,Healthcare,Medical Care Facilities
5802,1120970,LODE,Comstock Inc.,Basic Materials,Other Precious Metals & Mining
5803,25743,TXMD,"TherapeuticsMD, Inc.",Healthcare,Drug Manufacturers—Specialty & Generic
5804,1447380,MFON,MOBIVITY HOLDINGS CORP.,Technology,Software—Application
5805,1096275,WKSP,Worksport Ltd,Consumer Cyclical,Auto Parts
5806,1854572,IZM,ICZOOM Group Inc.,Technology,Electronics & Computer Distribution
5807,1589149,GWAV,"Greenwave Technology Solutions, Inc.",Industrials,Waste Management
5808,880984,ACFN,"ACORN ENERGY, INC.",Technology,Scientific & Technical Instruments
5811,1734005,APM,Aptorum Group Ltd,Healthcare,Biotechnology
5812,1603652,ULY,Urgent.ly Inc.,Technology,Software—Application
5813,1585608,JAGX,"Jaguar Health, Inc.",Healthcare,Biotechnology
5815,862022,HGTXU,HUGOTON ROYALTY TRUST,Energy,Oil & Gas E&P
5816,1872525,SWAG,"Stran & Company, Inc.",Communication Services,Advertising Agencies
5817,845385,PIAC,PRINCETON CAPITAL CORP,Financial Services,Asset Management
5818,1780731,EPOW,"Sunrise New Energy Co., Ltd.",Industrials,Electrical Equipment & Parts
5819,1431959,MMAT,META MATERIALS INC.,Technology,Electronic Components
5820,1549084,EKSO,"EKSO BIONICS HOLDINGS, INC.",Healthcare,Medical Instruments & Supplies
5821,1708176,HOFV,Hall of Fame Resort & Entertainment Co,Communication Services,Entertainment
5822,1061027,VIRX,"Viracta Therapeutics, Inc.",Healthcare,Biotechnology
5823,1058307,NXPL,NextPlat Corp,Technology,Software—Application
5824,1710495,PNXP,PINEAPPLE EXPRESS CANNABIS Co,Healthcare,Drug Manufacturers—Specialty & Generic
5825,811522,QZMRF,QUARTZ MOUNTAIN RESOURCES LTD,Basic Materials,Other Industrial Metals & Mining
5826,1018735,NYMXF,NYMOX PHARMACEUTICAL CORP,Healthcare,Biotechnology
5827,1855557,HLP,Hongli Group Inc.,Basic Materials,Steel
5828,1850906,OMIC,"Singular Genomics Systems, Inc.",Healthcare,Medical Instruments & Supplies
5829,1417663,SNWV,"SANUWAVE Health, Inc.",Healthcare,Medical Devices
5830,1874074,MMV,MultiMetaVerse Holdings Ltd,Communication Services,Entertainment
5831,1611842,PYPD,PolyPid Ltd.,Healthcare,Biotechnology
5832,1891944,PMEC,Primech Holdings Ltd,Industrials,Specialty Business Services
5833,1976908,JDZG,JIADE Ltd,Technology,Information Technology Services
5834,90168,SIF,SIFCO INDUSTRIES INC,Industrials,Aerospace & Defense
5835,1828253,EVAX,Evaxion Biotech A/S,Healthcare,Biotechnology
5836,1951222,LAES,SEALSQ Corp,Technology,Semiconductors
5837,1099160,BBGI,BEASLEY BROADCAST GROUP INC,Communication Services,Broadcasting
5839,1535665,RBNK,RiverBank Holding Co,Financial Services,Banks—Regional
5840,1735041,GTEC,Greenland Technologies Holding Corp.,Industrials,Specialty Industrial Machinery
5841,1514443,AGSS,"AMERIGUARD SECURITY SERVICES, INC.",Industrials,Security & Protection Services
5842,1418489,GNRV,GRAND RIVER COMMERCE INC,Financial Services,Banks—Regional
5844,1875091,NRSN,NeuroSense Therapeutics Ltd.,Healthcare,Biotechnology
5845,1262104,MEIP,"MEI Pharma, Inc.",Healthcare,Biotechnology
5846,1524769,CHKR,CHESAPEAKE GRANITE WASH TRUST,Energy,Oil & Gas E&P
5847,837852,IDEX,"IDEANOMICS, INC.",Industrials,Farm & Heavy Construction Machinery
5848,1939780,UCAR,U Power Ltd,Consumer Cyclical,Auto & Truck Dealerships
5849,1933567,NRXS,"Neuraxis, INC",Healthcare,Biotechnology
5850,1157075,PMCB,"PharmaCyte Biotech, Inc.",Healthcare,Biotechnology
5851,1978133,YERBF,YERBAE BRANDS CORP.,Consumer Defensive,Beverages—Non-Alcoholic
5852,1445942,TMRC,Texas Mineral Resources Corp.,Basic Materials,Other Industrial Metals & Mining
5853,878932,EQS,"EQUUS TOTAL RETURN, INC.",Financial Services,Asset Management
5854,1843714,ZPTA,Zapata Computing Holdings Inc.,Technology,Software—Infrastructure
5855,1854445,VRAR,"Glimpse Group, Inc.",Technology,Software—Infrastructure
5856,1425355,MCVT,"Mill City Ventures III, Ltd",Financial Services,Credit Services
5857,1610820,BCTX,BriaCell Therapeutics Corp.,Healthcare,Biotechnology
5858,1419041,FBRX,"Forte Biosciences, Inc.",Healthcare,Biotechnology
5859,1834975,VEV,VICINITY MOTOR CORP,Consumer Cyclical,Auto Manufacturers
5860,1857044,INDP,"Indaptus Therapeutics, Inc.",Healthcare,Biotechnology
5861,1855743,ARRKF,ARRAS MINERALS CORP.,Basic Materials,Other Precious Metals & Mining
5862,1635729,EQTRF,Altamira Gold Corp.,Basic Materials,Gold
5863,1413898,DALN,DallasNews Corp,Communication Services,Publishing
5864,1627282,CWD,CaliberCos Inc.,Financial Services,Asset Management
5865,1537435,TGEN,TECOGEN INC.,Industrials,Electrical Equipment & Parts
5866,838875,WVVI,WILLAMETTE VALLEY VINEYARDS INC,Consumer Defensive,Beverages—Wineries & Distilleries
5867,1253689,GLYC,GLYCOMIMETICS INC,Healthcare,Biotechnology
5869,1829802,SNSE,"Sensei Biotherapeutics, Inc.",Healthcare,Biotechnology
5870,1589061,GYRO,"Gyrodyne, LLC",Real Estate,Real Estate Services
5871,1914805,BANL,CBL International Ltd,Energy,Oil & Gas Midstream
5872,1591956,ANY,Sphere 3D Corp.,Technology,Software—Application
5873,1819704,MRM,Medirom Healthcare Technologies Inc.,Consumer Cyclical,Personal Services
5874,1090396,TBTC,TABLE TRAC INC,Consumer Cyclical,Resorts & Casinos
5877,1108645,CIPI,Correlate Energy Corp.,Industrials,Engineering & Construction
5878,1169034,BHV,BLACKROCK VIRGINIA MUNICIPAL BOND TRUST,Financial Services,Asset Management
5879,1570843,GEBRF,Greenbriar Sustainable Living Inc.,Utilities,Utilities—Renewable
5880,1807887,LASE,Laser Photonics Corp,Industrials,Specialty Industrial Machinery
5881,1935418,FMST,Foremost Lithium Resource & Technology Ltd.,Basic Materials,Chemicals
5882,725394,DFCO,DALRADA FINANCIAL CORP,Industrials,Consulting Services
5883,1852440,JZ,Jianzhi Education Technology Group Co Ltd,Consumer Defensive,Education & Training Services
5884,1396033,LL,"LL Flooring Holdings, Inc.",Consumer Cyclical,Home Improvement Retail
5886,1648636,TRLEF,Trillion Energy International Inc.,Energy,Oil & Gas E&P
5887,1689448,LILIF,Argentina Lithium & Energy Corp.,Basic Materials,Other Industrial Metals & Mining
5888,1643715,LISMF,LITHIUM SOUTH DEVELOPMENT Corp,Basic Materials,Other Industrial Metals & Mining
5889,1864055,ABTS,Abits Group Inc,Financial Services,Capital Markets
5891,1956741,ZONE,"CleanCore Solutions, Inc.",Industrials,Pollution & Treatment Controls
5892,1385818,AYTU,"AYTU BIOPHARMA, INC",Healthcare,Drug Manufacturers—Specialty & Generic
5893,883975,MBOT,Microbot Medical Inc.,Healthcare,Medical Instruments & Supplies
5894,1590418,FCUV,FOCUS UNIVERSAL INC.,Technology,Scientific & Technical Instruments
5895,1422892,SGLY,Singularity Future Technology Ltd.,Industrials,Integrated Freight & Logistics
5896,1580864,VRM,"Vroom, Inc.",Consumer Cyclical,Auto & Truck Dealerships
5897,1687451,ZKIN,"ZK International Group Co., Ltd.",Basic Materials,Steel
5898,1871149,RGF,"Real Good Food Company, Inc.",Consumer Defensive,Packaged Foods
5899,1562733,SNYR,Synergy CHC Corp.,Healthcare,Medical Distribution
5900,1706524,UGRO,"urban-gro, Inc.",Industrials,Farm & Heavy Construction Machinery
5901,1527599,SYBX,"SYNLOGIC, INC.",Healthcare,Biotechnology
5902,885307,JCTCF,JEWETT CAMERON TRADING CO LTD,Basic Materials,Lumber & Wood Production
5903,1400271,CUBT,Curative Biotechnology Inc,Healthcare,Biotechnology
5904,1604738,AINC,Ashford Inc.,Financial Services,Asset Management
5905,1563298,EAWD,Energy & Water Development Corp,Industrials,Pollution & Treatment Controls
5906,1716338,PT,Pintec Technology Holdings Ltd,Financial Services,Credit Services
5907,1101433,QMCI,QUOTEMEDIA INC,Financial Services,Financial Data & Stock Exchanges
5908,1537028,ICD,"Independence Contract Drilling, Inc.",Energy,Oil & Gas Drilling
5909,1305253,EIGRQ,"Eiger BioPharmaceuticals, Inc.",Healthcare,Biotechnology
5910,840715,CLRO,CLEARONE INC,Technology,Communication Equipment
5911,1976443,SYNX,Silynxcom Ltd.,Technology,Communication Equipment
5912,1630113,BTCY,BIOTRICITY INC.,Healthcare,Medical Devices
5913,1327273,LYRA,"Lyra Therapeutics, Inc.",Healthcare,Biotechnology
5914,1903995,MGIH,Millennium Group International Holdings Ltd,Consumer Cyclical,Packaging & Containers
5915,1958713,MI,NFT Ltd,Consumer Cyclical,Internet Retail
5916,1840292,HLGN,"Heliogen, Inc.",Utilities,Utilities—Renewable
5917,835662,AIXN,"AiXin Life International, Inc.",Consumer Defensive,Food Distribution
5918,1579157,VNCE,VINCE HOLDING CORP.,Consumer Cyclical,Apparel Manufacturing
5919,1816723,GRFX,Graphex Group Ltd,Basic Materials,Other Industrial Metals & Mining
5920,1527352,NXL,"Nexalin Technology, Inc.",Healthcare,Medical Devices
5921,1420720,IBIO,"iBio, Inc.",Healthcare,Biotechnology
5922,942126,TAIT,TAITRON COMPONENTS INC,Technology,Electronics & Computer Distribution
5923,1437517,CLOQ,"CYBERLOQ TECHNOLOGIES, INC.",Technology,Software—Infrastructure
5924,1131343,ATHE,ALTERITY THERAPEUTICS LTD,Healthcare,Biotechnology
5925,1819794,HTOO,Fusion Fuel Green PLC,Utilities,Utilities—Renewable
5926,1223389,CONN,CONNS INC,Consumer Cyclical,Specialty Retail
5927,1083220,XELB,"XCel Brands, Inc.",Consumer Cyclical,Apparel Manufacturing
5928,1005516,BOSC,BOS BETTER ONLINE SOLUTIONS LTD,Technology,Communication Equipment
5929,1821468,YQ,17 Education & Technology Group Inc.,Consumer Defensive,Education & Training Services
5930,797465,STLY,"HG Holdings, Inc.",Financial Services,Insurance—Specialty
5931,1783432,TETOF,Tectonic Metals Inc.,Basic Materials,Gold
5932,1398453,XIN,"Xinyuan Real Estate Co., Ltd.",Real Estate,Real Estate—Development
5933,1091596,AURX,"Nuo Therapeutics, Inc.",Healthcare,Biotechnology
5934,314227,TOMZ,"TOMI Environmental Solutions, Inc.",Industrials,Pollution & Treatment Controls
5935,31667,EDUC,EDUCATIONAL DEVELOPMENT CORP,Communication Services,Publishing
5937,1288750,TLRS,Timberline Resources Corp,Basic Materials,Gold
5938,1967656,PFSB,"PFS Bancorp, Inc.",Financial Services,Banks—Regional
5939,22701,PEGY,Pineapple Energy Inc.,Technology,Solar
5940,1691221,FRSX,Foresight Autonomous Holdings Ltd.,Consumer Cyclical,Auto Parts
5941,1782309,EDTK,Skillful Craftsman Education Technology Ltd,Consumer Defensive,Education & Training Services
5942,1584751,TLIS,Talis Biomedical Corp,Healthcare,Medical Devices
5943,895464,YBGJ,Yubo International Biotech Ltd,Healthcare,Medical Instruments & Supplies
5944,1270436,COHN,Cohen & Co Inc.,Financial Services,Capital Markets
5945,1897245,HWH,HWH International Inc.,Consumer Cyclical,Leisure
5946,1622879,SHWZ,"Medicine Man Technologies, Inc.",Healthcare,Drug Manufacturers—Specialty & Generic
5948,1775734,BENF,Beneficient,Financial Services,Asset Management
5949,1434737,SRSG,"SPIRITS TIME INTERNATIONAL, INC.",Consumer Defensive,Beverages—Wineries & Distilleries
5951,1346830,CARA,"Cara Therapeutics, Inc.",Healthcare,Biotechnology
5952,313364,MTR,MESA ROYALTY TRUST/TX,Energy,Oil & Gas E&P
5953,1473490,GLAI,"Global AI, Inc.",Industrials,Consulting Services
5954,1786286,DPRO,Draganfly Inc.,Industrials,Aerospace & Defense
5955,1498382,KTRA,"Kintara Therapeutics, Inc.",Healthcare,Biotechnology
5956,6176,AP,AMPCO PITTSBURGH CORP,Industrials,Metal Fabrication
5957,1842138,WRPT,WARPSPEED TAXI INC.,Financial Services,Shell Companies
5958,1844505,QTI,"QT IMAGING HOLDINGS, INC.",Healthcare,Medical Devices
5959,1650287,QYOUF,QYOU Media Inc.,Communication Services,Entertainment
5960,1853070,SOAR,"Volato Group, Inc.",Industrials,Airports & Air Services
5961,1427925,TLPH,"TALPHERA, INC.",Healthcare,Drug Manufacturers—Specialty & Generic
5962,1948436,JL,J-Long Group Ltd,Consumer Cyclical,Apparel Manufacturing
5963,1282224,DLPN,"Dolphin Entertainment, Inc.",Communication Services,Advertising Agencies
5964,87802,SCND,SCIENTIFIC INDUSTRIES INC,Technology,Scientific & Technical Instruments
5965,1553788,SBEV,"SPLASH BEVERAGE GROUP, INC.",Consumer Defensive,Beverages—Wineries & Distilleries
5966,1084133,RLBD,"Real Brands, Inc.",Healthcare,Drug Manufacturers—Specialty & Generic
5967,1699709,YJGJ,YIJIA GROUP CORP.,Industrials,Consulting Services
5968,82473,IHT,INNSUITES HOSPITALITY TRUST,Real Estate,REIT—Hotel & Motel
5969,1946573,KDLY,"Kindly MD, Inc.",Healthcare,Medical Care Facilities
5970,1840102,SPTY,"SPECIFICITY, INC.",Communication Services,Advertising Agencies
5971,1138586,XCRT,"Xcelerate, Inc.",Healthcare,Medical Care Facilities
5972,1737339,JG,Aurora Mobile Ltd,Technology,Software—Infrastructure
5973,1464165,BETRF,BetterLife Pharma Inc.,Healthcare,Biotechnology
5974,1468929,NXGL,"NEXGEL, INC.",Healthcare,Medical Instruments & Supplies
5975,1713210,ATPC,Agape ATP Corp,Consumer Defensive,Packaged Foods
5976,1285170,ITMSF,INTERMAP TECHNOLOGIES CORP,Technology,Software—Application
5977,1575295,ALID,Allied Corp.,Healthcare,Drug Manufacturers—Specialty & Generic
5978,1930179,ARBB,ARB IOT Group Ltd,Technology,Information Technology Services
5979,1534248,CMMB,Chemomab Therapeutics Ltd.,Healthcare,Biotechnology
5980,926617,AWH,Aspira Women's Health Inc.,Healthcare,Diagnostics & Research
5981,1391426,CLNV,Clean Vision Corp,Utilities,Utilities—Renewable
5982,1001907,ASTC,ASTROTECH Corp,Industrials,Aerospace & Defense
5983,1584754,AKTS,"Akoustis Technologies, Inc.",Technology,Communication Equipment
5984,1854270,SNTI,"Senti Biosciences, Inc.",Healthcare,Biotechnology
5985,1756180,NCRA,"NOCERA, INC.",Consumer Defensive,Packaged Foods
5986,1614744,PPBT,PURPLE BIOTECH LTD.,Healthcare,Biotechnology
5987,1951667,CTNT,CHEETAH NET SUPPLY CHAIN SERVICE INC.,Consumer Cyclical,Auto & Truck Dealerships
5988,1707910,REBN,"Reborn Coffee, Inc.",Consumer Cyclical,Restaurants
5989,1493130,MAPPF,PROSTAR HOLDINGS INC. /BC,Technology,Software—Application
5990,1808110,DDC,DDC Enterprise Ltd,Consumer Defensive,Packaged Foods
5991,1413745,ANTE,AIRNET TECHNOLOGY INC.,Communication Services,Advertising Agencies
5992,1084267,MOBQ,"Mobiquity Technologies, Inc.",Communication Services,Advertising Agencies
5993,1126234,LUMO,"LUMOS PHARMA, INC.",Healthcare,Biotechnology
5994,1869467,OP,OceanPal Inc.,Industrials,Marine Shipping
5995,1869137,MHUBF,MineHub Technologies Inc.,Technology,Software—Application
5996,1536196,CANF,Can-Fite BioPharma Ltd.,Healthcare,Biotechnology
5997,1009922,NSFDF,NXT Energy Solutions Inc.,Energy,Oil & Gas Equipment & Services
5998,1620179,XELA,"Exela Technologies, Inc.",Technology,Software—Application
5999,1697818,ICLK,iClick Interactive Asia Group Ltd,Communication Services,Advertising Agencies
6000,1857086,TRUG,"TruGolf Holdings, Inc.",Communication Services,Electronic Gaming & Multimedia
6001,1485029,NAHD,"New Asia Holdings, Inc.",Technology,Software—Application
6002,1839998,AONC,"American Oncology Network, Inc.",Healthcare,Medical Care Facilities
6003,1826376,GSUN,Golden Sun Health Technology Group Ltd,Consumer Defensive,Education & Training Services
6005,1892322,HTCR,"HeartCore Enterprises, Inc.",Technology,Software—Application
6006,1769697,LITM,Snow Lake Resources Ltd.,Basic Materials,Other Industrial Metals & Mining
6007,806517,PMD,PSYCHEMEDICS CORP,Healthcare,Diagnostics & Research
6008,1684888,GFGSF,GFG Resources Inc.,Basic Materials,Gold
6009,1893311,LUXH,LUXURBAN HOTELS INC.,Consumer Cyclical,Lodging
6010,1540159,EDSA,"Edesa Biotech, Inc.",Healthcare,Biotechnology
6011,1796898,MAXN,"Maxeon Solar Technologies, Ltd.",Technology,Solar
6012,1737193,LDSN,Luduson G Inc.,Communication Services,Entertainment
6013,704172,PHIL,PHI GROUP INC,Financial Services,Capital Markets
6014,1846715,WAVE,Eco Wave Power Global AB (publ),Utilities,Utilities—Renewable
6015,1809616,UPC,Universe Pharmaceuticals INC,Healthcare,Drug Manufacturers—Specialty & Generic
6016,1105101,GIGM,GIGAMEDIA Ltd,Communication Services,Electronic Gaming & Multimedia
6017,1622057,NBIO,Nascent Biotech Inc.,Healthcare,Biotechnology
6018,1879848,PEV,PHOENIX MOTOR INC.,Consumer Cyclical,Auto Manufacturers
6019,1346610,SOS,SOS Ltd,Financial Services,Capital Markets
6020,1304161,PBSV,"Pharma-Bio Serv, Inc.",Healthcare,Health Information Services
6021,1210618,SPI,"SPI Energy Co., Ltd.",Technology,Solar
6022,1800315,GLTO,"Galecto, Inc.",Healthcare,Biotechnology
6023,1083490,SRRE,SUNRISE REAL ESTATE GROUP INC,Real Estate,Real Estate—Development
6024,1759614,YJ,Yunji Inc.,Consumer Cyclical,Internet Retail
6025,1948099,MTEN,Mingteng International Corp Inc.,Industrials,Metal Fabrication
6026,1117057,PLAG,Planet Green Holdings Corp.,Industrials,Conglomerates
6027,19871,CVR,CHICAGO RIVET & MACHINE CO,Industrials,Tools & Accessories
6028,1723047,VAUCF,Viva Gold Corp.,Basic Materials,Gold
6029,1741534,MDJH,MDJM LTD,Real Estate,Real Estate Services
6030,885462,GURE,"GULF RESOURCES, INC.",Basic Materials,Chemicals
6031,1858994,RSMXF,Regency Silver Corp.,Basic Materials,Silver
6032,1849820,KITT,"Nauticus Robotics, Inc.",Industrials,Aerospace & Defense
6033,1358654,RMESF,"RED METAL RESOURCES, LTD.",Basic Materials,Other Industrial Metals & Mining
6034,1414953,MOJO,EQUATOR Beverage Co,Consumer Defensive,Beverages—Non-Alcoholic
6035,1817740,AUST,Austin Gold Corp.,Basic Materials,Gold
6036,34285,RLBY,RELIABILITY INC,Industrials,Staffing & Employment Services
6037,1757097,CNTG,Centogene N.V.,Healthcare,Diagnostics & Research
6038,747540,SPRS,SURGE COMPONENTS INC,Technology,Electronics & Computer Distribution
6039,351789,ELSE,ELECTRO SENSORS INC,Technology,Scientific & Technical Instruments
6040,1534120,AVTX,"Avalo Therapeutics, Inc.",Healthcare,Biotechnology
6041,1820566,ISPO,Inspirato Inc,Consumer Cyclical,Travel Services
6042,1056358,MTEX,MANNATECH INC,Consumer Defensive,Food Distribution
6043,1898766,TPET,Trio Petroleum Corp.,Energy,Oil & Gas E&P
6044,1967306,MSBB,"Mercer Bancorp, Inc.",Financial Services,Banks—Regional
6045,1104038,VRME,"VerifyMe, Inc.",Industrials,Security & Protection Services
6046,1654595,MDRR,"Medalist Diversified REIT, Inc.",Real Estate,REIT—Diversified
6047,1813191,AUCUF,Inflection Resources Ltd.,Basic Materials,Other Precious Metals & Mining
6048,1156041,HUSA,HOUSTON AMERICAN ENERGY CORP,Energy,Oil & Gas E&P
6049,1071840,WNDW,"SolarWindow Technologies, Inc.",Utilities,Utilities—Renewable
6050,882361,APTO,Aptose Biosciences Inc.,Healthcare,Biotechnology
6051,1682149,WISA,"WISA TECHNOLOGIES, INC.",Technology,Semiconductors
6052,1172178,LBSR,LIBERTY STAR URANIUM & METALS CORP.,Basic Materials,Other Industrial Metals & Mining
6053,1916331,NCI,Neo-Concept International Group Holdings Ltd,Consumer Cyclical,Apparel Manufacturing
6054,1916416,INTJ,Intelligent Group Ltd,Industrials,Consulting Services
6055,1584831,OXBR,OXBRIDGE RE HOLDINGS Ltd,Financial Services,Insurance—Reinsurance
6056,1680048,MBIO,"MUSTANG BIO, INC.",Healthcare,Biotechnology
6057,908259,OTLC,"Oncotelic Therapeutics, Inc.",Healthcare,Biotechnology
6058,1253176,VAPO,VAPOTHERM INC,Healthcare,Medical Devices
6059,1575858,PUBC,PureBase Corp,Basic Materials,Agricultural Inputs
6060,1829247,BFRG,"BullFrog AI Holdings, Inc.",Healthcare,Health Information Services
6061,1911545,HRYU,"Hanryu Holdings, Inc.",Communication Services,Internet Content & Information
6062,1896511,ZKGCF,ZKGC New Energy Ltd,Consumer Cyclical,Specialty Retail
6063,1684425,PETZ,"TDH Holdings, Inc.",Consumer Cyclical,Restaurants
6064,1815436,AHI,Advanced Health Intelligence Ltd,Technology,Software—Application
6065,1442620,RCON,"Recon Technology, Ltd",Energy,Oil & Gas Equipment & Services
6066,1419275,RVYL,RYVYL Inc.,Technology,Software—Infrastructure
6067,1372514,KPRX,KIORA PHARMACEUTICALS INC,Healthcare,Biotechnology
6068,707388,STRR,"STAR EQUITY HOLDINGS, INC.",Healthcare,Diagnostics & Research
6069,1355736,AVCRF,Avricore Health Inc.,Healthcare,Diagnostics & Research
6070,1173204,CNVS,Cineverse Corp.,Communication Services,Entertainment
6071,1645469,MNPR,Monopar Therapeutics,Healthcare,Biotechnology
6072,99106,TNLX,TRANS LUX Corp,Technology,Electronic Components
6073,1660046,IMRN,Immuron Ltd,Healthcare,Biotechnology
6074,1705402,AGMH,"AGM GROUP HOLDINGS, INC.",Technology,Computer Hardware
6075,1963439,TURB,"Turbo Energy, S.A.",Technology,Solar
6076,1642375,GHSI,"Guardion Health Sciences, Inc.",Healthcare,Drug Manufacturers—Specialty & Generic
6077,1818644,LIDR,"AEye, Inc.",Technology,Software—Infrastructure
6078,1839608,GETR,"Getaround, Inc",Technology,Software—Application
6079,727510,ENZN,"ENZON PHARMACEUTICALS, INC.",Healthcare,Biotechnology
6080,1956955,UMAC,"Unusual Machines, Inc.",Financial Services,Shell Companies
6081,749647,IMNN,"Imunon, Inc.",Healthcare,Biotechnology
6082,1963088,ATCH,"AtlasClear Holdings, Inc.",Technology,Software—Infrastructure
6083,1383088,CYCA,CYTTA CORP.,Technology,Communication Equipment
6084,1641398,GDC,GD Culture Group Ltd,Communication Services,Electronic Gaming & Multimedia
6085,1870144,CDIO,"Cardio Diagnostics Holdings, Inc.",Healthcare,Biotechnology
6086,1023549,XTLB,XTL BIOPHARMACEUTICALS LTD,Healthcare,Biotechnology
6087,1566610,VERB,"Verb Technology Company, Inc.",Technology,Software—Application
6088,1843656,RMCO,Royalty Management Holding Corp,Financial Services,Asset Management
6089,1557376,ZEOX,"Zeo ScientifiX, Inc.",Healthcare,Biotechnology
6090,1960208,CREV,Carbon Revolution Public Ltd Co,Consumer Cyclical,Auto Parts
6091,1941500,MWG,Multi Ways Holdings Ltd,Industrials,Rental & Leasing Services
6092,1844149,SPEC,Spectaire Holdings Inc.,Industrials,Pollution & Treatment Controls
6093,1842556,HNRA,HNR Acquisition Corp.,Financial Services,Shell Companies
6094,1307579,LIQT,LIQTECH INTERNATIONAL INC,Industrials,Pollution & Treatment Controls
6095,1370292,VSMR,VERIFY SMART CORP.,Technology,Software—Application
6096,1783407,SOGP,Sound Group Inc.,Communication Services,Internet Content & Information
6097,1505497,BRTX,"BioRestorative Therapies, Inc.",Healthcare,Biotechnology
6098,1790169,FLGC,Flora Growth Corp.,Healthcare,Drug Manufacturers—Specialty & Generic
6099,891417,NMGX,Nano Magic Inc.,Basic Materials,Specialty Chemicals
6101,1459417,TWOU,"2U, Inc.",Consumer Defensive,Education & Training Services
6102,1750106,AEI,Alset Inc.,Real Estate,Real Estate—Development
6103,919567,RCG,"RENN Fund, Inc.",Financial Services,Asset Management
6104,1549631,QURT,"Quarta-Rad, Inc.",Technology,Scientific & Technical Instruments
6105,88000,SLGD,Scott's Liquid Gold - Inc.,Consumer Defensive,Household & Personal Products
6106,1944902,OMH,Ohmyhome Ltd,Real Estate,Real Estate Services
6107,890066,GLBZ,GLEN BURNIE BANCORP,Financial Services,Banks—Regional
6108,1413891,HWNI,"HIGH WIRE NETWORKS, INC.",Technology,Information Technology Services
6109,1592560,TCTM,TCTM Kids IT Education Inc.,Consumer Defensive,Education & Training Services
6111,1487839,LKCO,Luokung Technology Corp.,Technology,Software—Application
6112,1872964,MTEK,Maris Tech Ltd.,Technology,Electronic Components
6113,1477246,SANW,S&W Seed Co,Consumer Defensive,Farm Products
6114,1735556,BTOG,BIT ORIGIN Ltd,Financial Services,Capital Markets
6115,1686000,JGLDF,Japan Gold Corp.,Basic Materials,Gold
6116,771999,DSS,"DSS, INC.",Consumer Cyclical,Packaging & Containers
6117,1295961,QREE,QUANTUM ENERGY INC.,Energy,Oil & Gas Refining & Marketing
6118,1961847,INHD,INNO HOLDINGS INC.,Basic Materials,Steel
6119,1481443,TCRI,"TechCom, Inc.",Financial Services,Shell Companies
6120,1631282,DTSS,DATASEA INC.,Technology,Software—Infrastructure
6121,1509223,MTBLY,"Moatable, Inc.",Technology,Software—Application
6122,1743905,RVSN,Rail Vision Ltd.,Industrials,Railroads
6124,1814329,ASTR,"Astra Space, Inc.",Industrials,Aerospace & Defense
6125,1956744,SRM,"SRM Entertainment, Inc.",Consumer Cyclical,Leisure
6126,12239,DOMH,Dominari Holdings Inc.,Healthcare,Biotechnology
6127,1779476,KRKR,36Kr Holdings Inc.,Communication Services,Internet Content & Information
6128,1553846,RDHL,RedHill Biopharma Ltd.,Healthcare,Drug Manufacturers—Specialty & Generic
6129,1616262,RMCF,"Rocky Mountain Chocolate Factory, Inc.",Consumer Defensive,Confectioners
6130,944480,GVP,GSE SYSTEMS INC,Technology,Software—Application
6131,1394108,SUIC,SUIC Worldwide Holdings Ltd.,Technology,Information Technology Services
6132,1110607,KLNG,"Koil Energy Solutions, Inc.",Energy,Oil & Gas Equipment & Services
6133,1610590,CHEK,Check-Cap Ltd,Healthcare,Diagnostics & Research
6134,1822145,PRST,Presto Automation Inc.,Technology,Software—Application
6135,1775085,CLEU,China Liberal Education Holdings Ltd,Consumer Defensive,Education & Training Services
6137,1138476,PFHO,PACIFIC HEALTH CARE ORGANIZATION INC,Healthcare,Healthcare Plans
6138,1231339,ASRE,"Astra Energy, Inc.",Utilities,Utilities—Renewable
6139,1205922,VCNX,"VACCINEX, INC.",Healthcare,Biotechnology
6140,861972,SRLZF,Salazar Resources Ltd,Basic Materials,Other Industrial Metals & Mining
6141,1496383,ILUS,Ilustrato Pictures International Inc.,Financial Services,Asset Management
6142,1947861,NMHI,Nature's Miracle Holding Inc.,Industrials,Specialty Industrial Machinery
6143,1419793,OCLN,"ORIGINCLEAR, INC.",Industrials,Waste Management
6144,1463978,BKUCF,BLUE SKY URANIUM CORP.,Energy,Uranium
6145,1026662,CLWT,EURO TECH HOLDINGS CO LTD,Industrials,Pollution & Treatment Controls
6146,1978811,GOVB,"Gouverneur Bancorp, Inc./MD/",Financial Services,Banks—Regional
6147,808326,EMKR,EMCORE CORP,Technology,Semiconductors
6148,1781397,EEIQ,EpicQuest Education Group International Ltd,Consumer Defensive,Education & Training Services
6149,1007019,JVA,COFFEE HOLDING CO INC,Consumer Defensive,Packaged Foods
6150,1670869,RMHB,"Rocky Mountain High Brands, Inc.",Consumer Defensive,Beverages—Non-Alcoholic
6151,1378866,GOGR,Go Green Global Technologies Corp.,Industrials,Pollution & Treatment Controls
6152,1009891,AIRI,AIR INDUSTRIES GROUP,Industrials,Aerospace & Defense
6153,1017655,PAYD,PAID INC,Technology,Software—Application
6154,1502292,CNFR,"Conifer Holdings, Inc.",Financial Services,Insurance—Property & Casualty
6155,1128281,SKAS,"Saker Aviation Services, Inc.",Industrials,Airports & Air Services
6156,1606698,ALPP,"ALPINE 4 HOLDINGS, INC.",Industrials,Conglomerates
6157,1675634,PIXY,"ShiftPixy, Inc.",Industrials,Staffing & Employment Services
6158,1713923,AIJTY,Jianpu Technology Inc.,Financial Services,Credit Services
6159,1331612,IMTH,"INNOVATIVE MEDTECH, INC.",Healthcare,Medical Instruments & Supplies
6160,1051514,SSKN,"STRATA Skin Sciences, Inc.",Healthcare,Medical Devices
6161,1136174,OTRK,"Ontrak, Inc.",Healthcare,Health Information Services
6162,1836242,TKLF,"Yoshitsu Co., Ltd",Consumer Cyclical,Specialty Retail
6163,1854275,ZCAR,"Zoomcar Holdings, Inc.",Industrials,Rental & Leasing Services
6164,1840563,ELAB,Elevai Labs Inc.,Healthcare,Biotechnology
6165,1684688,JUPGF,Jupiter Gold Corp,Basic Materials,Gold
6166,1497253,ONVO,"ORGANOVO HOLDINGS, INC.",Healthcare,Biotechnology
6167,1761696,CRKN,Crown Electrokinetics Corp.,Basic Materials,Specialty Chemicals
6168,1884072,JEWL,Adamas One Corp.,Consumer Cyclical,Luxury Goods
6169,32621,MSN,EMERSON RADIO CORP,Technology,Consumer Electronics
6170,1881472,MEGL,Magic Empire Global Ltd,Financial Services,Capital Markets
6171,1940941,MFI,mF International Ltd,Technology,Software—Application
6173,1893448,SGE,"Strong Global Entertainment, Inc.",Technology,Computer Hardware
6174,1877939,CTM,"Castellum, Inc.",Technology,Information Technology Services
6175,1415744,NMEX,NORTHERN MINERALS & EXPLORATION LTD.,Basic Materials,Other Precious Metals & Mining
6176,1643988,LPTV,"Loop Media, Inc.",Communication Services,Broadcasting
6178,1730869,EBZT,"Everything Blockchain, Inc.",Technology,Software—Application
6179,1759186,COEP,"Coeptis Therapeutics Holdings, Inc.",Healthcare,Biotechnology
6180,1089815,USNU,"U.S. NeuroSurgical Holdings, Inc.",Healthcare,Medical Care Facilities
6181,1583648,PIRS,"PIERIS PHARMACEUTICALS, INC.",Healthcare,Biotechnology
6182,1741489,ELVG,"Elvictor Group, Inc.",Industrials,Specialty Business Services
6183,1711012,AIHS,Senmiao Technology Ltd,Financial Services,Credit Services
6184,1565228,VISL,"Vislink Technologies, Inc.",Technology,Communication Equipment
6185,1640384,LMFA,"LM FUNDING AMERICA, INC.",Financial Services,Credit Services
6186,1946703,WBUY,WEBUY GLOBAL LTD,Consumer Cyclical,Internet Retail
6187,1765850,PWM,Prestige Wealth Inc.,Financial Services,Asset Management
6188,1567900,BLBX,BLACKBOXSTOCKS INC.,Technology,Software—Application
6189,1928340,GDHG,GOLDEN HEAVEN GROUP HOLDINGS LTD.,Consumer Cyclical,Leisure
6190,1617867,AMIX,"Autonomix Medical, Inc.",Healthcare,Medical Devices
6191,1856084,CJJD,"China Jo-Jo Drugstores, Inc.",Healthcare,Pharmaceutical Retailers
6192,1518461,AMPG,"AmpliTech Group, Inc.",Technology,Communication Equipment
6193,1785680,HYW,Hywin Holdings Ltd.,Financial Services,Asset Management
6194,1393781,QIND,Quality Industrial Corp.,Industrials,Specialty Industrial Machinery
6195,1879726,SIDU,Sidus Space Inc.,Industrials,Aerospace & Defense
6196,1750149,IKT,"Inhibikase Therapeutics, Inc.",Healthcare,Biotechnology
6197,1529113,XTIA,"XTI Aerospace, Inc.",Industrials,Aerospace & Defense
6198,1887673,WLDS,Wearable Devices Ltd.,Technology,Consumer Electronics
6199,896493,AULT,"Ault Alliance, Inc.",Industrials,Aerospace & Defense
6200,1938046,MGRX,"MANGOCEUTICALS, INC.",Healthcare,Health Information Services
6201,748592,ERNA,Eterna Therapeutics Inc.,Healthcare,Biotechnology
6202,914139,PRKR,PARKERVISION INC,Technology,Semiconductors
6203,1939965,BREA,Brera Holdings PLC,Communication Services,Entertainment
6204,1755058,ATIF,ATIF Holdings Ltd,Financial Services,Capital Markets
6205,1066923,FTFT,Future FinTech Group Inc.,Technology,Software—Application
6206,1848898,AAGR,African Agriculture Holdings Inc.,Consumer Defensive,Farm Products
6207,1261249,AGRX,AGILE THERAPEUTICS INC,Healthcare,Drug Manufacturers—Specialty & Generic
6208,1880343,VINE,"Fresh Vine Wine, Inc.",Consumer Defensive,Beverages—Wineries & Distilleries
6209,1834045,VWE,"Vintage Wine Estates, Inc.",Consumer Defensive,Beverages—Wineries & Distilleries
6210,1452583,CBMJ,"CONSERVATIVE BROADCAST MEDIA & PUBLISHING, INC.",Industrials,Specialty Business Services
6211,1138978,NVOS,"Novo Integrated Sciences, Inc.",Healthcare,Medical Care Facilities
6212,1391135,LIFD,LFTD PARTNERS INC.,Healthcare,Drug Manufacturers—Specialty & Generic
6213,1107421,TCRT,"Alaunos Therapeutics, Inc.",Healthcare,Biotechnology
6214,1333822,LEDS,SemiLEDs Corp,Technology,Semiconductors
6215,1828098,STKH,Steakholder Foods Ltd.,Consumer Defensive,Packaged Foods
6216,1816815,BON,Bon Natural Life Ltd,Consumer Defensive,Packaged Foods
6217,66496,MMTRS,MILLS MUSIC TRUST,Industrials,Specialty Business Services
6218,1493137,LCTC,"Lifeloc Technologies, Inc",Technology,Scientific & Technical Instruments
6219,1747661,ADD,"Color Star Technology Co., Ltd.",Communication Services,Entertainment
6220,1817004,EZFL,EzFill Holdings Inc,Technology,Software—Application
6221,866439,DPLS,"DarkPulse, Inc.",Technology,Scientific & Technical Instruments
6222,1350102,ASTI,"Ascent Solar Technologies, Inc.",Technology,Solar
6223,1424864,RYES,Rise Gold Corp.,Basic Materials,Gold
6224,1978527,GVH,Globavend Holdings Ltd,Industrials,Integrated Freight & Logistics
6225,1191070,BNOX,BIONOMICS LIMITED/FI,Healthcare,Biotechnology
6226,1133519,MCUJF,MEDICURE INC,Healthcare,Drug Manufacturers—Specialty & Generic
6227,1855485,CLDI,"Calidi Biotherapeutics, Inc.",Healthcare,Biotechnology
6228,29332,DXYN,DIXIE GROUP INC,Consumer Cyclical,Textile Manufacturing
6229,1744494,ADN,"ADVENT TECHNOLOGIES HOLDINGS, INC.",Utilities,Utilities—Renewable
6230,1411057,CBIH,"Cannabis Bioscience International Holdings, Inc.",Healthcare,Drug Manufacturers—Specialty & Generic
6231,1593549,NUGN,"Livento Group, Inc.",Technology,Software—Application
6232,812796,SNGX,"SOLIGENIX, INC.",Healthcare,Biotechnology
6233,1906133,ICCT,iCoreConnect Inc.,Healthcare,Health Information Services
6234,709005,NROM,NOBLE ROMANS INC,Consumer Cyclical,Restaurants
6235,1805526,JNVR,Janover Inc.,Technology,Software—Infrastructure
6236,1173313,ABVC,"ABVC BIOPHARMA, INC.",Healthcare,Biotechnology
6237,1099369,DSNY,DESTINY MEDIA TECHNOLOGIES INC,Technology,Software—Application
6238,1808377,LUCY,Innovative Eyewear Inc,Healthcare,Medical Instruments & Supplies
6239,1864943,FGI,FGI Industries Ltd.,Consumer Cyclical,"Furnishings, Fixtures & Appliances"
6240,1026785,HIHO,HIGHWAY HOLDINGS LTD,Industrials,Metal Fabrication
6241,1574232,ADXN,Addex Therapeutics Ltd.,Healthcare,Biotechnology
6242,1902794,MGOL,MGO Global Inc.,Communication Services,Advertising Agencies
6243,1467761,MINM,"MINIM, INC.",Technology,Communication Equipment
6244,1546383,JXJT,JX Luxventure Ltd,Consumer Cyclical,Apparel Manufacturing
6245,1481504,XERI,"XERIANT, INC.",Industrials,Aerospace & Defense
6246,1130598,TRAW,"Traws Pharma, Inc.",Healthcare,Biotechnology
6247,1790320,MSTH,Mystic Holdings Inc./NV,Healthcare,Drug Manufacturers—Specialty & Generic
6248,1402945,RXMD,Progressive Care Inc.,Healthcare,Pharmaceutical Retailers
6249,1568969,APYP,"APPYEA, INC",Technology,Software—Application
6250,1807893,SPFX,"STANDARD PREMIUM FINANCE HOLDINGS, INC.",Financial Services,Credit Services
6251,1814963,ILAG,Intelligent Living Application Group Inc.,Industrials,Building Products & Equipment
6252,1524872,TNRG,Thunder Energies Corp,Financial Services,Asset Management
6253,1775194,UPXI,"UPEXI, INC.",Communication Services,Internet Content & Information
6254,1892274,GV,Visionary Holdings Inc.,Consumer Defensive,Education & Training Services
6255,1376231,VPRB,"VPR Brands, LP.",Consumer Defensive,Tobacco
6256,1817760,SMTK,"SmartKem, Inc.",Technology,Semiconductor Equipment & Materials
6257,1378590,BLIN,"Bridgeline Digital, Inc.",Technology,Software—Infrastructure
6258,105744,GBR,"New Concept Energy, Inc.",Real Estate,Real Estate Services
6259,1538217,SRAX,"SRAX, Inc.",Communication Services,Advertising Agencies
6260,1874252,MYNZ,MAINZ BIOMED N.V.,Healthcare,Diagnostics & Research
6261,924396,OLKR,"OpenLocker Holdings, Inc.",Financial Services,Capital Markets
6262,319458,ENSV,Enservco Corp,Energy,Oil & Gas Equipment & Services
6263,1183765,MTEM,"Molecular Templates, Inc.",Healthcare,Biotechnology
6264,1899658,WLGS,"WANG & LEE GROUP, Inc.",Industrials,Engineering & Construction
6265,721693,CREG,Smart Powerr Corp.,Utilities,Utilities—Renewable
6266,1716770,WAFU,Wah Fu Education Group Ltd,Consumer Defensive,Education & Training Services
6267,1445283,KA,"KINETA, INC./DE",Healthcare,Biotechnology
6269,1506983,GCTK,"GlucoTrack, Inc.",Healthcare,Medical Instruments & Supplies
6270,1930021,HOVR,New Horizon Aircraft Ltd.,Industrials,Aerospace & Defense
6271,764897,BRST,"Broad Street Realty, Inc.",Real Estate,Real Estate Services
6272,1894693,SVRE,SaverOne 2014 Ltd.,Technology,Scientific & Technical Instruments
6273,1718224,BTBD,"BT Brands, Inc.",Consumer Cyclical,Restaurants
6274,1527541,WHLR,"Wheeler Real Estate Investment Trust, Inc.",Real Estate,REIT—Retail
6275,1406944,TRBMF,TORQ RESOURCES INC.,Basic Materials,Other Industrial Metals & Mining
6276,1922335,SYRA,Syra Health Corp,Healthcare,Medical Care Facilities
6277,1781162,MNTS,Momentus Inc.,Industrials,Aerospace & Defense
6278,1465470,SHMP,NaturalShrimp Inc,Consumer Defensive,Farm Products
6280,944075,SCKT,"SOCKET MOBILE, INC.",Technology,Computer Hardware
6281,1487798,ECTM,ECA Marcellus Trust I,Energy,Oil & Gas Integrated
6282,1480313,SMREF,SUN SUMMIT MINERALS CORP.,Basic Materials,Other Industrial Metals & Mining
6283,1605057,VMNT,"Vemanti Group, Inc.",Technology,Communication Equipment
6284,1904286,MIRA,"MIRA PHARMACEUTICALS, INC.",Healthcare,Drug Manufacturers—General
6285,1061069,AWX,AVALON HOLDINGS CORP,Industrials,Waste Management
6286,1813914,CMAX,"CareMax, Inc.",Healthcare,Health Information Services
6287,1533030,CRYM,"Cryomass Technologies, Inc.",Healthcare,Drug Manufacturers—Specialty & Generic
6288,1085921,MMTIF,MICROMEM TECHNOLOGIES INC,Technology,Semiconductors
6289,1138867,EESH,"EESTech, Inc.",Industrials,Pollution & Treatment Controls
6290,1095981,PSTV,"PLUS THERAPEUTICS, INC.",Healthcare,Biotechnology
6291,1783036,NLSP,NLS Pharmaceutics Ltd.,Healthcare,Biotechnology
6292,894501,GRHI,"GOLD ROCK HOLDINGS, INC.",Industrials,Engineering & Construction
6294,1481585,GXXY,"Galexxy Holdings, Inc.",Healthcare,Drug Manufacturers—Specialty & Generic
6295,1510964,CVSI,"CV Sciences, Inc.",Healthcare,Drug Manufacturers—Specialty & Generic
6296,1737523,BGLC,BioNexus Gene Lab Corp,Basic Materials,Specialty Chemicals
6297,875355,LDWY,"LENDWAY, INC.",Communication Services,Advertising Agencies
6298,1068897,FXBY,FOXBY CORP.,Financial Services,Asset Management
6299,1016178,CARV,CARVER BANCORP INC,Financial Services,Banks—Regional
6300,1393772,BUDZ,"WEED, INC.",Healthcare,Drug Manufacturers—Specialty & Generic
6301,1622345,POLA,"Polar Power, Inc.",Industrials,Electrical Equipment & Parts
6302,1716166,VVOS,"Vivos Therapeutics, Inc.",Healthcare,Medical Devices
6303,1512922,PETV,"PetVivo Holdings, Inc.",Healthcare,Medical Devices
6304,1786511,FRES,Fresh2 Group Ltd,Healthcare,Biotechnology
6306,1022505,SDCH,"SideChannel, Inc.",Technology,Software—Infrastructure
6309,62362,MARPS,MARINE PETROLEUM TRUST,Energy,Oil & Gas Midstream
6310,1713539,KXIN,Kaixin Holdings,Consumer Cyclical,Auto & Truck Dealerships
6311,1916241,PRZO,ParaZero Technologies Ltd.,Industrials,Aerospace & Defense
6313,1141284,ASNS,ACTELIS NETWORKS INC,Technology,Communication Equipment
6314,1652539,SNRG,SusGlobal Energy Corp.,Industrials,Waste Management
6315,7623,ARTW,ARTS WAY MANUFACTURING CO INC,Industrials,Farm & Heavy Construction Machinery
6316,1659617,MBRX,"Moleculin Biotech, Inc.",Healthcare,Biotechnology
6317,1681348,VVPR,VivoPower International PLC,Technology,Solar
6318,1397183,IVDA,"Iveda Solutions, Inc.",Industrials,Security & Protection Services
6319,1574235,PULM,"Pulmatrix, Inc.",Healthcare,Biotechnology
6320,923601,MICS,SINGING MACHINE CO INC,Technology,Consumer Electronics
6321,1905688,AAUGF,AERO ENERGY Ltd,Basic Materials,Gold
6322,1643918,BDRX,Biodexa Pharmaceuticals Plc,Healthcare,Biotechnology
6323,1080657,SQFT,"Presidio Property Trust, Inc.",Real Estate,REIT—Diversified
6324,1109486,EDXC,Endexx Corp,Healthcare,Drug Manufacturers—Specialty & Generic
6325,724742,TPHS,Trinity Place Holdings Inc.,Real Estate,Real Estate—Development
6326,1275477,BMNM,"BIMINI CAPITAL MANAGEMENT, INC.",Financial Services,Asset Management
6328,1613895,BMXC,"Bemax, Inc.",Consumer Defensive,Household & Personal Products
6329,1624326,PAVM,PAVmed Inc.,Healthcare,Medical Devices
6330,1951067,CISS,C3is Inc.,Industrials,Marine Shipping
6331,1844392,MRAI,"Marpai, Inc.",Healthcare,Healthcare Plans
6332,1934245,SPGC,"Sacks Parente Golf, Inc.",Consumer Cyclical,Leisure
6333,1821175,MSGM,Motorsport Games Inc.,Communication Services,Electronic Gaming & Multimedia
6334,793628,CHNR,CHINA NATURAL RESOURCES INC,Industrials,Pollution & Treatment Controls
6335,876235,EGYF,ENERGY FINDERS INC,Energy,Oil & Gas E&P
6336,1935688,LEBGF,Legible Inc.,Communication Services,Publishing
6337,1519457,NMREF,Namibia Critical Metals Inc.,Basic Materials,Other Industrial Metals & Mining
6338,1289850,NURO,"NeuroMetrix, Inc.",Healthcare,Medical Devices
6339,895665,CLRD,"Clearday, Inc.",Healthcare,Medical Care Facilities
6340,1630176,HYEX,HEALTHY EXTRACTS INC.,Healthcare,Drug Manufacturers—Specialty & Generic
6341,1937993,CVKD,"Cadrenal Therapeutics, Inc.",Healthcare,Biotechnology
6342,1621672,SLE,"Super League Enterprise, Inc.",Communication Services,Internet Content & Information
6343,1563577,GRTX,"Galera Therapeutics, Inc.",Healthcare,Biotechnology
6344,1122993,BMXI,BROOKMOUNT EXPLORATIONS INC,Basic Materials,Gold
6345,1006028,PURE,"PURE BIOSCIENCE, INC.",Consumer Defensive,Household & Personal Products
6346,924168,EFOI,"ENERGY FOCUS, INC/DE",Consumer Cyclical,"Furnishings, Fixtures & Appliances"
6347,1945240,ROMA,Roma Green Finance Ltd,Industrials,Consulting Services
6348,73290,BMRA,BIOMERICA INC,Healthcare,Medical Devices
6349,1818844,VIRI,"Virios Therapeutics, Inc.",Healthcare,Biotechnology
6350,1043961,PRPO,"Precipio, Inc.",Healthcare,Diagnostics & Research
6351,933738,ENG,ENGLOBAL CORP,Industrials,Engineering & Construction
6352,1597846,GRNQ,Greenpro Capital Corp.,Industrials,Consulting Services
6353,1413754,MRZM,"MARIZYME, INC.",Healthcare,Biotechnology
6354,1098146,PNBK,PATRIOT NATIONAL BANCORP INC,Financial Services,Banks—Regional
6355,1096768,NUGL,"NUGL, INC.",Communication Services,Internet Content & Information
6356,1410428,XWEL,"XWELL, Inc.",Healthcare,Diagnostics & Research
6357,1279620,ZDPY,"Zoned Properties, Inc.",Real Estate,Real Estate Services
6358,1894954,XPON,Expion360 Inc.,Industrials,Electrical Equipment & Parts
6359,1389002,MRIN,MARIN SOFTWARE INC,Technology,Software—Application
6360,1761510,TLLTF,TILT Holdings Inc.,Healthcare,Drug Manufacturers—Specialty & Generic
6362,1905660,HUBC,Hub Cyber Security Ltd.,Technology,Software—Infrastructure
6363,1948697,SPPL,SIMPPLE LTD.,Technology,Software—Application
6364,1854583,CAUD,"Collective Audience, Inc.",Technology,Software—Application
6365,96885,TIKK,TEL INSTRUMENT ELECTRONICS CORP,Industrials,Aerospace & Defense
6366,1807166,AMST,Amesite Inc.,Technology,Software—Application
6367,1386044,FHLD,"Freedom Holdings, Inc.",Communication Services,Broadcasting
6368,1709626,NCNA,NuCana plc,Healthcare,Biotechnology
6369,1691936,SNAX,"STRYVE FOODS, INC.",Consumer Defensive,Packaged Foods
6370,1304409,AHNR,ATHENA GOLD CORP,Basic Materials,Other Precious Metals & Mining
6371,1815632,TGCB,"Tego Cyber, Inc.",Technology,Software—Infrastructure
6372,1402328,SBFM,"Sunshine Biopharma, Inc",Healthcare,Drug Manufacturers—Specialty & Generic
6373,1770141,UPHL,"UpHealth, Inc.",Healthcare,Health Information Services
6374,1477009,CANN,TREES Corp (Colorado),Healthcare,Drug Manufacturers—Specialty & Generic
6375,1777319,CISO,"CISO Global, Inc.",Technology,Software—Infrastructure
6377,1944399,ELWS,"Earlyworks Co., Ltd.",Technology,Software—Application
6378,1584693,HITC,Healthcare Integrated Technologies Inc.,Healthcare,Health Information Services
6379,1850079,TBIO,Telesis Bio Inc.,Healthcare,Medical Devices
6380,1319150,PBMLF,Pacific Booker Minerals Inc.,Basic Materials,Other Industrial Metals & Mining
6381,1603978,AQB,AQUABOUNTY TECHNOLOGIES INC,Consumer Defensive,Farm Products
6383,1862068,RBTC,"Rubicon Technologies, Inc.",Technology,Software—Application
6384,924515,GTHP,GUIDED THERAPEUTICS INC,Healthcare,Medical Devices
6385,832489,GOVX,"GeoVax Labs, Inc.",Healthcare,Biotechnology
6386,1508786,SLTN,"SILVERTON ENERGY, INC.",Financial Services,Shell Companies
6387,1770236,MITQ,MOVING iMAGE TECHNOLOGIES INC.,Technology,Communication Equipment
6388,1751876,PAVS,Paranovus Entertainment Technology Ltd.,Consumer Defensive,Packaged Foods
6389,1959023,SGD,Safe & Green Development Corp,Real Estate,Real Estate—Development
6390,1575793,WATT,Energous Corp,Technology,Scientific & Technical Instruments
6391,1387473,TIGCF,Triumph Gold Corp.,Basic Materials,Other Industrial Metals & Mining
6392,1757499,SHPH,"Shuttle Pharmaceuticals Holdings, Inc.",Healthcare,Drug Manufacturers—Specialty & Generic
6393,1888151,BCAN,BYND CANNASOFT ENTERPRISES INC.,Technology,Software—Application
6394,1658521,MTPP,"MOUNTAIN TOP PROPERTIES, INC.",Real Estate,Real Estate—Development
6395,1900564,WRNT,WARRANTEE INC.,Technology,Software—Application
6396,1414382,CLEV,Concrete Leveling Systems Inc,Industrials,Farm & Heavy Construction Machinery
6397,1627480,PVNNF,"PV Nano Cell, Ltd.",Basic Materials,Specialty Chemicals
6398,1534525,XBIO,"Xenetic Biosciences, Inc.",Healthcare,Biotechnology
6399,1140215,REED,"REED'S, INC.",Consumer Defensive,Beverages—Non-Alcoholic
6400,1497230,SMCE,"SMC Entertainment, Inc.",Technology,Software—Application
6401,1687277,RETO,"ReTo Eco-Solutions, Inc.",Basic Materials,Building Materials
6402,1558924,PKKFF,Tenet Fintech Group Inc.,Technology,Software—Infrastructure
6403,1342958,DGLY,"DIGITAL ALLY, INC.",Communication Services,Internet Content & Information
6404,1346346,CMOT,"Curtiss Motorcycle Company, Inc.",Consumer Cyclical,Recreational Vehicles
6405,1930419,ALRTF,ALR Technologies SG Ltd.,Healthcare,Medical Devices
6406,1016504,INBP,INTEGRATED BIOPHARMA INC,Consumer Defensive,Packaged Foods
6407,1123596,BABB,"BAB, INC.",Consumer Defensive,Packaged Foods
6408,1782037,YGMZ,MingZhu Logistics Holdings Ltd,Industrials,Trucking
6410,1375195,CRTG,CORETEC GROUP INC.,Technology,Computer Hardware
6411,1919246,CHRO,Chromocell Therapeutics Corp,Healthcare,Biotechnology
6412,1780785,CNEY,CN ENERGY GROUP. INC.,Basic Materials,Specialty Chemicals
6413,1771885,HUGE,FSD Pharma Inc.,Healthcare,Drug Manufacturers—Specialty & Generic
6414,1511820,STEK,Stemtech Corp,Healthcare,Drug Manufacturers—Specialty & Generic
6415,34956,TENX,"TENAX THERAPEUTICS, INC.",Healthcare,Biotechnology
6416,1733413,TFFP,"TFF Pharmaceuticals, Inc.",Healthcare,Biotechnology
6417,1321517,SRNW,Stratos Renewables Corp,Financial Services,Shell Companies
6418,1025771,WHLT,CHASE PACKAGING CORP,Financial Services,Shell Companies
6419,1543637,NUMD,"Nu-Med Plus, Inc.",Healthcare,Medical Devices
6420,758743,VIDE,VIDEO DISPLAY CORP,Technology,Computer Hardware
6421,1801602,SBIG,"SpringBig Holdings, Inc.",Technology,Software—Application
6422,1681682,NDRA,ENDRA Life Sciences Inc.,Healthcare,Diagnostics & Research
6423,1458057,ORMNF,OREX MINERALS INC,Basic Materials,Other Industrial Metals & Mining
6424,1722926,ASLN,ASLAN Pharmaceuticals Ltd,Healthcare,Biotechnology
6425,109657,GTBP,"GT Biopharma, Inc.",Healthcare,Biotechnology
6426,1011509,AUMN,Golden Minerals Co,Basic Materials,Other Precious Metals & Mining
6427,1762239,KAVL,"Kaival Brands Innovations Group, Inc.",Consumer Defensive,Tobacco
6428,1874907,DEFG,Grayscale Decentralized Finance (DeFi) Fund LLC,Financial Services,Asset Management
6429,1061612,JPOTF,Jackpot Digital Inc.,Consumer Cyclical,Gambling
6430,1651958,EOSS,EOS INC.,Consumer Defensive,Food Distribution
6431,926423,MIND,"MIND TECHNOLOGY, INC",Technology,Scientific & Technical Instruments
6432,1829635,RNAZ,"Transcode Therapeutics, Inc.",Healthcare,Biotechnology
6434,1556801,MYCB,"My City Builders, Inc.",Real Estate,Real Estate—Development
6435,1887603,HCNWF,Hypercharge Networks Corp.,Consumer Cyclical,Auto Parts
6436,1901305,FRZA,"Forza X1, Inc.",Consumer Cyclical,Recreational Vehicles
6438,1075880,KZIA,KAZIA THERAPEUTICS LTD,Healthcare,Biotechnology
6439,1841330,KTTA,Pasithea Therapeutics Corp.,Healthcare,Biotechnology
6440,1430306,TNXP,Tonix Pharmaceuticals Holding Corp.,Healthcare,Biotechnology
6441,1776067,OCG,Oriental Culture Holding LTD,Consumer Cyclical,Internet Retail
6442,1530766,BSGM,"BioSig Technologies, Inc.",Healthcare,Medical Devices
6443,1174940,OGEN,ORAGENICS INC,Healthcare,Biotechnology
6444,1813783,VMAR,Vision Marine Technologies Inc.,Consumer Cyclical,Recreational Vehicles
6445,1583771,HEPA,"Hepion Pharmaceuticals, Inc.",Healthcare,Biotechnology
6446,1522222,CLSH,"CLS Holdings USA, Inc.",Healthcare,Drug Manufacturers—Specialty & Generic
6447,1588084,TANH,TANTECH HOLDINGS LTD,Consumer Defensive,Household & Personal Products
6448,1953588,PAANF,Pan American Energy Corp. (Canada),Basic Materials,Other Industrial Metals & Mining
6449,1546296,IPDN,"Professional Diversity Network, Inc.",Industrials,Staffing & Employment Services
6450,882291,AEMD,AETHLON MEDICAL INC,Healthcare,Medical Devices
6451,1462223,RCRT,"Recruiter.com Group, Inc.",Industrials,Staffing & Employment Services
6452,1861522,PIK,KIDPIK CORP.,Consumer Cyclical,Internet Retail
6453,1679817,OZSC,"OZOP ENERGY SOLUTIONS, INC.",Industrials,Electrical Equipment & Parts
6454,1571934,SNPX,"Synaptogenix, Inc.",Healthcare,Biotechnology
6455,1755237,CYCN,"Cyclerion Therapeutics, Inc.",Healthcare,Biotechnology
6456,1624512,BOXL,Boxlight Corp,Technology,Communication Equipment
6457,1559998,VINO,"Gaucho Group Holdings, Inc.",Real Estate,Real Estate—Diversified
6458,1898643,MOB,Mobilicom Ltd,Technology,Communication Equipment
6459,1898604,YOSH,Yoshiharu Global Co.,Consumer Cyclical,Restaurants
6460,1367083,SNOA,"Sonoma Pharmaceuticals, Inc.",Healthcare,Drug Manufacturers—Specialty & Generic
6461,1825452,ONFO,"Onfolio Holdings, Inc",Communication Services,Internet Content & Information
6462,1161814,KIQSF,KELSO TECHNOLOGIES INC,Industrials,Railroads
6463,1725430,INBS,INTELLIGENT BIO SOLUTIONS INC.,Healthcare,Medical Devices
6464,1335112,LGIQ,"LOGIQ, INC.",Technology,Software—Application
6465,1368365,MARK,"REMARK HOLDINGS, INC.",Technology,Software—Infrastructure
6466,1796514,BTCT,BTC Digital Ltd.,Technology,Computer Hardware
6468,1374567,LUVU,"Luvu Brands, Inc.",Consumer Cyclical,"Furnishings, Fixtures & Appliances"
6469,96793,SSY,SUNLINK HEALTH SYSTEMS INC,Healthcare,Pharmaceutical Retailers
6470,1190370,IVDN,INNOVATIVE DESIGNS INC,Consumer Cyclical,Apparel Retail
6471,1409036,TARSF,Silver North Resources Ltd.,Basic Materials,Other Precious Metals & Mining
6472,1015155,CTHR,CHARLES & COLVARD LTD,Consumer Cyclical,Luxury Goods
6473,1347858,XXII,"22nd Century Group, Inc.",Consumer Defensive,Tobacco
6474,925741,BCDA,"BioCardia, Inc.",Healthcare,Biotechnology
6475,1923780,NCL,Northann Corp.,Consumer Cyclical,"Furnishings, Fixtures & Appliances"
6476,1630212,ALBT,Avalon GloboCare Corp.,Real Estate,Real Estate Services
6477,1014763,AIMD,"Ainos, Inc.",Healthcare,Medical Devices
6478,1871181,QLIS,"Qualis Innovations, Inc.",Healthcare,Medical Devices
6479,736012,INTZ,INTRUSION INC,Technology,Software—Infrastructure
6480,1874097,CYN,Cyngn Inc.,Technology,Software—Application
6481,1638911,USDR,UAS Drone Corp.,Industrials,Aerospace & Defense
6482,1555074,AAMC,Altisource Asset Management Corp,Financial Services,Mortgage Finance
6483,1810467,SNTG,Sentage Holdings Inc.,Financial Services,Credit Services
6484,1636051,FUST,FUSE GROUP HOLDING INC.,Basic Materials,Other Industrial Metals & Mining
6485,1785592,LFLY,"Leafly Holdings, Inc. /DE",Healthcare,Pharmaceutical Retailers
6486,1443863,BICX,BioCorRx Inc.,Healthcare,Medical Care Facilities
6487,1408146,SCYYF,SCANDIUM INTERNATIONAL MINING CORP.,Basic Materials,Other Industrial Metals & Mining
6488,1335105,LIXT,"LIXTE BIOTECHNOLOGY HOLDINGS, INC.",Healthcare,Biotechnology
6489,1166272,GENE,GENETIC TECHNOLOGIES LTD,Healthcare,Diagnostics & Research
6490,1951294,VSME,VS MEDIA Holdings Ltd,Communication Services,Advertising Agencies
6492,1782941,TIRX,TIAN RUIXIANG HOLDINGS LTD,Financial Services,Insurance Brokers
6493,1892500,CMND,Clearmind Medicine Inc.,Healthcare,Biotechnology
6494,1376321,CNET,ZW Data Action Technologies Inc.,Communication Services,Advertising Agencies
6495,1314196,OLB,"OLB GROUP, INC.",Technology,Software—Infrastructure
6496,1121795,GHST,GHST World Inc.,Consumer Cyclical,Specialty Retail
6497,1576197,SENR,"Strategic Environmental & Energy Resources, Inc.",Industrials,Waste Management
6498,1860657,ALLR,"Allarity Therapeutics, Inc.",Healthcare,Biotechnology
6499,1291855,SPCB,SuperCom Ltd,Industrials,Security & Protection Services
6500,1497649,GSTX,Graphene & Solar Technologies Ltd,Technology,Semiconductor Equipment & Materials
6501,1938865,TCJH,Top KingWin Ltd,Financial Services,Capital Markets
6504,1803407,OST,"Ostin Technology Group Co., Ltd.",Technology,Electronic Components
6505,1265521,TRFE,Trustfeed Corp.,Communication Services,Internet Content & Information
6506,1737995,STSS,Sharps Technology Inc.,Healthcare,Medical Instruments & Supplies
6507,1746278,GOLQ,"GoLogiq, Inc.",Technology,Software—Application
6508,1603207,NTBL,"Notable Labs, Ltd.",Healthcare,Biotechnology
6509,1407973,SONX,"Sonendo, Inc.",Healthcare,Medical Devices
6510,1031093,SVBL,"SILVER BULL RESOURCES, INC.",Basic Materials,Other Industrial Metals & Mining
6511,1792030,IMCC,IM Cannabis Corp.,Healthcare,Drug Manufacturers—Specialty & Generic
6512,1520118,INTV,"INTEGRATED VENTURES, INC.",Technology,Software—Application
6513,1711786,HOTH,"Hoth Therapeutics, Inc.",Healthcare,Biotechnology
6514,746210,OBLG,"Oblong, Inc.",Technology,Software—Application
6515,1450894,IAALF,IBC Advanced Alloys Corp.,Industrials,Metal Fabrication
6517,1559356,BTAX,Biostax Corp.,Healthcare,Biotechnology
6518,1723580,BFI,"BurgerFi International, Inc.",Consumer Cyclical,Restaurants
6519,1826397,AGRI,AGRIFORCE GROWING SYSTEMS LTD.,Consumer Defensive,Farm Products
6520,797564,HSTC,"HST Global, Inc.",Healthcare,Biotechnology
6521,1857910,DRFS,"Japan Food Tech Holdings, Inc.",Industrials,Pollution & Treatment Controls
6522,8504,UAVS,AgEagle Aerial Systems Inc.,Technology,Computer Hardware
6523,1940674,SMX,SMX (Security Matters) Public Ltd Co,Industrials,Specialty Business Services
6524,1729214,XRTX,XORTX Therapeutics Inc.,Healthcare,Biotechnology
6525,1650101,ATXG,ADDENTAX GROUP CORP.,Industrials,Integrated Freight & Logistics
6526,1427570,RSLS,ReShape Lifesciences Inc.,Healthcare,Medical Devices
6527,1709542,XESP,"Electronic Servitor Publication Network, Inc.",Communication Services,Internet Content & Information
6528,1403870,GARWF,Golden Arrow Resources Corp,Basic Materials,Other Industrial Metals & Mining
6529,1384939,BNCM,"BOUNCE MOBILE SYSTEMS, INC.",Financial Services,Asset Management
6530,1920406,ASST,Asset Entities Inc.,Communication Services,Internet Content & Information
6531,1938109,PAPL,Pineapple Financial Inc.,Financial Services,Mortgage Finance
6532,854800,TIOG,"Tingo Group, Inc.",Technology,Software—Application
6533,844887,DHCC,DIAMONDHEAD CASINO CORP,Financial Services,Shell Companies
6534,1398713,NVDEF,NEVADA EXPLORATION INC,Basic Materials,Gold
6535,1054102,IDXG,"INTERPACE BIOSCIENCES, INC.",Healthcare,Diagnostics & Research
6536,1362516,CLRI,"Cleartronic, Inc.",Technology,Software—Application
6537,912607,MACE,MACE SECURITY INTERNATIONAL INC,Industrials,Security & Protection Services
6538,1403708,EVOK,Evoke Pharma Inc,Healthcare,Drug Manufacturers—Specialty & Generic
6539,1513525,ADIL,"ADIAL PHARMACEUTICALS, INC.",Healthcare,Biotechnology
6540,1855509,VEEE,"Twin Vee PowerCats, Co.",Consumer Cyclical,Recreational Vehicles
6541,1885336,FOMI,"FORMATION MINERALS, INC.",Healthcare,Medical Devices
6542,1657214,ILAL,International Land Alliance Inc.,Real Estate,Real Estate—Development
6543,1585380,INKW,"Greene Concepts, Inc",Consumer Defensive,Beverages—Non-Alcoholic
6544,1800637,AGFY,Agrify Corp,Industrials,Farm & Heavy Construction Machinery
6545,1187953,CELZ,"CREATIVE MEDICAL TECHNOLOGY HOLDINGS, INC.",Healthcare,Biotechnology
6546,910267,TTNP,TITAN PHARMACEUTICALS INC,Healthcare,Biotechnology
6547,1763660,SEAV,SEATech Ventures Corp.,Technology,Information Technology Services
6548,1827401,DRUG,BRIGHT MINDS BIOSCIENCES INC.,Healthcare,Biotechnology
6549,1807389,CPOP,"Pop Culture Group Co., Ltd",Communication Services,Entertainment
6550,1537561,ARTH,"Arch Therapeutics, Inc.",Healthcare,Biotechnology
6551,1533743,PCSA,"Processa Pharmaceuticals, Inc.",Healthcare,Biotechnology
6552,1948884,GPAK,Gamer Pakistan Inc,Industrials,Specialty Business Services
6553,1482541,CEAD,CEA Industries Inc.,Industrials,Farm & Heavy Construction Machinery
6554,1106838,SONN,"Sonnet BioTherapeutics Holdings, Inc.",Healthcare,Biotechnology
6555,1722969,NXU,"Nxu, Inc.",Industrials,Electrical Equipment & Parts
6556,1781193,QH,QUHUO Ltd,Technology,Software—Application
6557,1687542,FRGT,"Freight Technologies, Inc.",Technology,Software—Application
6558,1421981,PTOP,Peer To Peer Network,Technology,Software—Application
6559,1718939,IDAI,T Stamp Inc,Technology,Software—Application
6560,894158,TOVX,"Theriva Biologics, Inc.",Healthcare,Biotechnology
6561,1107280,OVTZ,OCULUS VISIONTECH INC.,Technology,Software—Infrastructure
6562,1858685,BFRI,Biofrontera Inc.,Healthcare,Drug Manufacturers—Specialty & Generic
6563,1813603,HSTA,Hestia Insight Inc.,Technology,Software—Application
6564,1905511,JCSE,JE Cleantech Holdings Ltd,Industrials,Specialty Industrial Machinery
6565,930775,ECIA,ENCISION INC,Healthcare,Medical Instruments & Supplies
6566,1086745,AYRO,"AYRO, Inc.",Consumer Cyclical,Auto Manufacturers
6567,830656,PBIO,PRESSURE BIOSCIENCES INC,Healthcare,Medical Devices
6568,1814067,LXEH,Lixiang Education Holding Co. Ltd.,Consumer Defensive,Education & Training Services
6569,1891791,TGGI,"TRANS GLOBAL GROUP, INC.",Financial Services,Shell Companies
6570,932021,GTLL,GLOBAL TECHNOLOGIES LTD,Industrials,Conglomerates
6571,822370,EMMA,"Emmaus Life Sciences, Inc.",Healthcare,Biotechnology
6572,1321834,MYMD,"MyMD Pharmaceuticals, Inc.",Healthcare,Biotechnology
6573,1677522,BKTPF,CRUZ BATTERY METALS CORP.,Basic Materials,Other Industrial Metals & Mining
6574,1701963,VS,Versus Systems Inc.,Technology,Software—Application
6575,1425627,SOBR,"SOBR Safe, Inc.",Technology,Scientific & Technical Instruments
6576,1119190,HMBL,"HUMBL, INC.",Technology,Software—Application
6577,1673475,GPOX,"GPO Plus, Inc.",Industrials,Specialty Business Services
6578,1888014,AKAN,AKANDA CORP.,Healthcare,Drug Manufacturers—Specialty & Generic
6579,1962481,BOF,BranchOut Food Inc.,Consumer Defensive,Packaged Foods
6580,1357459,PALI,"PALISADE BIO, INC.",Healthcare,Biotechnology
6581,1870404,CERO,"CERO THERAPEUTICS HOLDINGS, INC.",Healthcare,Biotechnology
6582,1469443,RKDA,"Arcadia Biosciences, Inc.",Consumer Defensive,Packaged Foods
6583,1473334,NVFY,"Nova Lifestyle, Inc.",Consumer Cyclical,"Furnishings, Fixtures & Appliances"
6584,1872812,TCBP,TC BioPharm (Holdings) plc,Healthcare,Biotechnology
6585,1499494,DXF,Dunxin Financial Holdings Ltd,Financial Services,Credit Services
6586,1805594,JWEL,Jowell Global Ltd.,Consumer Cyclical,Internet Retail
6587,1500620,BGAVF,Bravada Gold Corp,Basic Materials,Other Industrial Metals & Mining
6588,1806904,EZGO,EZGO Technologies Ltd.,Consumer Cyclical,Recreational Vehicles
6589,1103090,RSCF,"REFLECT SCIENTIFIC, INC.",Healthcare,Medical Instruments & Supplies
6590,1715611,BMMJ,BODY & MIND INC.,Healthcare,Drug Manufacturers—Specialty & Generic
6591,849401,ADMT,"ADM TRONICS UNLIMITED, INC.",Healthcare,Medical Devices
6592,1128189,PKTX,"ProtoKinetix, Inc.",Healthcare,Biotechnology
6593,1621221,ARTL,"ARTELO BIOSCIENCES, INC.",Healthcare,Biotechnology
6594,1815128,STTDF,Standard Uranium Ltd.,Energy,Uranium
6595,1415332,LTUM,Lithium Corp,Basic Materials,Other Industrial Metals & Mining
6596,1446159,POAI,Predictive Oncology Inc.,Healthcare,Medical Instruments & Supplies
6597,1701261,FAMI,"Farmmi, Inc.",Consumer Defensive,Packaged Foods
6598,836564,CPMV,Mosaic ImmunoEngineering Inc.,Healthcare,Biotechnology
6599,730349,TOFB,TOFUTTI BRANDS INC,Consumer Defensive,Packaged Foods
6600,724445,BZYR,BURZYNSKI RESEARCH INSTITUTE INC,Healthcare,Biotechnology
6602,1892492,OCTO,Eightco Holdings Inc.,Consumer Cyclical,Packaging & Containers
6603,890394,PRSO,Peraso Inc.,Technology,Semiconductors
6604,931059,RNVA,"Rennova Health, Inc.",Healthcare,Diagnostics & Research
6605,1514946,AXIM,"AXIM BIOTECHNOLOGIES, INC.",Healthcare,Biotechnology
6606,1424404,WOLV,Wolverine Resources Corp.,Basic Materials,Other Industrial Metals & Mining
6607,1409269,VERO,Venus Concept Inc.,Healthcare,Medical Devices
6608,1826011,BNZI,"Banzai International, Inc.",Technology,Software—Application
6609,1843165,LQR,LQR House Inc.,Consumer Defensive,Beverages—Wineries & Distilleries
6610,1815566,IFBD,"Infobird Co., Ltd",Technology,Software—Application
6611,1106644,CPHI,"CHINA PHARMA HOLDINGS, INC.",Healthcare,Drug Manufacturers—Specialty & Generic
6612,1673481,LTRY,Lottery.com Inc.,Consumer Cyclical,Gambling
6614,38264,FORD,"Forward Industries, Inc.",Consumer Cyclical,Footwear & Accessories
6615,1661166,LGCP,Legion Capital Corp,Financial Services,Asset Management
6616,1861622,JTAI,Jet.AI Inc.,Technology,Software—Application
6617,1880431,VHAI,Vocodia Holdings Corp,Technology,Software—Infrastructure
6618,744452,APDN,APPLIED DNA SCIENCES INC,Healthcare,Diagnostics & Research
6619,1898474,SGN,"Signing Day Sports, Inc.",Technology,Software—Application
6620,1429560,TRVN,TREVENA INC,Healthcare,Biotechnology
6621,1293818,OPGN,OPGEN INC,Healthcare,Medical Devices
6622,1668438,IMTE,Integrated Media Technology Ltd,Technology,Electronic Components
6623,803578,WAVD,"WAVEDANCER, INC.",Technology,Information Technology Services
6625,1595248,GNPX,"Genprex, Inc.",Healthcare,Biotechnology
6626,1809750,EDBL,Edible Garden AG Inc,Consumer Defensive,Farm Products
6627,1722731,FDCT,"FDCTECH, INC.",Financial Services,Capital Markets
6628,1358633,SNBH,SENTIENT BRANDS HOLDINGS INC.,Consumer Defensive,Household & Personal Products
6629,1080448,PGOL,PATRIOT GOLD CORP,Basic Materials,Gold
6630,1547705,BLFR,Bluefire Equipment Corp,Consumer Cyclical,Apparel Manufacturing
6631,1127475,DBMM,"Digital Brand Media & Marketing Group, Inc.",Communication Services,Advertising Agencies
6632,1859007,ZVSA,"ZyVersa Therapeutics, Inc.",Healthcare,Biotechnology
6633,1850767,ACUT,Accustem Sciences Inc.,Healthcare,Biotechnology
6634,1132979,FRCB,FIRST REPUBLIC BANK,Financial Services,Banks—Regional
6635,1816319,LYT,Lytus Technologies Holdings PTV. Ltd.,Technology,Software—Application
6636,1750593,DUO,Fangdd Network Group Ltd.,Real Estate,Real Estate Services
6637,788611,NTRP,"NextTrip, Inc.",Consumer Cyclical,Travel Services
6639,1342219,NLSC,"Namliong SkyCosmos, Inc.",Financial Services,Shell Companies
6640,1859639,CZOOF,Cazoo Group Ltd,Consumer Cyclical,Auto & Truck Dealerships
6641,1419051,TSOI,"THERAPEUTIC SOLUTIONS INTERNATIONAL, INC.",Healthcare,Biotechnology
6642,1080319,ELYS,"Elys BMG Group, Inc.",Consumer Cyclical,Gambling
6643,1300781,ENMI,"DH ENCHANTMENT, INC.",Healthcare,Medical Distribution
6644,1165320,GBLX,GB SCIENCES INC,Healthcare,Biotechnology
6645,1022899,PTIX,"Protagenic Therapeutics, Inc.\new",Healthcare,Biotechnology
6646,1066130,FEMFF,FE Battery Metals Corp.,Basic Materials,Other Industrial Metals & Mining
6647,1004724,RHE,"REGIONAL HEALTH PROPERTIES, INC",Healthcare,Medical Care Facilities
6648,1867589,RWGI,"Rodedawg International Industries, Inc.",Consumer Cyclical,Auto & Truck Dealerships
6649,1133818,BPTH,"BIO-PATH HOLDINGS, INC.",Healthcare,Biotechnology
6650,1662574,GROM,"Grom Social Enterprises, Inc.",Communication Services,Internet Content & Information
6651,1304077,FMNJ,"Franklin Mining, Inc.",Basic Materials,Other Precious Metals & Mining
6652,1639142,AETHF,Aether Global Innovations Corp.,Industrials,Security & Protection Services
6653,1596856,LEJUY,Leju Holdings Ltd,Real Estate,Real Estate Services
6654,1014052,DTGI,"Digerati Technologies, Inc.",Communication Services,Telecom Services
6655,1371128,NEWH,"NewHydrogen, Inc.",Industrials,Specialty Industrial Machinery
6656,1694617,ROYL,"Royale Energy, Inc.",Energy,Oil & Gas E&P
6657,1836875,NVVE,Nuvve Holding Corp.,Consumer Cyclical,Specialty Retail
6658,1191832,KNGRF,Kingsmen Resources Ltd.,Basic Materials,Other Industrial Metals & Mining
6659,1862150,CING,Cingulate Inc.,Healthcare,Biotechnology
6660,1622244,OWPC,"One World Products, Inc.",Healthcare,Drug Manufacturers—Specialty & Generic
6661,1166708,BWMG,"Brownie's Marine Group, Inc",Consumer Cyclical,Leisure
6662,1677077,ALZN,"Alzamend Neuro, Inc.",Healthcare,Biotechnology
6663,1716947,ENSC,"Ensysce Biosciences, Inc.",Healthcare,Biotechnology
6664,1889823,KWE,KWESST Micro Systems Inc.,Industrials,Aerospace & Defense
6665,1877461,CBDW,1606 CORP.,Consumer Defensive,Tobacco
6666,1812727,RELI,"Reliance Global Group, Inc.",Financial Services,Insurance Brokers
6667,1955083,GESI,"General European Strategic Investments, Inc.",Basic Materials,Other Industrial Metals & Mining
6669,1905956,TGL,TREASURE GLOBAL INC,Technology,Software—Application
6670,1726711,ADTX,"Aditxt, Inc.",Healthcare,Biotechnology
6671,1803096,STRG,"STARGUIDE GROUP, INC.",Financial Services,Shell Companies
6672,1792581,KRBP,"Kiromic Biopharma, Inc.",Healthcare,Biotechnology
6673,1643301,AVRW,"Avenir Wellness Solutions, Inc.",Consumer Defensive,Packaged Foods
6674,1444839,BRVO,Bravo Multinational Inc.,Consumer Cyclical,Gambling
6675,1300317,ECRO,ECC Capital CORP,Real Estate,REIT—Mortgage
6676,1558569,ISPC,iSpecimen Inc.,Healthcare,Diagnostics & Research
6677,1494558,AMBO,Ambow Education Holding Ltd.,Consumer Defensive,Education & Training Services
6678,1527613,NUZE,"NuZee, Inc.",Consumer Defensive,Packaged Foods
6679,1618500,XYLO,XYLO TECHNOLOGIES LTD,Healthcare,Medical Devices
6680,1626644,ODYY,"Odyssey Health, Inc.",Healthcare,Medical Devices
6681,102109,UUU,UNIVERSAL SECURITY INSTRUMENTS INC,Industrials,Security & Protection Services
6682,318299,SRCO,"SPARTA COMMERCIAL SERVICES, INC.",Technology,Software—Application
6683,1782107,ONCO,"Onconetix, Inc.",Healthcare,Biotechnology
6684,1324759,HGYN,HONG YUAN HOLDING GROUP,Financial Services,Shell Companies
6685,1743340,TC,TuanChe Ltd,Communication Services,Internet Content & Information
6686,711034,THMG,THUNDER MOUNTAIN GOLD INC,Basic Materials,Other Precious Metals & Mining
6687,1704287,BJDX,"Bluejay Diagnostics, Inc.",Healthcare,Medical Devices
6689,1668010,DBGI,"Digital Brands Group, Inc.",Consumer Cyclical,Apparel Retail
6690,1604191,ENTO,"Entero Therapeutics, Inc.",Healthcare,Biotechnology
6691,1347242,LIPO,LIPELLA PHARMACEUTICALS INC.,Healthcare,Biotechnology
6692,1389518,CMGR,"Clubhouse Media Group, Inc.",Communication Services,Advertising Agencies
6693,856984,USAQ,"QHSLab, Inc.",Healthcare,Medical Devices
6694,1668370,TBLT,"Toughbuilt Industries, Inc",Industrials,Tools & Accessories
6695,1840416,SEVCF,Sono Group N.V.,Consumer Cyclical,Auto Manufacturers
6696,890821,ENVB,"Enveric Biosciences, Inc.",Healthcare,Biotechnology
6697,1023994,SGBX,SAFE & GREEN HOLDINGS CORP.,Industrials,Metal Fabrication
6698,1514183,SILO,"Silo Pharma, Inc.",Healthcare,Biotechnology
6699,1414767,NCPL,Netcapital Inc.,Financial Services,Capital Markets
6700,1506928,AVGR,Avinger Inc,Healthcare,Medical Instruments & Supplies
6701,1144392,MGON,MEGOLA INC,Industrials,Pollution & Treatment Controls
6702,278165,OMQS,OMNIQ Corp.,Technology,Software—Application
6703,1279715,IWSH,"Wright Investors Service Holdings, Inc.",Financial Services,Shell Companies
6704,1873722,BBLR,Bubblr Inc.,Technology,Software—Application
6705,1708331,VRPX,"Virpax Pharmaceuticals, Inc.",Healthcare,Biotechnology
6706,1644963,ATXI,"AVENUE THERAPEUTICS, INC.",Healthcare,Biotechnology
6707,1552670,TAOP,Taoping Inc.,Technology,Software—Infrastructure
6708,1892025,OHCS,"Optimus Healthcare Services, Inc.",Healthcare,Health Information Services
6709,1648960,DATS,"DatChat, Inc.",Technology,Software—Application
6710,1696025,KCRD,"Kindcard, Inc.",Technology,Software—Infrastructure
6711,1095435,PRTG,PORTAGE BIOTECH INC.,Healthcare,Biotechnology
6712,1652561,DQWS,DSwiss Inc,Consumer Defensive,Household & Personal Products
6713,1614067,ARDS,"Aridis Pharmaceuticals, Inc.",Healthcare,Biotechnology
6714,1538210,NEXI,"NexImmune, Inc.",Healthcare,Biotechnology
6715,1543623,UCLE,US NUCLEAR CORP.,Technology,Scientific & Technical Instruments
6716,1880419,FERN,Fernhill Corp,Technology,Software—Application
6717,1085277,SKVI,"SKINVISIBLE, INC.",Consumer Defensive,Household & Personal Products
6718,1650575,BRQSF,"Borqs Technologies, Inc.",Technology,Software—Infrastructure
6720,1019034,BKYI,BIO KEY INTERNATIONAL INC,Industrials,Security & Protection Services
6721,720762,NIMU,NON INVASIVE MONITORING SYSTEMS INC /FL/,Financial Services,Shell Companies
6722,1996210,BLMH,"BLUM HOLDINGS, INC.",Healthcare,Drug Manufacturers—Specialty & Generic
6723,1442853,IGEX,"Indo Global Exchange(s) Pte, Ltd.",Healthcare,Drug Manufacturers—Specialty & Generic
6724,1143994,MRPT,MACREPORT NET INC,Communication Services,Internet Content & Information
6725,1752474,KLDI,KLDiscovery Inc.,Technology,Software—Application
6726,1680378,SNES,"SenesTech, Inc.",Basic Materials,Specialty Chemicals
6727,1716621,VTAK,"Catheter Precision, Inc.",Healthcare,Medical Devices
6728,1895618,GXAI,GAXOS.AI INC.,Communication Services,Electronic Gaming & Multimedia
6729,1565146,GULTU,Gulf Coast Ultra Deep Royalty Trust,Energy,Oil & Gas E&P
6730,1389545,NBY,"NovaBay Pharmaceuticals, Inc.",Healthcare,Biotechnology
6731,1892480,HPCO,"Hempacco Co., Inc.",Consumer Defensive,Tobacco
6732,792935,GRST,ETHEMA HEALTH Corp,Healthcare,Medical Care Facilities
6733,1817511,SOPA,SOCIETY PASS INCORPORATED.,Technology,Software—Application
6734,1729427,CNSP,"CNS Pharmaceuticals, Inc.",Healthcare,Biotechnology
6735,1471727,BTTR,Better Choice Co Inc.,Consumer Defensive,Packaged Foods
6736,1939365,IVP,"INSPIRE VETERINARY PARTNERS, INC.",Consumer Cyclical,Personal Services
6737,1045942,TRCK,"Track Group, Inc.",Technology,Scientific & Technical Instruments
6738,1669400,VFRM,"Veritas Farms, Inc.",Healthcare,Drug Manufacturers—Specialty & Generic
6739,1885408,JFBR,Jeffs' Brands Ltd,Consumer Cyclical,Internet Retail
6740,1468492,HSCS,"Heart Test Laboratories, Inc.",Healthcare,Medical Devices
6741,1875547,LCFY,Locafy Ltd,Communication Services,Internet Content & Information
6742,1424768,VYCO,VYCOR MEDICAL INC,Healthcare,Medical Devices
6743,1946563,SXTP,"60 DEGREES PHARMACEUTICALS, INC.",Healthcare,Biotechnology
6744,1812360,FOXO,FOXO TECHNOLOGIES INC.,Healthcare,Health Information Services
6745,1785566,ZCMD,Zhongchao Inc.,Healthcare,Health Information Services
6746,1532619,PW,Power REIT,Real Estate,REIT—Specialty
6750,1690080,ATNF,180 Life Sciences Corp.,Healthcare,Biotechnology
6751,1417926,INVO,"INVO Bioscience, Inc.",Healthcare,Medical Devices
6752,1269026,SINT,"Sintx Technologies, Inc.",Healthcare,Medical Devices
6753,1533040,PHIO,Phio Pharmaceuticals Corp.,Healthcare,Biotechnology
6754,1811216,BAOS,Baosheng Media Group Holdings Ltd,Communication Services,Advertising Agencies
6755,1601936,CYTO,Altamira Therapeutics Ltd.,Healthcare,Biotechnology
6756,1815903,PTPI,"Petros Pharmaceuticals, Inc.",Healthcare,Drug Manufacturers—Specialty & Generic
6757,1554818,AUUD,AUDDIA INC.,Technology,Software—Application
6758,1613979,ZPHYF,ZEPHYR MINERALS LTD.,Basic Materials,Gold
6759,1560293,TNON,"Tenon Medical, Inc.",Healthcare,Medical Devices
6760,1810560,REVB,"REVELATION BIOSCIENCES, INC.",Healthcare,Biotechnology
6761,912544,NSTM,NovelStem International Corp.,Healthcare,Diagnostics & Research
6762,1861657,THAR,"Tharimmune, Inc.",Healthcare,Biotechnology
6763,841533,SRMX,"SADDLE RANCH MEDIA, INC.",Technology,Scientific & Technical Instruments
6764,1735948,GBNHF,Greenbrook TMS Inc.,Healthcare,Medical Care Facilities
6766,1688126,CRCW,Crypto Co,Technology,Information Technology Services
6767,1284237,ABCFF,ABACUS MINING & EXPLORATION CORP,Basic Materials,Other Industrial Metals & Mining
6768,1376793,CVAT,"Cavitation Technologies, Inc.",Industrials,Specialty Industrial Machinery
6769,1806524,LGHL,Lion Group Holding Ltd,Financial Services,Capital Markets
6771,1610853,HSDT,"HELIUS MEDICAL TECHNOLOGIES, INC.",Healthcare,Medical Devices
6772,1885827,VRAX,Virax Biolabs Group Ltd,Healthcare,Biotechnology
6773,1648087,AREB,AMERICAN REBEL HOLDINGS INC,Consumer Cyclical,Footwear & Accessories
6774,768408,CYAN,CYANOTECH CORP,Consumer Defensive,Packaged Foods
6775,775057,ALTX,ALTEX INDUSTRIES INC,Energy,Oil & Gas E&P
6776,1416090,IMII,INCEPTION MINING INC.,Basic Materials,Gold
6778,1698530,XCUR,"EXICURE, INC.",Healthcare,Biotechnology
6779,1483646,BEGI,"BLACKSTAR ENTERPRISE GROUP, INC.",Financial Services,Capital Markets
6780,1502758,NULGF,NuLegacy Gold Corp,Basic Materials,Gold
6781,1961378,CIVX,"CTR Investments & Consulting, Inc.",Financial Services,Shell Companies
6782,1798270,IONM,Assure Holdings Corp.,Healthcare,Medical Care Facilities
6783,1784851,SHPW,"Shapeways Holdings, Inc.",Industrials,Specialty Industrial Machinery
6784,1133192,VPER,VIPER NETWORKS INC,Technology,Electronic Components
6785,894560,BOTH,BIOETHICS LTD,Financial Services,Shell Companies
6786,1448705,BASA,"BASANITE, INC.",Basic Materials,Building Materials
6787,1839285,HCTI,"Healthcare Triangle, Inc.",Healthcare,Health Information Services
6788,1514056,TESI,Titan Environmental Solutions Inc.,Industrials,Waste Management
6789,1415758,NVSGF,Nevada Sunrise Metals Corp.,Basic Materials,Other Industrial Metals & Mining
6791,811240,BIOL,"BIOLASE, INC",Healthcare,Medical Devices
6792,1547660,VSOLF,THREE SIXTY SOLAR LTD.,Technology,Solar
6793,897078,KOAN,"Resonate Blends, Inc.",Healthcare,Drug Manufacturers—Specialty & Generic
6794,1656501,BWMY,"BorrowMoney.com, Inc.",Financial Services,Credit Services
6795,1282980,DROR,"Dror Ortho-Design, Inc.",Consumer Cyclical,Personal Services
6796,1536089,VRVR,VIRTUAL INTERACTIVE TECHNOLOGIES CORP.,Communication Services,Electronic Gaming & Multimedia
6797,1651944,DMTKQ,"DermTech, Inc.",Healthcare,Diagnostics & Research
6798,1624517,YCRM,Yuenglings Ice Cream Corp,Consumer Defensive,Packaged Foods
6799,1635077,ACON,"Aclarion, Inc.",Healthcare,Health Information Services
6800,1168981,LVRLF,CordovaCann Corp.,Healthcare,Drug Manufacturers—Specialty & Generic
6801,1701478,AZTR,"Azitra, Inc.",Healthcare,Biotechnology
6802,1572386,GWTI,GREENWAY TECHNOLOGIES INC,Energy,Oil & Gas Equipment & Services
6804,1476963,SCPX,"Scorpius Holdings, Inc.",Healthcare,Biotechnology
6806,719739,SIVBQ,SVB FINANCIAL GROUP,Financial Services,Banks—Regional
6807,1358190,ITP,"IT TECH PACKAGING, INC.",Basic Materials,Paper & Paper Products
6808,1530163,SAML,"Samsara Luggage, Inc.",Consumer Cyclical,Footwear & Accessories
6809,1376804,VNUE,"VNUE, Inc.",Communication Services,Entertainment
6810,1671502,QNRX,"Quoin Pharmaceuticals, Ltd.",Healthcare,Biotechnology
6811,1130166,CYCC,"Cyclacel Pharmaceuticals, Inc.",Healthcare,Biotechnology
6813,1750777,HWKE,"Hawkeye Systems, Inc.",Industrials,Aerospace & Defense
6814,1211805,MYSZ,"My Size, Inc.",Technology,Software—Application
6815,930245,AASP,GLOBAL ACQUISITIONS Corp,Financial Services,Shell Companies
6816,1644903,YCBD,"cbdMD, Inc.",Healthcare,Drug Manufacturers—Specialty & Generic
6817,1281845,UNQL,"Unique Logistics International, Inc.",Industrials,Integrated Freight & Logistics
6818,1435064,CETX,CEMTREX INC,Technology,Software—Infrastructure
6819,1089297,NVGT,NOVAGANT CORP,Industrials,Integrated Freight & Logistics
6820,1728328,INM,InMed Pharmaceuticals Inc.,Healthcare,Biotechnology
6821,1946335,INUMF,Infinitum Copper Corp.,Basic Materials,Copper
6822,1611746,SPRC,SciSparc Ltd.,Healthcare,Biotechnology
6823,1593001,NGTF,"NightFood Holdings, Inc.",Consumer Defensive,Packaged Foods
6824,1901215,BNRG,Brenmiller Energy Ltd.,Utilities,Utilities—Renewable
6826,1060888,LQWC,LIFEQUEST WORLD CORP.,Industrials,Pollution & Treatment Controls
6827,1815021,BQ,Boqii Holding Ltd,Consumer Cyclical,Specialty Retail
6828,1028357,BITTF,BITTERROOT RESOURCES LTD,Basic Materials,Other Industrial Metals & Mining
6829,1787740,TIVC,"Tivic Health Systems, Inc.",Healthcare,Medical Devices
6830,1401835,SRGZ,Star Gold Corp.,Basic Materials,Other Precious Metals & Mining
6831,1035354,ELOX,"Eloxx Pharmaceuticals, Inc.",Healthcare,Biotechnology
6832,1787803,WNW,Meiwu Technology Co Ltd,Consumer Cyclical,Internet Retail
6833,1811999,FMHS,"FARMHOUSE, INC. /NV",Communication Services,Internet Content & Information
6834,1492617,FWFW,"FLYWHEEL ADVANCED TECHNOLOGY, INC.",Technology,Information Technology Services
6835,1498067,CTGL,"CITRINE GLOBAL, CORP.",Consumer Defensive,Packaged Foods
6836,1156784,COWI,"CarbonMeta Technologies, Inc.",Basic Materials,Specialty Chemicals
6837,1703625,BLIS,"NAPC Defense, Inc.",Industrials,Aerospace & Defense
6838,1460702,QLGN,"Qualigen Therapeutics, Inc.",Healthcare,Biotechnology
6839,1326706,NAOV,"NanoVibronix, Inc.",Healthcare,Medical Devices
6840,1591913,IPSI,"Innovative Payment Solutions, Inc.",Technology,Software—Infrastructure
6841,946486,WINT,WINDTREE THERAPEUTICS INC /DE/,Healthcare,Biotechnology
6842,1990446,GRPS,"Trans American Aquaculture, Inc",Healthcare,Drug Manufacturers—Specialty & Generic
6843,1733257,FNCH,"Finch Therapeutics Group, Inc.",Healthcare,Biotechnology
6844,1755101,ALDS,APPlife Digital Solutions Inc,Technology,Software—Application
6845,847942,STQN,STRATEGIC ACQUISITIONS INC /NV/,Financial Services,Credit Services
6846,1506492,NUWE,"Nuwellis, Inc.",Healthcare,Medical Devices
6847,811212,THMO,"ThermoGenesis Holdings, Inc.",Healthcare,Medical Devices
6848,1768946,BPTSY,Biophytis SA,Healthcare,Biotechnology
6850,1261002,GNOLF,GENOIL INC,Energy,Oil & Gas Equipment & Services
6851,1674227,WORX,SCWorx Corp.,Healthcare,Health Information Services
6853,1394319,TCON,"Tracon Pharmaceuticals, Inc.",Healthcare,Biotechnology
6854,812306,PCYN,PROCYON CORP,Healthcare,Drug Manufacturers—Specialty & Generic
6855,1730773,BSFC,Blue Star Foods Corp.,Consumer Defensive,Packaged Foods
6856,1729944,BACK,"IMAC Holdings, Inc.",Healthcare,Medical Care Facilities
6857,1595353,GLMD,Galmed Pharmaceuticals Ltd.,Healthcare,Biotechnology
6858,1749849,OGAA,Organic Agricultural Co Ltd,Consumer Defensive,Farm Products
6859,1981535,SBET,"SharpLink Gaming, Inc.",Consumer Cyclical,Gambling
6860,1625288,NXEN,"NEXIEN BIOPHARMA, INC.",Healthcare,Drug Manufacturers—Specialty & Generic
6861,1760764,GMVDF,G Medical Innovations Holdings Ltd.,Healthcare,Medical Instruments & Supplies
6862,1580262,RTON,"Right On Brands, Inc.",Consumer Defensive,Packaged Foods
6863,1410187,CNNC,Cannonau Corp.,Healthcare,Drug Manufacturers—Specialty & Generic
6864,1439264,MVNC,Marvion Inc.,Communication Services,Entertainment
6866,1417664,VEII,"Value Exchange International, Inc.",Technology,Information Technology Services
6868,1614556,STAL,Star Alliance International Corp.,Basic Materials,Gold
6869,1534708,EAST,"Eastside Distilling, Inc.",Consumer Defensive,Beverages—Wineries & Distilleries
6870,1017491,SEEL,"SEELOS THERAPEUTICS, INC.",Healthcare,Biotechnology
6871,1029125,PBLA,"Panbela Therapeutics, Inc.",Healthcare,Biotechnology
6872,1043150,EEGI,"Eline Entertainment Group, Inc.",Financial Services,Shell Companies
6873,764630,SPEV,SHOREPOWER TECHNOLOGIES INC.,Consumer Cyclical,Specialty Retail
6874,1615219,SLRX,"Salarius Pharmaceuticals, Inc.",Healthcare,Biotechnology
6875,1611747,SCNI,Scinai Immunotherapeutics Ltd.,Healthcare,Biotechnology
6876,1643721,LBUY,"LEAFBUYER TECHNOLOGIES, INC.",Communication Services,Internet Content & Information
6877,1471781,GTCH,GBT Technologies Inc.,Technology,Information Technology Services
6878,1349706,TOGI,"TurnOnGreen, Inc.",Industrials,Electrical Equipment & Parts
6879,1853816,DRMA,"Dermata Therapeutics, Inc.",Healthcare,Biotechnology
6880,1502966,DIGP,"Hypha Labs, Inc.",Healthcare,Diagnostics & Research
6881,1555214,WLYW,"Wally World Media, Inc",Financial Services,Shell Companies
6882,1445467,AVPMF,AVRUPA MINERALS LTD.,Basic Materials,Other Industrial Metals & Mining
6883,1421636,CBNT,"C-Bond Systems, Inc",Basic Materials,Specialty Chemicals
6884,1811623,PXMD,"PaxMedica, Inc.",Healthcare,Biotechnology
6886,1789192,NITO,"N2OFF, Inc.",Basic Materials,Agricultural Inputs
6887,1552189,PLSH,"PANACEA LIFE SCIENCES HOLDINGS, INC.",Healthcare,Drug Manufacturers—Specialty & Generic
6888,2006925,LNTO,LELANTOS HOLDINGS INC.,Financial Services,Capital Markets
6890,1860514,USCTF,Roth CH Acquisition Co.,Financial Services,Shell Companies
6891,1499717,STAF,"Staffing 360 Solutions, Inc.",Industrials,Staffing & Employment Services
6892,2008670,RCIT,REELCAUSE INC,Industrials,Specialty Industrial Machinery
6893,730669,FCIC,FCCC INC,Financial Services,Shell Companies
6894,1076682,RGTPQ,"POLARITYTE, INC.",Healthcare,Biotechnology
6895,1536394,USLG,"U.S. Lighting Group, Inc.",Consumer Cyclical,Recreational Vehicles
6896,1602078,NMRD,Nemaura Medical Inc.,Healthcare,Medical Devices
6897,1743745,GNLN,"Greenlane Holdings, Inc.",Consumer Defensive,Tobacco
6898,1607004,MRNJ,"METATRON APPS, INC.",Communication Services,Internet Content & Information
6899,1093636,ATYG,"Saxon Capital Group, Inc./DE",Financial Services,Shell Companies
6901,802257,MITI,"Mitesco, Inc.",Healthcare,Health Information Services
6902,849997,FECOF,FEC Resources Inc.,Energy,Oil & Gas E&P
6903,1062128,MNKA,"Manuka, Inc.",Consumer Defensive,Household & Personal Products
6904,1882781,CBLO,"C2 Blockchain,Inc.",Financial Services,Shell Companies
6905,1839132,MVLA,Movella Holdings Inc.,Technology,Software—Application
6906,1586554,CBDY,Target Group Inc.,Healthcare,Drug Manufacturers—Specialty & Generic
6907,1572565,INQD,Indoor Harvest Corp,Healthcare,Drug Manufacturers—Specialty & Generic
6908,1680132,CSUI,CANNABIS SUISSE CORP.,Healthcare,Drug Manufacturers—Specialty & Generic
6909,1295514,MDWK,"MDWerks, Inc.",Financial Services,Shell Companies
6910,1495648,BDCC,Blackwell 3D Construction Corp.,Financial Services,Shell Companies
6911,1566826,LGMK,"LogicMark, Inc.",Healthcare,Health Information Services
6913,1821424,UK,Ucommune International Ltd,Real Estate,Real Estate Services
6914,1324736,HENC,Hero Technologies Inc.,Healthcare,Drug Manufacturers—Specialty & Generic
6915,1609436,MEXGF,Mexican Gold Mining Corp.,Basic Materials,Other Precious Metals & Mining
6916,925779,HIRU,HIRU Corp,Industrials,Integrated Freight & Logistics
6918,1558583,FUVV,Arcimoto Inc,Consumer Cyclical,Recreational Vehicles
6919,824416,QPRC,QUEST PATENT RESEARCH CORP,Industrials,Consulting Services
6920,1725134,DMSL,"Digital Media Solutions, Inc.",Communication Services,Advertising Agencies
6921,1599117,MNTR,"Mentor Capital, Inc.",Financial Services,Capital Markets
6922,1454742,GMER,"GOOD GAMING, INC.",Consumer Cyclical,Gambling
6923,1389067,TTCM,TAUTACHROME INC.,Technology,Software—Application
6924,1852707,BFYW,"Better For You Wellness, Inc.",Financial Services,Shell Companies
6925,1530425,ARRT,"Artisan Consumer Goods, Inc.",Consumer Defensive,Packaged Foods
6926,1785056,TRNR,"Interactive Strength, Inc.",Consumer Cyclical,Personal Services
6927,752294,ELST,ELECTRONIC SYSTEMS TECHNOLOGY INC,Technology,Communication Equipment
6928,1515139,MWRK,"METAWORKS PLATFORMS, INC.",Technology,Software—Application
6929,1609258,PTCO,PetroGas Co,Energy,Oil & Gas E&P
6930,1088638,MMND,"MASTERMIND, INC.",Communication Services,Advertising Agencies
6931,1589150,RGBP,Regen BioPharma Inc,Healthcare,Biotechnology
6932,720875,DYNT,DYNATRONICS CORP,Healthcare,Medical Devices
6933,1693687,GLVT,GREENLIT VENTURES INC.,Industrials,Consulting Services
6934,1182731,CNNN,ConneXionONE Corp.,Communication Services,Internet Content & Information
6936,1360442,CBDS,"Cannabis Sativa, Inc.",Healthcare,Health Information Services
6938,1158420,GGEI,Green Giant Inc.,Real Estate,Real Estate—Development
6939,1671584,APVO,Aptevo Therapeutics Inc.,Healthcare,Biotechnology
6940,1801834,PRFX,PAINREFORM LTD.,Healthcare,Drug Manufacturers—Specialty & Generic
6941,1375793,MLRT,"Metalert, Inc.",Technology,Communication Equipment
6942,1775625,SDCCQ,"SmileDirectClub, Inc.",Healthcare,Medical Instruments & Supplies
6943,1399352,WARM,"COOL TECHNOLOGIES, INC.",Industrials,Industrial Distribution
6944,1063537,RIBT,RiceBran Technologies,Consumer Defensive,Packaged Foods
6946,1788841,MCOM,micromobility.com Inc.,Consumer Cyclical,Recreational Vehicles
6947,1814215,BURU,"Nuburu, Inc.",Industrials,Specialty Industrial Machinery
6948,1346022,ENRT,Enertopia Corp.,Basic Materials,Other Industrial Metals & Mining
6949,1407878,DLOC,"Digital Locations, Inc.",Industrials,Engineering & Construction
6950,1829794,VLCN,"Volcon, Inc.",Consumer Cyclical,Auto Manufacturers
6951,1419554,BBLG,Bone Biologics Corp,Healthcare,Medical Devices
6952,1335288,REOS,ReoStar Energy CORP,Energy,Oil & Gas E&P
6953,1292519,NVIVQ,INVIVO THERAPEUTICS HOLDINGS CORP.,Healthcare,Biotechnology
6954,827099,CPWR,Ocean Thermal Energy Corp,Utilities,Utilities—Renewable
6956,1817232,HGAS,Global Gas Corp,Basic Materials,Specialty Chemicals
6957,799698,LADX,LadRx Corp,Healthcare,Biotechnology
6958,1599407,EFSH,1847 Holdings LLC,Industrials,Conglomerates
6959,1824293,GRI,"GRI BIO, Inc.",Healthcare,Biotechnology
6961,1661039,TPTW,"TPT GLOBAL TECH, INC.",Technology,Communication Equipment
6962,79661,PRSI,PORTSMOUTH SQUARE INC,Consumer Cyclical,Lodging
6963,774415,KRFG,"KING RESOURCES, INC.",Industrials,Electrical Equipment & Parts
6964,1781405,ODII,"Odyssey Semiconductor Technologies, Inc.",Technology,Semiconductors
6965,1443611,SING,SinglePoint Inc.,Technology,Solar
6966,884380,KEGS,"1812 Brewing Company, Inc.",Financial Services,Asset Management
6967,1829966,EBET,"EBET, Inc.",Consumer Cyclical,Gambling
6968,1117228,MMMW,MASS MEGAWATTS WIND POWER INC,Utilities,Utilities—Renewable
6969,1603345,AGTX,Agentix Corp.,Healthcare,Biotechnology
6970,862668,ESMC,ESCALON MEDICAL CORP,Healthcare,Medical Devices
6971,873612,ABNAF,Aben Resources Ltd.,Basic Materials,Gold
6972,1649009,SYTA,Siyata Mobile Inc.,Technology,Communication Equipment
6973,945617,AMMJ,"American Cannabis Company, Inc.",Consumer Defensive,Tobacco
6974,1697935,MAPT,"MAPTELLIGENT, INC.",Technology,Software—Application
6975,1502152,GSTC,GlobeStar Therapeutics Corp,Healthcare,Biotechnology
6976,1723980,SXTC,"China SXT Pharmaceuticals, Inc.",Healthcare,Drug Manufacturers—Specialty & Generic
6980,1517389,JFIL,"Jubilant Flame International, Ltd",Industrials,Specialty Business Services
6981,1399306,BRBL,BrewBilt Brewing Co,Industrials,Specialty Industrial Machinery
6982,1284454,YBCN,Yong Bai Chao New Retail Corp,Financial Services,Shell Companies
6983,1440799,MMEX,MMEX Resources Corp,Energy,Oil & Gas E&P
6984,1285543,ZRFY,"Zerify, Inc.",Technology,Software—Infrastructure
6985,719274,GIGA,"GRESHAM WORLDWIDE, INC.",Technology,Scientific & Technical Instruments
6986,1835059,ARVLF,Arrival,Consumer Cyclical,Auto Manufacturers
6987,1199392,EGMCF,EMERGENT METALS CORP.,Basic Materials,Gold
6988,1355790,ISCO,International Stem Cell CORP,Healthcare,Biotechnology
6989,849636,RSPI,RespireRx Pharmaceuticals Inc.,Healthcare,Biotechnology
6990,1522860,AFIB,"Acutus Medical, Inc.",Healthcare,Medical Devices
6991,1530746,KAYS,"Kaya Holdings, Inc.",Healthcare,Drug Manufacturers—Specialty & Generic
6993,925660,FLXT,FLEXPOINT SENSOR SYSTEMS INC,Technology,Scientific & Technical Instruments
6994,1512886,NTRR,NEUTRA CORP.,Healthcare,Biotechnology
6995,1628945,HLTHQ,Cue Health Inc.,Healthcare,Health Information Services
6996,1416697,BLPG,"Blue Line Protection Group, Inc.",Industrials,Security & Protection Services
6998,1961,WDDD,WORLDS INC,Technology,Software—Application
6999,1680689,NRHI,"Natural Resource Holdings, Inc.",Basic Materials,Other Industrial Metals & Mining
7000,1696411,CCCP,Crona Corp.,Communication Services,Entertainment
7001,1776073,CBDL,CBD Life Sciences Inc.,Healthcare,Drug Manufacturers—Specialty & Generic
7002,1300867,ONCI,ON4 COMMUNICATIONS INC.,Technology,Software—Application
7003,1661600,SATT,SATIVUS TECH CORP.,Technology,Scientific & Technical Instruments
7004,1616291,JPPYY,Jupai Holdings Ltd,Financial Services,Asset Management
7005,1373467,VTXB,Vortex Brands Co.,Financial Services,Capital Markets
7006,1082733,VISM,"VISIUM TECHNOLOGIES, INC.",Technology,Software—Infrastructure
7007,1419559,CAMG,"CAM GROUP, INC.",Industrials,Aerospace & Defense
7008,1861449,BRDSQ,"Bird Global, Inc.",Industrials,Rental & Leasing Services
7009,1427644,SLDC,"Telco Cuba, Inc.",Communication Services,Telecom Services
7010,1570937,ATAO,ALTAIR INTERNATIONAL CORP.,Basic Materials,Other Industrial Metals & Mining
7011,1634447,ISUNQ,"ISUN, INC.",Technology,Solar
7012,1508348,ACAN,"AmeriCann, Inc.",Real Estate,Real Estate Services
7013,1907685,CMRA,"Comera Life Sciences Holdings, Inc.",Healthcare,Biotechnology
7014,1461708,GSPI,"Green Star Products, Inc.",Financial Services,Shell Companies
7016,1068689,ATDS,"Data443 Risk Mitigation, Inc.",Technology,Software—Infrastructure
7017,1064722,GMPW,GIVEMEPOWER CORP,Real Estate,Real Estate Services
7018,1485074,FRZT,"Freeze Tag, Inc.",Communication Services,Electronic Gaming & Multimedia
7019,1518336,DREM,Dream Homes & Development Corp.,Consumer Cyclical,Residential Construction
7020,1407704,BOTY,"LINGERIE FIGHTING CHAMPIONSHIPS, INC.",Communication Services,Entertainment
7021,1092802,AURI,AURI INC,Energy,Oil & Gas Equipment & Services
7022,1084475,NIHK,"Video River Networks, Inc.",Financial Services,Capital Markets
7023,1522602,CWBR,"CohBar, Inc.",Healthcare,Biotechnology
7026,890725,GSAC,GELSTAT CORP,Healthcare,Drug Manufacturers—Specialty & Generic
7027,797542,VBIX,Viewbix Inc.,Technology,Software—Application
7028,1530185,ATVK,"Ameritek Ventures, Inc.",Industrials,Specialty Industrial Machinery
7029,1132509,NNAX,New Momentum Corp.,Consumer Cyclical,Travel Services
7030,1346655,CMGO,"CMG HOLDINGS GROUP, INC.",Communication Services,Advertising Agencies
7032,1409197,BSPK,"Bespoke Extracts, Inc.",Healthcare,Drug Manufacturers—Specialty & Generic
7033,915661,GRLF,GREEN LEAF INNOVATIONS INC,Consumer Defensive,Tobacco
7034,1338929,AHRO,"Authentic Holdings, Inc.",Consumer Cyclical,Apparel Manufacturing
7035,1644488,SHRG,SHARING SERVICES GLOBAL Corp,Consumer Defensive,Packaged Foods
7036,1381871,BOMO,"bowmo, Inc.",Technology,Software—Application
7037,1301991,SMME,"SmartMetric, Inc.",Technology,Software—Infrastructure
7038,1652958,EDGM,"Edgemode, Inc.",Technology,Software—Infrastructure
7039,1355250,IPIX,Innovation Pharmaceuticals Inc.,Healthcare,Biotechnology
7040,1618835,EVFM,"Evofem Biosciences, Inc.",Healthcare,Biotechnology
7041,1039466,XSNX,NovAccess Global Inc.,Healthcare,Biotechnology
7042,1099132,MHTX,MANHATTAN SCIENTIFICS INC,Healthcare,Medical Devices
7043,1835814,NSTD,Northern Star Investment Corp. IV,Financial Services,Shell Companies
7044,1121702,YTEN,"YIELD10 BIOSCIENCE, INC.",Basic Materials,Agricultural Inputs
7045,860543,JKSM,Jacksam Corp,Industrials,Specialty Industrial Machinery
7046,1872292,RAKR,Rainmaker Worldwide Inc.,Industrials,Pollution & Treatment Controls
7047,1803977,VYBE,Limitless X Holdings Inc.,Consumer Defensive,Packaged Foods
7049,1862490,DCFCQ,Tritium DCFC Ltd,Industrials,Electrical Equipment & Parts
7050,1575142,BDPT,"BIOADAPTIVES, INC.",Consumer Defensive,Packaged Foods
7051,814926,CAPC,"CAPSTONE COMPANIES, INC.",Industrials,Electrical Equipment & Parts
7052,867028,IGOT,"FOMO WORLDWIDE, INC.",Financial Services,Asset Management
7053,1633273,TLIF,"TOCCA LIFE HOLDINGS, INC.",Financial Services,Shell Companies
7055,1001601,MGTI,"MGT CAPITAL INVESTMENTS, INC.",Financial Services,Capital Markets
7056,1679063,CSSEQ,"Chicken Soup for the Soul Entertainment, Inc.",Communication Services,Entertainment
7057,1695473,GCAN,"Greater Cannabis Company, Inc.",Healthcare,Drug Manufacturers—Specialty & Generic
7058,1760026,MSSV,"MESO NUMISMATICS, INC.",Healthcare,Biotechnology
7059,1404356,CBIA,"Blue Heaven Coffee, Inc.",Communication Services,Advertising Agencies
7060,1619227,CLOW,"Cloudweb, Inc.",Financial Services,Shell Companies
7061,1838128,LOWLF,Lowell Farms Inc.,Healthcare,Drug Manufacturers—Specialty & Generic
7062,1533357,DTII,DEFENSE TECHNOLOGIES INTERNATIONAL CORP.,Industrials,Security & Protection Services
7063,1509957,CANB,Can B Corp,Healthcare,Drug Manufacturers—Specialty & Generic
7064,822746,AMNI,"AMERICAN NOBLE GAS, INC.",Energy,Oil & Gas E&P
7065,1160420,ADIA,"Adia Nutrition, Inc.",Financial Services,Shell Companies
7066,1424657,CUEN,Cuentas Inc.,Technology,Software—Application
7068,820771,GFMH,Goliath Film & Media Holdings,Communication Services,Entertainment
7069,1290658,ITOX,"IIOT-OXYS, Inc.",Technology,Computer Hardware
7071,1561880,LEAI,"Legacy Education Alliance, Inc.",Consumer Defensive,Education & Training Services
7072,1067837,AUDAQ,"AUDACY, INC.",Communication Services,Broadcasting
7074,1605331,ABQQ,AB INTERNATIONAL GROUP CORP.,Communication Services,Entertainment
7075,1945619,ECGR,Kinetic Seas Inc.,Financial Services,Shell Companies
7076,1853718,TEVNF,Tevano Systems Holdings Inc.,Healthcare,Medical Instruments & Supplies
7077,1172631,SUNWQ,"Sunworks, Inc.",Technology,Solar
7078,1463208,TLSS,"Transportation & Logistics Systems, Inc.",Industrials,Trucking
7079,1138724,GAHC,"Global Arena Holding, Inc.",Technology,Software—Application
7081,1786182,FHSEY,"First High-School Education Group Co., Ltd.",Consumer Defensive,Education & Training Services
7084,1133116,ACPS,"AC Partners, Inc.",Industrials,Building Products & Equipment
7085,1855631,AWIN,AERWINS Technologies Inc.,Technology,Scientific & Technical Instruments
7086,1487718,BLTH,"AMERICAN BATTERY MATERIALS, INC.",Basic Materials,Other Industrial Metals & Mining
7087,1827871,ELIQQ,"Electriq Power Holdings, Inc.",Utilities,Utilities—Renewable
7088,1472998,LCCN,LeapCharger Corp,Industrials,Conglomerates
7089,1584480,LAAB,"Startech Labs, Inc.",Technology,Software—Application
7090,352991,AOXY,ADVANCED OXYGEN TECHNOLOGIES INC,Real Estate,Real Estate Services
7091,1101396,DLAPQ,"DELTA APPAREL, INC",Consumer Cyclical,Apparel Manufacturing
7092,1851682,MFLTY,Missfresh Ltd,Consumer Defensive,Grocery Stores
7093,1437491,ROII,"RiskOn International, Inc.",Communication Services,Internet Content & Information
7094,1608092,KITL,Kisses From Italy Inc.,Consumer Cyclical,Restaurants
7095,834285,FRBK,REPUBLIC FIRST BANCORP INC,Financial Services,Banks—Regional
7096,1794942,SKFG,"Stark Focus Group, Inc.",Consumer Cyclical,Apparel Manufacturing
7097,1877788,CSTF,CuraScientific Corp.,Healthcare,Drug Manufacturers—Specialty & Generic
7098,1637866,DGWR,"Deep Green Waste & Recycling, Inc.",Industrials,Waste Management
7099,1886362,MGAM,"Mobile Global Esports, Inc.",Communication Services,Electronic Gaming & Multimedia
7101,1973160,GMZP,GEMZ Corp. NV,Financial Services,Shell Companies
7102,1865127,LSDIF,"Lucy Scientific Discovery, Inc.",Healthcare,Drug Manufacturers—Specialty & Generic
7103,1409624,HMLA,"HIMALAYA TECHNOLOGIES, INC",Communication Services,Internet Content & Information
7104,1343465,SNPW,Sun Pacific Holding Corp.,Communication Services,Advertising Agencies
7105,1715819,EMED,"Electromedical Technologies, Inc",Healthcare,Medical Devices
7107,1686850,MOTS,"Motus GI Holdings, Inc.",Healthcare,Medical Devices
7108,1409446,NHMD,NATE'S FOOD CO.,Financial Services,Capital Markets
7109,1543268,BETSF,Bit Brother Ltd,Financial Services,Capital Markets
7110,1128353,ETCK,ENERTECK CORP,Basic Materials,Specialty Chemicals
7111,1804583,RAASY,Cloopen Group Holding Ltd,Technology,Software—Application
7112,1393540,IGEN,IGEN NETWORKS CORP,Technology,Software—Application
7113,887247,DMKPQ,DMK PHARMACEUTICALS Corp,Healthcare,Drug Manufacturers—Specialty & Generic
7115,1404804,OMTK,Omnitek Engineering Corp,Consumer Cyclical,Auto Parts
7116,1856416,ECGI,"ECGI Holdings, Inc.",Healthcare,Medical Devices
7119,1331421,HLLK,"HALLMARK VENTURE GROUP, INC.",Financial Services,Shell Companies
7120,1559157,SSOK,"Sunstock, Inc.",Consumer Cyclical,Luxury Goods
7122,1733298,QTTOY,Qutoutiao Inc.,Communication Services,Internet Content & Information
7123,1517681,PPCB,"Propanc Biopharma, Inc.",Healthcare,Biotechnology
7124,1851860,SMFL,"SMART FOR LIFE, INC.",Consumer Defensive,Packaged Foods
7125,1172069,PTOS,"P2 Solar, Inc.",Technology,Solar
7126,1819074,PTNYF,ParcelPal Logistics Inc.,Industrials,Integrated Freight & Logistics
7127,1431074,BRGO,"Bergio International, Inc.",Consumer Cyclical,Luxury Goods
7128,730255,CAMPQ,CalAmp Corp.,Technology,Communication Equipment
7129,1501134,NVTAQ,Invitae Corp,Healthcare,Diagnostics & Research
7130,1384365,RDAR,"RAADR, INC.",Technology,Software—Application
7131,1611852,RAHGF,"Roan Holdings Group Co., Ltd.",Financial Services,Credit Services
7132,743758,AIAD,"AiAdvertising, Inc.",Technology,Software—Application
7134,1939696,ETAOF,"ETAO International Co., Ltd.",Healthcare,Health Information Services
7135,894552,EMDF,"E Med Future, Inc.",Communication Services,Entertainment
7137,1321828,DCLT,Data Call Technologies,Technology,Software—Infrastructure
7139,1102942,INQR,"InnovaQor, Inc.",Healthcare,Health Information Services
7142,1828522,EFTR,"eFFECTOR Therapeutics, Inc.",Healthcare,Biotechnology
7144,1410708,NUVI,Emo Capital Corp.,Healthcare,Drug Manufacturers—Specialty & Generic
7145,1008848,ACORQ,"Acorda Therapeutics, Inc.",Healthcare,Drug Manufacturers—Specialty & Generic
7146,1734262,CTKYY,CooTek(Cayman)Inc.,Technology,Software—Application
7147,1343009,CNBX,CNBX Pharmaceuticals Inc.,Healthcare,Biotechnology
7148,1464865,ASII,"Accredited Solutions, Inc.",Consumer Defensive,Beverages—Non-Alcoholic
7149,918545,BISA,BALTIC INTERNATIONAL USA INC,Financial Services,Shell Companies
7150,1935435,SSOF,"Sixty Six Oilfield Services, Inc.",Energy,Oil & Gas Equipment & Services
7151,1456857,MJNE,"MJ Holdings, Inc.",Healthcare,Drug Manufacturers—Specialty & Generic
7152,1902930,PDPG,"Performance Drink Group, Inc.",Consumer Defensive,Beverages—Non-Alcoholic
7154,1416876,FCHS,"First Choice Healthcare Solutions, Inc.",Healthcare,Medical Care Facilities
7155,1778651,JUVAF,JUVA LIFE INC./Canada,Healthcare,Drug Manufacturers—Specialty & Generic
7156,1368148,ATHXQ,"ATHERSYS, INC / NEW",Healthcare,Biotechnology
7157,1780097,BXRXQ,"Baudax Bio, Inc.",Healthcare,Biotechnology
7158,1802749,ZEVY,"Lightning eMotors, Inc.",Industrials,Farm & Heavy Construction Machinery
7160,1474558,KATX,"KAT EXPLORATION, INC.",Financial Services,Shell Companies
7161,1409999,BBBT,"Black Bird Biotech, Inc.",Healthcare,Drug Manufacturers—Specialty & Generic
7163,1762546,GTRL,"Get Real USA, Inc.",Financial Services,Financial Conglomerates
7164,1478069,CFRXQ,CONTRAFECT Corp,Healthcare,Biotechnology
7165,1509786,GKIN,Guskin Gold Corp.,Basic Materials,Gold
7166,1497130,VNTH,"Nano Mobile Healthcare, Inc.",Healthcare,Health Information Services
7168,1641751,BBRW,BrewBilt Manufacturing Inc.,Industrials,Specialty Industrial Machinery
7170,1227282,SPOWF,Strata Power Corp,Energy,Oil & Gas E&P
7172,1434601,TMGI,"Marquie Group, Inc.",Communication Services,Broadcasting
7174,1230524,CYAP,"Leopard Energy, Inc.",Technology,Software—Application
7180,1913210,BRSHF,Bruush Oral Care Inc.,Consumer Defensive,Household & Personal Products
7181,895287,VMHG,VICTORY MARINE HOLDINGS CORP,Consumer Cyclical,Leisure
7184,814549,EBIXQ,EBIX INC,Technology,Software—Application
7185,1830503,BZWR,Business Warrior Corp,Technology,Software—Application
7186,1011662,GDSI,GLOBAL DIGITAL SOLUTIONS INC,Industrials,Security & Protection Services
7187,1648903,FIFG,"First Foods Group, Inc.",Industrials,Specialty Business Services
7188,1088005,NXMR,NextMart Inc.,Energy,Oil & Gas Equipment & Services
7189,1401395,NEPTF,Neptune Wellness Solutions Inc.,Healthcare,Drug Manufacturers—Specialty & Generic
7191,1934064,OSAPQ,"ProSomnus, Inc.",Healthcare,Medical Devices
7192,1653247,ASAPQ,Waitr Holdings Inc.,Consumer Cyclical,Internet Retail
7194,1811109,AUVIQ,"Applied UV, Inc.",Consumer Cyclical,"Furnishings, Fixtures & Appliances"
7195,1308027,VYST,Vystar Corp,Basic Materials,Specialty Chemicals
7199,1596062,QBIO,Q BioMed Inc.,Healthcare,Biotechnology
7200,737207,ATRX,"Adhera Therapeutics, Inc.",Healthcare,Biotechnology
7202,1438901,FLES,"Auto Parts 4Less Group, Inc.",Consumer Cyclical,Auto Parts
7203,813716,CIRX,CIRTRAN CORP,Industrials,Conglomerates
7204,1784567,HCDIQ,"Harbor Custom Development, Inc.",Real Estate,Real Estate—Development
7207,874292,AEYGQ,ADDVANTAGE TECHNOLOGIES GROUP INC,Technology,Electronics & Computer Distribution
7208,1318641,STAB,"Statera Biopharma, Inc.",Healthcare,Biotechnology
7209,1704795,BANT,"Bantec, Inc.",Industrials,Aerospace & Defense
7210,1494413,TWOH,Two Hands Corp,Technology,Software—Application
7211,1161582,PHOT,"GROWLIFE, INC.",Industrials,Industrial Distribution
7213,1559172,DPWW,"DIEGO PELLICER WORLDWIDE, INC",Real Estate,Real Estate Services
7214,1293310,HGENQ,"HUMANIGEN, INC",Healthcare,Biotechnology
7218,1671132,SONG,Music Licensing Inc.,Communication Services,Entertainment
7221,1813658,TMPOQ,"Tempo Automation Holdings, Inc.",Technology,Electronic Components
7222,896747,ABMC,AMERICAN BIO MEDICA CORP,Healthcare,Diagnostics & Research
7224,1676580,VENG,VISION ENERGY Corp,Utilities,Utilities—Renewable
7227,1373853,THBD,NEW AMERICA ENERGY CORP.,Consumer Cyclical,"Furnishings, Fixtures & Appliances"
7229,1717556,BBIG,"Vinco Ventures, Inc.",Consumer Cyclical,Leisure
7232,1741231,TTCFQ,"Tattooed Chef, Inc.",Consumer Defensive,Packaged Foods
7235,1823882,MIMOQ,Airspan Networks Holdings Inc.,Communication Services,Telecom Services
7238,1125699,DLYT,DAIS Corp,Industrials,Electrical Equipment & Parts
7250,1169987,HTGMQ,"HTG MOLECULAR DIAGNOSTICS, INC",Healthcare,Diagnostics & Research
7253,1866390,BBLNF,Babylon Holdings Ltd,Healthcare,Health Information Services
7254,882800,PACV,"Pacific Ventures Group, Inc.",Consumer Defensive,Food Distribution
7255,1617669,UFABQ,"Unique Fabricating, Inc.",Consumer Cyclical,Auto Parts
7257,1655075,AFIIQ,"Armstrong Flooring, Inc.",Industrials,Building Products & Equipment
7259,1762322,SFTGQ,"SHIFT TECHNOLOGIES, INC.",Consumer Cyclical,Auto & Truck Dealerships
7261,1729750,KBNT,"Kubient, Inc.",Technology,Software—Application
7266,1633441,SECOY,Secoo Holding Ltd,Consumer Cyclical,Internet Retail
7267,1810140,POLCQ,Polished.com Inc.,Consumer Cyclical,Specialty Retail
7278,1795091,OSTX,OS Therapies Inc,Healthcare,Biotechnology
7286,1984725,ONDR,"Sushi Ginza Onodera, Inc.",Consumer Cyclical,Restaurants
7291,1449005,JSCPY,JSR Corp.,Basic Materials,Specialty Chemicals
7294,1421204,RBSH,"Rebus Holdings, Inc.",Healthcare,Biotechnology
7301,772263,NICH,NITCHES INC,Consumer Cyclical,Apparel Manufacturing
7312,2007596,TWFG,"TWFG, Inc.",Financial Services,Insurance Brokers
7341,1880249,WCHD,"WeCapital Holdings, Inc.",Financial Services,Shell Companies
7387,1991946,CGBS,Crown LNG Holdings Ltd,Energy,Oil & Gas Integrated
7417,1971542,QMMM,QMMM Holdings Ltd,Communication Services,Advertising Agencies
7444,823277,CHSCP,CHS INC,Consumer Defensive,Farm Products
7470,1831979,SDST,Stardust Power Inc.,Industrials,Electrical Equipment & Parts
7505,1690012,ICR-PA,"InPoint Commercial Real Estate Income, Inc.",Real Estate,REIT—Mortgage
7509,1756655,ARDT,"Ardent Health Partners, LLC",Healthcare,Medical Care Facilities
7525,1733861,RTEZ,REST EZ Inc.,Healthcare,Pharmaceutical Retailers
7549,1622536,TLN,Talen Energy Corp,Utilities,Utilities—Independent Power Producers
7567,1561032,HTIA,"Healthcare Trust, Inc.",Real Estate,REIT—Healthcare Facilities
7577,1427437,ETI-P,"ENTERGY TEXAS, INC.",Utilities,Utilities—Regulated Electric
7591,1652044,GOOG,Alphabet Inc.,Communication Services,Internet Content & Information
7594,1067983,BRK-A,BERKSHIRE HATHAWAY INC,Financial Services,Insurance—Diversified
7595,353278,NONOF,NOVO NORDISK A S,Healthcare,Biotechnology
7597,937966,ASMLF,ASML HOLDING NV,Technology,Semiconductor Equipment & Materials
7598,19617,JPM-PC,JPMORGAN CHASE & CO,Financial Services,Banks—Diversified
7599,19617,JPM-PD,JPMORGAN CHASE & CO,Financial Services,Banks—Diversified
7600,70858,BML-PH,BANK OF AMERICA CORP /DE/,Financial Services,Banks—Diversified
7601,70858,BML-PG,BANK OF AMERICA CORP /DE/,Financial Services,Banks—Diversified
7602,70858,BAC-PE,BANK OF AMERICA CORP /DE/,Financial Services,Banks—Diversified
7603,1094517,TOYOF,TOYOTA MOTOR CORP/,Consumer Cyclical,Auto Manufacturers
7604,70858,BML-PJ,BANK OF AMERICA CORP /DE/,Financial Services,Banks—Diversified
7605,70858,BML-PL,BANK OF AMERICA CORP /DE/,Financial Services,Banks—Diversified
7606,70858,BAC-PB,BANK OF AMERICA CORP /DE/,Financial Services,Banks—Diversified
7607,1108329,PCCYF,PETROCHINA CO LTD,Energy,Oil & Gas Integrated
7608,70858,BAC-PK,BANK OF AMERICA CORP /DE/,Financial Services,Banks—Diversified
7609,901832,AZNCF,ASTRAZENECA PLC,Healthcare,Drug Manufacturers—General
7610,1306965,RYDAF,Shell plc,Energy,Oil & Gas Integrated
7611,1000184,SAPGF,SAP SE,Technology,Software—Application
7612,1114448,NVSEF,NOVARTIS AG,Healthcare,Drug Manufacturers—General
7613,72971,WFC-PY,WELLS FARGO & COMPANY/MN,Financial Services,Banks—Diversified
7614,72971,WFC-PL,WELLS FARGO & COMPANY/MN,Financial Services,Banks—Diversified
7615,1577552,BABAF,Alibaba Group Holding Ltd,Consumer Cyclical,Internet Retail
7616,879764,TTFNF,TotalEnergies SE,Energy,Oil & Gas Integrated
7617,1089113,HBCYF,HSBC HOLDINGS PLC,Financial Services,Banks—Diversified
7618,811809,BHPLF,BHP Group Ltd,Basic Materials,Other Industrial Metals & Mining
7620,217410,UNLYF,UNILEVER PLC,Consumer Defensive,Household & Personal Products
7621,1668717,BUDFF,Anheuser-Busch InBev SA/NV,Consumer Defensive,Beverages—Brewers
7622,67088,MBFJF,MITSUBISHI UFJ FINANCIAL GROUP INC,Financial Services,Banks—Diversified
7623,72971,WFC-PC,WELLS FARGO & COMPANY/MN,Financial Services,Banks—Diversified
7624,1121404,SNYNF,Sanofi,Healthcare,Drug Manufacturers—General
7625,313807,BPAQF,BP PLC,Energy,Oil & Gas Integrated
7626,1378580,EADSF,Airbus SE/ADR,Industrials,Aerospace & Defense
7627,313838,SNEJF,Sony Group Corp,Technology,Consumer Electronics
7628,863064,RTPPF,RIO TINTO PLC,Basic Materials,Other Industrial Metals & Mining
7629,1443276,TOELF,Tokyo Electron LTD,Technology,Semiconductor Equipment & Materials
7630,1091587,ABLZF,ABB LTD,Industrials,Electrical Equipment & Parts
7631,1091587,ABBNY,ABB LTD,Industrials,Electrical Equipment & Parts
7633,769594,NTTYY,NIPPON TELEGRAPH & TELEPHONE CORP,Communication Services,Telecom Services
7634,1268896,CILJF,CHINA LIFE INSURANCE CO LTD,Financial Services,Insurance—Life
7635,1161167,AIQUF,L AIR LIQUIDE SA /FI,Basic Materials,Specialty Chemicals
7636,948401,CFRHF,COMPAGNIE FINANCIERE RICHEMONT AG /FI,Consumer Cyclical,Luxury Goods
7637,1140625,STOHF,EQUINOR ASA,Energy,Oil & Gas Integrated
7638,1123658,SNPMF,CHINA PETROLEUM & CHEMICAL CORP,Energy,Oil & Gas Integrated
7639,748954,ATLCY,ATLAS COPCO AB,Industrials,Specialty Industrial Machinery
7640,886982,GS-PA,GOLDMAN SACHS GROUP INC,Financial Services,Capital Markets
7641,1067318,MBGAF,DAIMLER AG,Consumer Cyclical,Auto Manufacturers
7643,886982,GS-PD,GOLDMAN SACHS GROUP INC,Financial Services,Capital Markets
7644,895421,MS-PA,MORGAN STANLEY,Financial Services,Capital Markets
7645,36104,USB-PH,US BANCORP DE,Financial Services,Banks—Regional
7646,1131399,GLAXF,GSK plc,Healthcare,Drug Manufacturers—General
7647,895728,EBBNF,ENBRIDGE INC,Energy,Oil & Gas Midstream
7648,310732,BNPQF,BNP PARIBAS,Financial Services,Banks—Regional
7649,30554,CTA-PB,"EIDP, Inc.",Basic Materials,Agricultural Inputs
7650,36104,USB-PP,US BANCORP DE,Financial Services,Banks—Regional
7651,310732,BNPQY,BNP PARIBAS,Financial Services,Banks—Regional
7653,1303523,BTAFF,British American Tobacco p.l.c.,Consumer Defensive,Tobacco
7654,835403,DGEAF,DIAGEO PLC,Consumer Defensive,Beverages—Wineries & Distilleries
7655,1524684,GLCNF,Glencore plc/ADR,Basic Materials,Other Industrial Metals & Mining
7657,895421,MS-PK,MORGAN STANLEY,Financial Services,Capital Markets
7658,895421,MS-PI,MORGAN STANLEY,Financial Services,Capital Markets
7659,1119639,PBR-A,PETROBRAS - PETROLEO BRASILEIRO SA,Energy,Oil & Gas Integrated
7660,895421,MS-PF,MORGAN STANLEY,Financial Services,Capital Markets
7661,895421,MS-PE,MORGAN STANLEY,Financial Services,Capital Markets
7662,1446250,BAMXF,Bayerische Motoren Werke AG/ADR,Consumer Cyclical,Auto Manufacturers
7663,929869,RLXXF,RELX PLC,Industrials,Specialty Business Services
7664,1110646,NETTF,"NetEase, Inc.",Communication Services,Electronic Gaming & Multimedia
7665,1326160,DUK-PA,Duke Energy CORP,Utilities,Utilities—Regulated Electric
7667,1002242,EIPAF,ENI SPA,Energy,Oil & Gas Integrated
7670,1395064,TKPHF,TAKEDA PHARMACEUTICAL CO LTD,Healthcare,Drug Manufacturers—Specialty & Generic
7671,1329099,BAIDF,"Baidu, Inc.",Communication Services,Internet Content & Information
7673,719245,WEBNF,WESTPAC BANKING CORP,Financial Services,Banks—Diversified
7674,316709,SCHW-PD,SCHWAB CHARLES CORP,Financial Services,Capital Markets
7676,895564,BAESF,BAE SYSTEMS PLC /FI/,Industrials,Aerospace & Defense
7677,75594,PPWLM,PACIFICORP /OR/,Utilities,Utilities—Regulated Electric
7678,1004315,NGGTF,NATIONAL GRID PLC,Utilities,Utilities—Regulated Electric
7679,1446519,DKILF,Daikin Industries Ltd,Industrials,Building Products & Equipment
7681,1063761,SPG-PJ,SIMON PROPERTY GROUP INC /DE/,Real Estate,REIT—Retail
7682,1232384,TNCAF,TC ENERGY CORP,Energy,Oil & Gas Midstream
7683,1039765,INGVF,ING GROEP NV,Financial Services,Banks—Diversified
7684,1099219,MET-PA,METLIFE INC,Financial Services,Insurance—Life
7685,932787,STMEF,STMicroelectronics N.V.,Technology,Semiconductors
7686,1099219,MET-PE,METLIFE INC,Financial Services,Insurance—Life
7687,1160106,LLDTF,Lloyds Banking Group plc,Financial Services,Banks—Regional
7688,1045609,PLDGP,"Prologis, Inc.",Real Estate,REIT—Industrial
7689,844551,WOPEF,WOODSIDE ENERGY GROUP LTD,Energy,Oil & Gas E&P
7691,1900304,HLNCF,Haleon plc,Healthcare,Drug Manufacturers—Specialty & Generic
7692,1446598,DNZOF,Denso Corp,Consumer Cyclical,Auto Parts
7694,1549802,JDCMF,"JD.com, Inc.",Consumer Cyclical,Internet Retail
7695,1393311,PSA-PH,Public Storage,Real Estate,REIT—Industrial
7699,1001085,BAMGF,BROOKFIELD Corp /ON/,Financial Services,Asset Management
7700,1450468,MRAAF,"Murata Manufacturing Co., Ltd./ADR",Technology,Electronic Components
7701,1393311,PSA-PK,Public Storage,Real Estate,REIT—Industrial
7702,886986,TCKRF,TECK RESOURCES LTD,Basic Materials,Other Industrial Metals & Mining
7703,899051,ALL-PH,ALLSTATE CORP,Financial Services,Insurance—Property & Casualty
7704,1279967,CRARF,CREDIT AGRICOLE S A,Financial Services,Banks—Regional
7709,14693,BF-A,BROWN FORMAN CORP,Consumer Defensive,Beverages—Wineries & Distilleries
7710,920760,LEN-B,LENNAR CORP /NEW/,Consumer Cyclical,Residential Construction
7712,312069,BCLYF,BARCLAYS PLC,Financial Services,Banks—Diversified
7714,1012037,CODGF,COMPAGNIE DE SAINT GOBAIN,Industrials,Building Products & Equipment
7715,46619,HEI-A,HEICO CORP,Industrials,Aerospace & Defense
7717,16988,CAJPY,CANON INC,Technology,Computer Hardware
7720,1160330,BBDO,BANK BRADESCO,Financial Services,Banks—Regional
7721,1434265,GNMSF,GENMAB A/S,Healthcare,Biotechnology
7722,798941,FCNCB,FIRST CITIZENS BANCSHARES INC /DE/,Financial Services,Banks—Regional
7723,1700171,ANNSF,Aena S.A./ADR,Industrials,Airports & Air Services
7724,1297996,DLR-PK,"DIGITAL REALTY TRUST, INC.",Real Estate,REIT—Specialty
7725,1026214,FMCCT,FEDERAL HOME LOAN MORTGAGE CORP,Financial Services,Mortgage Finance
7726,733099,RCIAF,ROGERS COMMUNICATIONS INC,Communication Services,Telecom Services
7728,1243429,AMSYF,ArcelorMittal,Basic Materials,Steel
7731,63754,MKC-V,MCCORMICK & CO INC,Consumer Defensive,Packaged Foods
7732,1297996,DLR-PJ,"DIGITAL REALTY TRUST, INC.",Real Estate,REIT—Specialty
7733,1190723,TNRSF,TENARIS SA,Energy,Oil & Gas Equipment & Services
7734,1618755,RSTRF,Restaurant Brands International Limited Partnership,Consumer Cyclical,Restaurants
7735,16988,CAJFF,CANON INC,Technology,Computer Hardware
7736,924613,NOKBF,NOKIA CORP,Technology,Communication Equipment
7738,1269238,TRPCF,Trip.com Group Ltd,Consumer Cyclical,Travel Services
7739,910631,COCSF,COCA COLA FEMSA SAB DE CV,Consumer Defensive,Beverages—Non-Alcoholic
7740,93751,STT-PG,STATE STREET CORP,Financial Services,Asset Management
7741,717826,ERIXF,ERICSSON LM TELEPHONE CO,Technology,Communication Equipment
7742,1050952,PGPEF,PUBLICIS GROUPE SA,Communication Services,Advertising Agencies
7743,1449566,WLMIF,Wilmar International Ltd,Consumer Defensive,Packaged Foods
7746,929058,HUNGF,HUANENG POWER INTERNATIONAL INC,Utilities,Utilities—Independent Power Producers
7747,1736541,NIOIF,NIO Inc.,Consumer Cyclical,Auto Manufacturers
7748,1560385,FWONB,Liberty Media Corp,Communication Services,Entertainment
7749,874766,HIG-PG,"HARTFORD FINANCIAL SERVICES GROUP, INC.",Financial Services,Insurance—Property & Casualty
7750,35527,FITBI,FIFTH THIRD BANCORP,Financial Services,Banks—Regional
7751,1439124,EBR-B,BRAZILIAN ELECTRIC POWER CO,Utilities,Utilities—Renewable
7753,1712356,HRNNF,Hydro One Ltd,Utilities,Utilities—Regulated Electric
7754,882602,OMVJF,OMV AKTIENGESELLSCHAFT /FI,Energy,Oil & Gas Integrated
7755,1560385,FWONA,Liberty Media Corp,Communication Services,Entertainment
7756,1560385,FWONK,Liberty Media Corp,Communication Services,Entertainment
7757,1069347,SGSOF,SGS SOCIETE GENERALE DE SURVEILLANCE HOLDING SA /FI,Industrials,Consulting Services
7763,915191,FAXXF,FAIRFAX FINANCIAL HOLDINGS LTD/ CAN,Financial Services,Insurance—Property & Casualty
7764,1564708,NWS,NEWS CORP,Communication Services,Entertainment
7765,1754301,FOX,Fox Corp,Communication Services,Entertainment
7767,1030475,CHEAF,CHINA EASTERN AIRLINES CORP LTD,Industrials,Airlines
7769,1158838,ADTTF,ADVANTEST CORP,Technology,Semiconductor Equipment & Materials
7771,91576,KEY-PK,KEYCORP /NEW/,Financial Services,Banks—Regional
7773,759944,CFG-PD,CITIZENS FINANCIAL GROUP INC/RI,Financial Services,Banks—Regional
7774,1001474,KKPNF,KONINKLIJKE KPN N V,Communication Services,Telecom Services
7775,818686,TEVJF,TEVA PHARMACEUTICAL INDUSTRIES LTD,Healthcare,Drug Manufacturers—Specialty & Generic
7776,1517231,SSMXF,Sysmex Corporation/ADR,Healthcare,Medical Instruments & Supplies
7777,1078642,CRERF,CARREFOUR SA,Consumer Defensive,Grocery Stores
7779,1043219,NLY-PG,ANNALY CAPITAL MANAGEMENT INC,Real Estate,REIT—Mortgage
7781,91576,KEY-PJ,KEYCORP /NEW/,Financial Services,Banks—Regional
7782,1281721,SGIOF,SHIONOGI & CO LTD,Healthcare,Drug Manufacturers—Specialty & Generic
7785,1445475,BOUYF,Bouygues SA,Industrials,Engineering & Construction
7787,1732845,WRK,WestRock Co,Consumer Cyclical,Packaging & Containers
7788,1043219,NLY-PF,ANNALY CAPITAL MANAGEMENT INC,Real Estate,REIT—Mortgage
7791,1131345,NVZMF,NOVOZYMES AS/FI,Basic Materials,Specialty Chemicals
7792,1858681,APO-PA,"Apollo Global Management, Inc.",Financial Services,Asset Management
7793,91576,KEY-PI,KEYCORP /NEW/,Financial Services,Banks—Regional
7794,947484,ACGLO,ARCH CAPITAL GROUP LTD.,Financial Services,Insurance—Diversified
7798,930826,SVYSF,SOLVAY S A /ADR/,Basic Materials,Chemicals
7799,105016,WSO-B,WATSCO INC,Industrials,Industrial Distribution
7800,1333141,FMCQF,Fresenius Medical Care AG,Healthcare,Medical Care Facilities
7801,912595,MAA-PI,MID AMERICA APARTMENT COMMUNITIES INC.,Real Estate,REIT—Residential
7802,1611983,LBRDB,Liberty Broadband Corp,Communication Services,Telecom Services
7803,1281761,RF-PC,REGIONS FINANCIAL CORP,Financial Services,Banks—Regional
7804,1281761,RF-PB,REGIONS FINANCIAL CORP,Financial Services,Banks—Regional
7806,1442651,SHECF,"Shin-Etsu Chemical Co., Ltd.",Basic Materials,Chemicals
7807,1611983,LBRDK,Liberty Broadband Corp,Communication Services,Telecom Services
7808,1161611,ALMMF,ALUMINUM CORP OF CHINA LTD,Basic Materials,Aluminum
7809,1127248,ERRAF,EMERA INC,Utilities,Utilities—Regulated Electric
7811,1545460,OLCLF,"Oriental Land Co., Ltd./ADR",Consumer Cyclical,Leisure
7812,1617640,Z,"ZILLOW GROUP, INC.",Communication Services,Internet Content & Information
7813,4457,UHAL-B,U-Haul Holding Co /NV/,Industrials,Rental & Leasing Services
7814,24545,TAP-A,MOLSON COORS BEVERAGE CO,Consumer Defensive,Beverages—Brewers
7817,1127055,VIVEF,VIVENDI,Communication Services,Entertainment
7818,1690981,NNGPF,NN Group NV/ADR,Financial Services,Insurance—Diversified
7820,1446656,KIKOF,Kikkoman Corp,Consumer Defensive,Packaged Foods
7824,1447100,YAMHF,"Yamaha Motor Co., Ltd.",Consumer Cyclical,Auto Manufacturers
7825,1723690,BLBLF,Bilibili Inc.,Communication Services,Electronic Gaming & Multimedia
7827,1570585,LBTYB,Liberty Global Ltd.,Communication Services,Telecom Services
7829,100826,UEPCN,UNION ELECTRIC CO,Utilities,Utilities—Regulated Electric
7832,1076378,CXMSF,CEMEX SAB DE CV,Basic Materials,Building Materials
7833,1423689,AGNCM,AGNC Investment Corp.,Real Estate,REIT—Mortgage
7836,1123452,ASRMF,SOUTHEAST AIRPORT GROUP,Industrials,Airports & Air Services
7837,1423689,AGNCN,AGNC Investment Corp.,Real Estate,REIT—Mortgage
7838,1560385,LSXMB,Liberty Media Corp,Communication Services,Broadcasting
7839,100826,UEPEO,UNION ELECTRIC CO,Utilities,Utilities—Regulated Electric
7840,100826,UEPEP,UNION ELECTRIC CO,Utilities,Utilities—Regulated Electric
7841,1884082,PSNYW,Polestar Automotive Holding UK PLC,Consumer Cyclical,Auto Manufacturers
7843,34903,FRT-PC,FEDERAL REALTY INVESTMENT TRUST,Real Estate,REIT—Retail
7847,813828,PARAA,Paramount Global,Communication Services,Entertainment
7848,1562401,AMH-PH,American Homes 4 Rent,Real Estate,REIT—Residential
7849,1347557,GPAEF,Pacific Airport Group,Industrials,Airports & Air Services
7850,899689,VNO-PL,VORNADO REALTY TRUST,Real Estate,REIT—Office
7851,100826,UEPCP,UNION ELECTRIC CO,Utilities,Utilities—Regulated Electric
7852,1562401,AMH-PG,American Homes 4 Rent,Real Estate,REIT—Residential
7853,899689,VNO-PM,VORNADO REALTY TRUST,Real Estate,REIT—Office
7854,1527469,ATH-PA,Athene Holding Ltd.,Financial Services,Insurance—Diversified
7855,1294591,RKUNF,"Rakuten Group, Inc.",Consumer Cyclical,Internet Retail
7856,1560385,LSXMK,Liberty Media Corp,Communication Services,Broadcasting
7857,1535929,VOYA-PB,"Voya Financial, Inc.",Financial Services,Financial Conglomerates
7858,100826,UEPEM,UNION ELECTRIC CO,Utilities,Utilities—Regulated Electric
7859,100826,UEPEN,UNION ELECTRIC CO,Utilities,Utilities—Regulated Electric
7860,913144,RNR-PF,RENAISSANCERE HOLDINGS LTD,Financial Services,Insurance—Reinsurance
7861,1438569,GIFLF,Grifols SA,Healthcare,Drug Manufacturers—General
7862,1438569,GIFOF,Grifols SA,Healthcare,Drug Manufacturers—General
7863,879101,KIM-PM,KIMCO REALTY CORP,Real Estate,REIT—Retail
7864,1289688,JCYCF,Jardine Cycle & Carriage Ltd.,Industrials,Conglomerates
7865,1570585,LBTYK,Liberty Global Ltd.,Communication Services,Telecom Services
7868,1157557,CIG-C,ENERGY CO OF MINAS GERAIS,Utilities,Utilities—Diversified
7869,310522,FNMAS,FEDERAL NATIONAL MORTGAGE ASSOCIATION FANNIE MAE,Financial Services,Mortgage Finance
7871,879101,KIM-PL,KIMCO REALTY CORP,Real Estate,REIT—Retail
7872,1446596,FANUF,Fanuc Ltd,Industrials,Specialty Industrial Machinery
7877,1495798,LCCTF,L'Occitane International S.A./ADR/,Consumer Defensive,Household & Personal Products
7878,1040971,SLG-PI,SL GREEN REALTY CORP,Real Estate,REIT—Office
7880,1534043,FUPBY,Fuchs Petrolub SE/ADR,Basic Materials,Specialty Chemicals
7882,1438569,GIKLY,Grifols SA,Healthcare,Drug Manufacturers—General
7883,310522,FNMAJ,FEDERAL NATIONAL MORTGAGE ASSOCIATION FANNIE MAE,Financial Services,Mortgage Finance
7885,310522,FNMAH,FEDERAL NATIONAL MORTGAGE ASSOCIATION FANNIE MAE,Financial Services,Mortgage Finance
7887,1156831,QBCRF,QUEBECOR MEDIA INC,Communication Services,Telecom Services
7890,1062750,SAPMY,SAIPEM S P A /FI,Energy,Oil & Gas Equipment & Services
7894,18349,SNV-PD,SYNOVUS FINANCIAL CORP,Financial Services,Banks—Regional
7895,1437178,EGFEF,EFG Eurobank Ergasias S.A./ADR,Financial Services,Banks—Regional
7896,1023514,HGMCF,HARMONY GOLD MINING CO LTD,Basic Materials,Gold
7898,1567683,CWEN-A,"Clearway Energy, Inc.",Utilities,Utilities—Renewable
7899,1695519,ATGFF,AltaGas Ltd.,Energy,Oil & Gas Midstream
7900,899689,VNORP,VORNADO REALTY TRUST,Real Estate,REIT—Office
7905,1045450,EPR-PG,EPR PROPERTIES,Real Estate,REIT—Specialty
7907,850460,WIRE,ENCORE WIRE CORP,Industrials,Electrical Equipment & Parts
7908,310522,FNMFN,FEDERAL NATIONAL MORTGAGE ASSOCIATION FANNIE MAE,Financial Services,Mortgage Finance
7909,763901,BPOPO,"POPULAR, INC.",Financial Services,Banks—Regional
7910,1110452,AFRAF,AIR FRANCE-KLM /FI,Industrials,Airlines
7914,1559444,FURCF,FORVIA SE/ADR,Consumer Cyclical,Auto Parts
7915,1172494,AUOTY,AU OPTRONICS CORP,Technology,Electronic Components
7917,1762506,VIST,"Vista Energy, S.A.B. de C.V.",Energy,Oil & Gas E&P
7921,1214816,AXS-PE,AXIS CAPITAL HOLDINGS LTD,Financial Services,Insurance—Specialty
7923,1792045,THNPY,Technip Energies N.V.,Energy,Oil & Gas Equipment & Services
7926,1126956,SR-PA,SPIRE INC,Utilities,Utilities—Regulated Gas
7927,910073,NYCB-PA,"NEW YORK COMMUNITY BANCORP, INC.",Financial Services,Banks—Regional
7928,1671750,DISPF,Disco Corporation/ADR,Technology,Semiconductor Equipment & Materials
7929,1032033,SLMBP,SLM Corp,Financial Services,Credit Services
7930,1685040,BHFAP,"Brighthouse Financial, Inc.",Financial Services,Insurance—Life
7932,803649,EQC-PD,Equity Commonwealth,Real Estate,REIT—Office
7933,720672,SF-PB,STIFEL FINANCIAL CORP,Financial Services,Capital Markets
7935,1571283,REXR-PB,"Rexford Industrial Realty, Inc.",Real Estate,REIT—Industrial
7936,1465740,TWO-PC,TWO HARBORS INVESTMENT CORP.,Real Estate,REIT—Mortgage
7937,1487712,AL-PA,AIR LEASE CORP,Industrials,Rental & Leasing Services
7938,1792627,JTKWY,Just Eat Takeaway.com N.V.,Consumer Cyclical,Internet Retail
7940,1363829,ESGRO,Enstar Group LTD,Financial Services,Insurance—Diversified
7941,1409493,CIM-PD,CHIMERA INVESTMENT CORP,Real Estate,REIT—Mortgage
7942,1409493,CIM-PB,CHIMERA INVESTMENT CORP,Real Estate,REIT—Mortgage
7943,1015328,WTFCM,WINTRUST FINANCIAL CORP,Financial Services,Banks—Regional
7944,1062750,SAPMF,SAIPEM S P A /FI,Energy,Oil & Gas Equipment & Services
7945,1012019,RUSHB,RUSH ENTERPRISES INC \TX\,Consumer Cyclical,Auto & Truck Dealerships
7946,1409493,CIM-PC,CHIMERA INVESTMENT CORP,Real Estate,REIT—Mortgage
7947,67887,MOG-B,MOOG INC.,Industrials,Aerospace & Defense
7948,1363829,ESGRP,Enstar Group LTD,Financial Services,Insurance—Diversified
7950,1465740,TWO-PB,TWO HARBORS INVESTMENT CORP.,Real Estate,REIT—Mortgage
7952,1465740,TWO-PA,TWO HARBORS INVESTMENT CORP.,Real Estate,REIT—Mortgage
7955,1026214,FMCCI,FEDERAL HOME LOAN MORTGAGE CORP,Financial Services,Mortgage Finance
7956,1336917,UA,"Under Armour, Inc.",Consumer Cyclical,Apparel Manufacturing
7957,801337,WBS-PF,WEBSTER FINANCIAL CORP,Financial Services,Banks—Regional
7958,1026214,FMCKI,FEDERAL HOME LOAN MORTGAGE CORP,Financial Services,Mortgage Finance
7959,714310,VLYPO,VALLEY NATIONAL BANCORP,Financial Services,Banks—Regional
7960,1511337,RLJ-PA,RLJ Lodging Trust,Real Estate,REIT—Hotel & Motel
7961,1474098,PEB-PF,Pebblebrook Hotel Trust,Real Estate,REIT—Hotel & Motel
7964,43920,GEF-B,"GREIF, INC",Consumer Cyclical,Packaging & Containers
7965,1409493,CIM-PA,CHIMERA INVESTMENT CORP,Real Estate,REIT—Mortgage
7966,1055160,MFA-PB,"MFA FINANCIAL, INC.",Real Estate,REIT—Mortgage
7969,701374,SIX,Six Flags Entertainment Corp/OLD,Consumer Cyclical,Leisure
7970,925261,AKO-B,ANDINA BOTTLING CO INC,Consumer Defensive,Beverages—Non-Alcoholic
7972,714310,VLYPP,VALLEY NATIONAL BANCORP,Financial Services,Banks—Regional
7974,1012139,GNGYF,GUANGSHEN RAILWAY CO LTD,Industrials,Railroads
7976,1958140,BATRK,"Atlanta Braves Holdings, Inc.",Communication Services,Entertainment
7978,1026214,FMCCG,FEDERAL HOME LOAN MORTGAGE CORP,Financial Services,Mortgage Finance
7979,1712184,LILAB,Liberty Latin America Ltd.,Communication Services,Telecom Services
7980,7789,ASB-PE,ASSOCIATED BANC-CORP,Financial Services,Banks—Regional
7982,1581760,LIFX,"Life360, Inc.",Technology,Software—Application
7983,310522,FNMAM,FEDERAL NATIONAL MORTGAGE ASSOCIATION FANNIE MAE,Financial Services,Mortgage Finance
7986,1618563,NSA-PA,National Storage Affiliates Trust,Real Estate,REIT—Industrial
7987,1958140,BATRB,"Atlanta Braves Holdings, Inc.",Communication Services,Entertainment
7989,1660734,TRTN-PA,Triton International Ltd,Industrials,Rental & Leasing Services
7991,18654,AILLM,Ameren Illinois Co,Utilities,Utilities—Regulated Electric
7992,18654,AILLN,Ameren Illinois Co,Utilities,Utilities—Regulated Electric
7993,894315,SITC-PA,SITE Centers Corp.,Real Estate,REIT—Retail
7994,310522,FNMAN,FEDERAL NATIONAL MORTGAGE ASSOCIATION FANNIE MAE,Financial Services,Mortgage Finance
7995,98677,TROLB,TOOTSIE ROLL INDUSTRIES INC,Consumer Defensive,Confectioners
7996,887733,CENTA,CENTRAL GARDEN & PET CO,Consumer Defensive,Packaged Foods
7997,18654,AILIM,Ameren Illinois Co,Utilities,Utilities—Regulated Electric
7998,1026214,FMCCJ,FEDERAL HOME LOAN MORTGAGE CORP,Financial Services,Mortgage Finance
7999,310522,FNMAI,FEDERAL NATIONAL MORTGAGE ASSOCIATION FANNIE MAE,Financial Services,Mortgage Finance
8001,1770561,CODQL,Coronado Global Resources Inc.,Basic Materials,Coking Coal
8002,18654,AILLO,Ameren Illinois Co,Utilities,Utilities—Regulated Electric
8003,910108,LXP-PC,LXP Industrial Trust,Real Estate,REIT—Industrial
8005,310522,FNMAT,FEDERAL NATIONAL MORTGAGE ASSOCIATION FANNIE MAE,Financial Services,Mortgage Finance
8007,310522,FNMAK,FEDERAL NATIONAL MORTGAGE ASSOCIATION FANNIE MAE,Financial Services,Mortgage Finance
8008,1628063,SRG-PA,Seritage Growth Properties,Real Estate,Real Estate Services
8009,929351,LGF-B,LIONS GATE ENTERTAINMENT CORP /CN/,Communication Services,Entertainment
8010,310522,FNMAL,FEDERAL NATIONAL MORTGAGE ASSOCIATION FANNIE MAE,Financial Services,Mortgage Finance
8011,310522,FNMFM,FEDERAL NATIONAL MORTGAGE ASSOCIATION FANNIE MAE,Financial Services,Mortgage Finance
8012,845877,AGM-A,FEDERAL AGRICULTURAL MORTGAGE CORP,Financial Services,Credit Services
8014,107140,WLYB,"JOHN WILEY & SONS, INC.",Communication Services,Publishing
8015,310522,FNMAO,FEDERAL NATIONAL MORTGAGE ASSOCIATION FANNIE MAE,Financial Services,Mortgage Finance
8016,1437071,IVR-PC,Invesco Mortgage Capital Inc.,Real Estate,REIT—Mortgage
8017,310522,FNMAG,FEDERAL NATIONAL MORTGAGE ASSOCIATION FANNIE MAE,Financial Services,Mortgage Finance
8018,1712184,LILAK,Liberty Latin America Ltd.,Communication Services,Telecom Services
8019,310522,FNMFO,FEDERAL NATIONAL MORTGAGE ASSOCIATION FANNIE MAE,Financial Services,Mortgage Finance
8020,1635984,NWLI,"National Western Life Group, Inc.",Financial Services,Insurance—Life
8022,1504461,NGL-PB,NGL Energy Partners LP,Energy,Oil & Gas Midstream
8024,1553079,FISK,"Empire State Realty OP, L.P.",Real Estate,REIT—Office
8026,1829948,CIXXF,CI Financial Corp.,Financial Services,Asset Management
8027,1437071,IVR-PB,Invesco Mortgage Capital Inc.,Real Estate,REIT—Mortgage
8028,1504461,NGL-PC,NGL Energy Partners LP,Energy,Oil & Gas Midstream
8029,907254,BFS-PD,"SAUL CENTERS, INC.",Real Estate,REIT—Retail
8030,1026214,FMCCL,FEDERAL HOME LOAN MORTGAGE CORP,Financial Services,Mortgage Finance
8031,1553079,OGCP,"Empire State Realty OP, L.P.",Real Estate,REIT—Office
8032,1026214,FMCKL,FEDERAL HOME LOAN MORTGAGE CORP,Financial Services,Mortgage Finance
8033,1464423,PMT-PA,PennyMac Mortgage Investment Trust,Real Estate,REIT—Mortgage
8034,1437352,EVBG,"EVERBRIDGE, INC.",Technology,Software—Application
8035,1464423,PMT-PB,PennyMac Mortgage Investment Trust,Real Estate,REIT—Mortgage
8037,794685,GAB-PH,GABELLI EQUITY TRUST INC,Financial Services,Asset Management
8038,1526113,GNL-PA,"Global Net Lease, Inc.",Real Estate,REIT—Diversified
8041,1026214,FMCCS,FEDERAL HOME LOAN MORTGAGE CORP,Financial Services,Mortgage Finance
8042,1026214,FMCCO,FEDERAL HOME LOAN MORTGAGE CORP,Financial Services,Mortgage Finance
8043,1816901,SWGHF,"SAWAI GROUP HOLDINGS Co., Ltd.",Healthcare,Drug Manufacturers—Specialty & Generic
8044,1345126,CODI-PA,Compass Diversified Holdings,Industrials,Conglomerates
8045,1267395,AHL-PD,ASPEN INSURANCE HOLDINGS LTD,Financial Services,Insurance—Property & Casualty
8046,1345126,CODI-PB,Compass Diversified Holdings,Industrials,Conglomerates
8047,1026214,FMCKN,FEDERAL HOME LOAN MORTGAGE CORP,Financial Services,Mortgage Finance
8048,1273685,NYMTN,NEW YORK MORTGAGE TRUST INC,Real Estate,REIT—Mortgage
8050,1026214,FMCCN,FEDERAL HOME LOAN MORTGAGE CORP,Financial Services,Mortgage Finance
8051,1026214,FMCKO,FEDERAL HOME LOAN MORTGAGE CORP,Financial Services,Mortgage Finance
8052,1598655,GLOP-PB,GasLog Partners LP,Energy,Oil & Gas Midstream
8053,1026214,FMCKJ,FEDERAL HOME LOAN MORTGAGE CORP,Financial Services,Mortgage Finance
8054,1026214,FMCKM,FEDERAL HOME LOAN MORTGAGE CORP,Financial Services,Mortgage Finance
8055,1026214,FREGP,FEDERAL HOME LOAN MORTGAGE CORP,Financial Services,Mortgage Finance
8056,1598655,GLOP-PC,GasLog Partners LP,Energy,Oil & Gas Midstream
8057,1598655,GLOP-PA,GasLog Partners LP,Energy,Oil & Gas Midstream
8058,1026214,FMCCH,FEDERAL HOME LOAN MORTGAGE CORP,Financial Services,Mortgage Finance
8059,1026214,FMCCK,FEDERAL HOME LOAN MORTGAGE CORP,Financial Services,Mortgage Finance
8060,1497645,INN-PE,"Summit Hotel Properties, Inc.",Real Estate,REIT—Hotel & Motel
8061,719413,HL-PB,HECLA MINING CO/DE/,Basic Materials,Other Precious Metals & Mining
8062,1026214,FMCCP,FEDERAL HOME LOAN MORTGAGE CORP,Financial Services,Mortgage Finance
8063,1677576,IIPR-PA,INNOVATIVE INDUSTRIAL PROPERTIES INC,Real Estate,REIT—Industrial
8064,1026214,FMCCM,FEDERAL HOME LOAN MORTGAGE CORP,Financial Services,Mortgage Finance
8065,1026214,FMCKP,FEDERAL HOME LOAN MORTGAGE CORP,Financial Services,Mortgage Finance
8066,1728205,PLLTL,Piedmont Lithium Inc.,Basic Materials,Other Industrial Metals & Mining
8067,1569187,AHH-PA,"Armada Hoffler Properties, Inc.",Real Estate,REIT—Diversified
8071,1166663,TNP,TSAKOS ENERGY NAVIGATION LTD,Energy,Oil & Gas Midstream
8072,729580,BELFB,BEL FUSE INC /NJ,Technology,Electronic Components
8074,43196,GTN-A,GRAY TELEVISION INC,Communication Services,Broadcasting
8075,1782999,PTCHF,PureTech Health plc,Healthcare,Biotechnology
8076,1448978,SMBMF,SembCorp Marine Ltd.,Industrials,Aerospace & Defense
8077,8063,ATROB,ASTRONICS CORP,Industrials,Aerospace & Defense
8078,845877,AGM-PC,FEDERAL AGRICULTURAL MORTGAGE CORP,Financial Services,Credit Services
8079,1345099,MEOBF,MESOBLAST LTD,Healthcare,Biotechnology
8081,55135,KELYB,KELLY SERVICES INC,Industrials,Staffing & Employment Services
8082,845877,AGM-PD,FEDERAL AGRICULTURAL MORTGAGE CORP,Financial Services,Credit Services
8083,1503584,CMRE-PB,Costamare Inc.,Industrials,Marine Shipping
8084,1340243,MPSYF,MorphoSys AG,Healthcare,Biotechnology
8085,1503584,CMRE-PC,Costamare Inc.,Industrials,Marine Shipping
8086,1503584,CMRE-PD,Costamare Inc.,Industrials,Marine Shipping
8087,1060349,GAMI,"GAMCO INVESTORS, INC. ET AL",Financial Services,Asset Management
8088,1385145,CELJF,Cellcom Israel Ltd.,Communication Services,Telecom Services
8089,1503584,CMRE-PE,Costamare Inc.,Industrials,Marine Shipping
8091,1726173,BH,Biglari Holdings Inc.,Consumer Cyclical,Restaurants
8092,216085,HVT-A,HAVERTY FURNITURE COMPANIES INC,Consumer Cyclical,Home Improvement Retail
8095,863110,ARTNB,ARTESIAN RESOURCES CORP,Utilities,Utilities—Regulated Water
8096,1774170,PWFL,"Powerfleet, Inc.",Technology,Software—Infrastructure
8097,752642,UMH-PD,"UMH PROPERTIES, INC.",Real Estate,REIT—Residential
8098,1495222,OXLCM,Oxford Lane Capital Corp.,Financial Services,Asset Management
8099,1488813,CUBI-PE,"Customers Bancorp, Inc.",Financial Services,Banks—Regional
8100,1214935,NCV-PA,Virtus Convertible & Income Fund,Financial Services,Asset Management
8101,1488813,CUBI-PF,"Customers Bancorp, Inc.",Financial Services,Banks—Regional
8102,1499849,BRCPF,BrasilAgro - Brazilian Agricultural Real Estate Co,Consumer Defensive,Farm Products
8104,716006,YELLQ,Yellow Corp,Industrials,Trucking
8106,25475,CRD-B,CRAWFORD & CO,Financial Services,Insurance Brokers
8107,800457,DGICB,DONEGAL GROUP INC,Financial Services,Insurance—Property & Casualty
8108,1514281,MITT-PA,"AG Mortgage Investment Trust, Inc.",Real Estate,REIT—Mortgage
8109,357294,HOVVB,HOVNANIAN ENTERPRISES INC,Consumer Cyclical,Residential Construction
8110,1495222,OXLCO,Oxford Lane Capital Corp.,Financial Services,Asset Management
8111,353184,AIRTP,AIR T INC,Industrials,Conglomerates
8112,1533615,GMRE-PA,Global Medical REIT Inc.,Real Estate,REIT—Healthcare Facilities
8114,1495240,LANDM,GLADSTONE LAND Corp,Real Estate,REIT—Specialty
8115,1514281,MITT-PB,"AG Mortgage Investment Trust, Inc.",Real Estate,REIT—Mortgage
8116,88948,SENEB,Seneca Foods Corp,Consumer Defensive,Packaged Foods
8117,1452857,SPLP-PA,STEEL PARTNERS HOLDINGS L.P.,Industrials,Conglomerates
8118,1888274,DEFTF,"Defi Technologies, Inc.",Financial Services,Capital Markets
8119,1556898,THPTF,"Techpoint, Inc.",Technology,Semiconductors
8122,1593222,CIO-PA,"City Office REIT, Inc.",Real Estate,REIT—Office
8124,1080720,GUT-PC,GABELLI UTILITY TRUST,Financial Services,Asset Management
8125,1166663,TNP-PE,TSAKOS ENERGY NAVIGATION LTD,Energy,Oil & Gas Midstream
8127,23426,CNTHP,CONNECTICUT LIGHT & POWER CO,Utilities,Utilities—Regulated Electric
8129,23426,CNLPL,CONNECTICUT LIGHT & POWER CO,Utilities,Utilities—Regulated Electric
8130,1227857,NCZ-PA,Virtus Convertible & Income Fund II,Financial Services,Asset Management
8131,1318885,DSX-PB,DIANA SHIPPING INC.,Industrials,Marine Shipping
8132,23426,CNTHO,CONNECTICUT LIGHT & POWER CO,Utilities,Utilities—Regulated Electric
8133,1355096,QRTEB,"Qurate Retail, Inc.",Consumer Cyclical,Internet Retail
8134,1571776,CHMI-PB,Cherry Hill Mortgage Investment Corp,Real Estate,REIT—Mortgage
8135,1166663,TNP-PF,TSAKOS ENERGY NAVIGATION LTD,Energy,Oil & Gas Midstream
8137,922358,FGPRB,FERRELLGAS PARTNERS L P,Energy,Oil & Gas Refining & Marketing
8138,23426,CNTHN,CONNECTICUT LIGHT & POWER CO,Utilities,Utilities—Regulated Electric
8139,1459762,EXROF,EXRO TECHNOLOGIES INC.,Industrials,Electrical Equipment & Parts
8140,1479615,SLNCF,Silence Therapeutics plc,Healthcare,Biotechnology
8142,23426,CNLHO,CONNECTICUT LIGHT & POWER CO,Utilities,Utilities—Regulated Electric
8143,1574085,BHR-PD,Braemar Hotels & Resorts Inc.,Real Estate,REIT—Hotel & Motel
8145,23426,CNLHP,CONNECTICUT LIGHT & POWER CO,Utilities,Utilities—Regulated Electric
8147,23426,CNLTP,CONNECTICUT LIGHT & POWER CO,Utilities,Utilities—Regulated Electric
8148,1232582,AHT-PG,ASHFORD HOSPITALITY TRUST INC,Real Estate,REIT—Hotel & Motel
8149,1574085,BHR-PB,Braemar Hotels & Resorts Inc.,Real Estate,REIT—Hotel & Motel
8151,1232582,AHT-PI,ASHFORD HOSPITALITY TRUST INC,Real Estate,REIT—Hotel & Motel
8152,1232582,AHT-PF,ASHFORD HOSPITALITY TRUST INC,Real Estate,REIT—Hotel & Motel
8153,1232582,AHT-PH,ASHFORD HOSPITALITY TRUST INC,Real Estate,REIT—Hotel & Motel
8154,23426,CNLTL,CONNECTICUT LIGHT & POWER CO,Utilities,Utilities—Regulated Electric
8155,23426,CNPWM,CONNECTICUT LIGHT & POWER CO,Utilities,Utilities—Regulated Electric
8156,1232582,AHT-PD,ASHFORD HOSPITALITY TRUST INC,Real Estate,REIT—Hotel & Motel
8157,806279,CVLY,CODORUS VALLEY BANCORP INC,Financial Services,Banks—Regional
8158,1653558,PRTHU,"Priority Technology Holdings, Inc.",Technology,Software—Infrastructure
8159,1571776,CHMI-PA,Cherry Hill Mortgage Investment Corp,Real Estate,REIT—Mortgage
8160,23426,CNPWP,CONNECTICUT LIGHT & POWER CO,Utilities,Utilities—Regulated Electric
8161,1495240,LANDP,GLADSTONE LAND Corp,Real Estate,REIT—Specialty
8162,23426,CNLPM,CONNECTICUT LIGHT & POWER CO,Utilities,Utilities—Regulated Electric
8163,1641601,RVRF,River Financial Corp,Financial Services,Banks—Regional
8164,23426,CNLTN,CONNECTICUT LIGHT & POWER CO,Utilities,Utilities—Regulated Electric
8165,1859795,NVNXF,NOVONIX Ltd,Industrials,Electrical Equipment & Parts
8167,1896084,GSCCF,ioneer Ltd,Basic Materials,Other Industrial Metals & Mining
8168,1271554,ERLFF,Entree Resources Ltd.,Basic Materials,Other Industrial Metals & Mining
8172,23426,CNLHN,CONNECTICUT LIGHT & POWER CO,Utilities,Utilities—Regulated Electric
8173,1434754,SB-PD,"SAFE BULKERS, INC.",Industrials,Marine Shipping
8174,1434754,SB-PC,"SAFE BULKERS, INC.",Industrials,Marine Shipping
8175,1885461,SUAC,ShoulderUP Technology Acquisition Corp.,Financial Services,Shell Companies
8176,1575434,VERY,"Vericity, Inc.",Financial Services,Insurance—Life
8177,850261,SRNE,"Sorrento Therapeutics, Inc.",Healthcare,Biotechnology
8180,1606745,LTRPB,"Liberty TripAdvisor Holdings, Inc.",Communication Services,Internet Content & Information
8182,1035976,FNCB,"FNCB Bancorp, Inc.",Financial Services,Banks—Regional
8184,761648,CDR-PB,"CEDAR REALTY TRUST, INC.",Real Estate,REIT—Retail
8186,761648,CDR-PC,"CEDAR REALTY TRUST, INC.",Real Estate,REIT—Retail
8188,716634,RDIB,READING INTERNATIONAL INC,Communication Services,Entertainment
8189,1705012,FATBB,"Fat Brands, Inc",Consumer Cyclical,Restaurants
8190,1301236,SOHOO,Sotherly Hotels Inc.,Real Estate,REIT—Hotel & Motel
8191,1807983,MDNAF,Medicenna Therapeutics Corp.,Healthcare,Biotechnology
8193,1831270,BITE,Bite Acquisition Corp.,Financial Services,Shell Companies
8194,1589150,RGBPP,Regen BioPharma Inc,Healthcare,Biotechnology
8197,1882839,WONDF,WonderFi Technologies Inc.,Technology,Software—Application
8198,1831979,GPAC,Stardust Power Inc.,Financial Services,Shell Companies
8200,1302084,NSRCF,NextSource Materials Inc.,Basic Materials,Other Industrial Metals & Mining
8201,1712641,BFFTF,Biofrontera AG,Healthcare,Drug Manufacturers—Specialty & Generic
8202,1875931,OFSTF,Carbon Streaming Corp,Financial Services,Asset Management
8203,1430725,GSL-PB,"Global Ship Lease, Inc.",Industrials,Rental & Leasing Services
8204,1301236,SOHON,Sotherly Hotels Inc.,Real Estate,REIT—Hotel & Motel
8205,1301236,SOHOB,Sotherly Hotels Inc.,Real Estate,REIT—Hotel & Motel
8206,1838293,CHAA,Catcha Investment Corp,Financial Services,Shell Companies
8207,1505611,DPSI,"DecisionPoint Systems, Inc.",Technology,Software—Application
8208,1578453,DLNG-PB,Dynagas LNG Partners LP,Energy,Oil & Gas Midstream
8209,1004530,MPVDF,Mountain Province Diamonds Inc.,Basic Materials,Other Precious Metals & Mining
8211,1041657,UONEK,"URBAN ONE, INC.",Communication Services,Broadcasting
8212,1895251,SGTM,"Sustainable Green Team, Ltd.",Basic Materials,Agricultural Inputs
8213,1717452,ODTC,"Odonate Therapeutics, Inc.",Financial Services,Shell Companies
8214,1841675,ARBKF,Argo Blockchain Plc,Financial Services,Capital Markets
8215,1007273,BKSC,BANK OF SOUTH CAROLINA CORP,Financial Services,Banks—Regional
8216,1515114,GWIN,"GLORYWIN ENTERTAINMENT GROUP, INC.",Financial Services,Shell Companies
8217,1501078,OFED,Oconee Federal Financial Corp.,Financial Services,Banks—Regional
8218,1087456,UBOH,UNITED BANCSHARES INC/OH,Financial Services,Banks—Regional
8219,1861233,ILLMF,illumin Holdings Inc.,Communication Services,Advertising Agencies
8220,942149,OCGSF,Outcrop Silver & Gold Corp,Basic Materials,Other Precious Metals & Mining
8224,1787384,FFBW,"FFBW, Inc. /MD/",Financial Services,Banks—Regional
8225,1389207,GFASY,Gafisa S.A.,Consumer Cyclical,Residential Construction
8227,1679063,CSSEP,"Chicken Soup for the Soul Entertainment, Inc.",Communication Services,Entertainment
8228,1715433,LCHD,Leader Capital Holdings Corp.,Technology,Software—Application
8229,1705259,SMTSF,Sierra Metals Inc.,Basic Materials,Other Industrial Metals & Mining
8230,1633438,AZREF,Azure Power Global Ltd,Utilities,Utilities—Renewable
8231,1075706,CIZN,CITIZENS HOLDING CO /MS/,Financial Services,Banks—Regional
8233,1363958,WCRS,"WESTERN CAPITAL RESOURCES, INC.",Consumer Cyclical,Specialty Retail
8234,1734875,MSVB,"Mid-Southern Bancorp, Inc.",Financial Services,Banks—Regional
8235,1362898,AVLNF,Avalon Advanced Materials Inc.,Basic Materials,Other Industrial Metals & Mining
8236,1463833,IDWM,"IDW MEDIA HOLDINGS, INC.",Communication Services,Publishing
8237,1851657,VAXX,"Vaxxinity, Inc.",Healthcare,Biotechnology
8239,1429260,FBIOP,"Fortress Biotech, Inc.",Healthcare,Biotechnology
8241,350403,PHIG,"PHI Group, Inc./DE",Financial Services,Capital Markets
8243,943034,AATC,AUTOSCOPE TECHNOLOGIES CORP,Technology,Scientific & Technical Instruments
8244,1850266,AKLI,"Akili, Inc.",Healthcare,Health Information Services
8245,1762359,ACRDF,"Acreage Holdings, Inc.",Healthcare,Drug Manufacturers—Specialty & Generic
8246,1792597,CMHF,"Community Heritage Financial, Inc.",Financial Services,Banks—Regional
8247,1723059,BIOE,Bio Essence Corp,Healthcare,Drug Manufacturers—Specialty & Generic
8248,1175483,DSHK,Drive Shack Inc.,Consumer Cyclical,Leisure
8249,1299865,GXSFF,Goldsource Mines Inc.,Basic Materials,Gold
8252,1101026,ZIVO,"Zivo Bioscience, Inc.",Healthcare,Biotechnology
8253,838875,WVVIP,WILLAMETTE VALLEY VINEYARDS INC,Consumer Defensive,Beverages—Wineries & Distilleries
8254,98338,TSRI,TSR INC,Technology,Software—Application
8255,1878074,BWAQ,Blue World Acquisition Corp,Financial Services,Shell Companies
8256,1800373,GWLL,"GOLDENWELL BIOTECH, INC.",Consumer Defensive,Packaged Foods
8257,1908984,ENDI,ENDI Corp.,Financial Services,Asset Management
8258,1444874,TETAA,"Teton Advisors, Inc.",Financial Services,Asset Management
8259,1415397,RAPH,Raphael Pharmaceutical Inc.,Healthcare,Drug Manufacturers—Specialty & Generic
8260,1076691,OSBK,OCONEE FINANCIAL CORP,Financial Services,Banks—Regional
8261,1365388,HSTI,"High Sierra Technologies, Inc.",Healthcare,Drug Manufacturers—Specialty & Generic
8262,1634394,RSCI,"Redwood Scientific Technologies, Inc.",Healthcare,Drug Manufacturers—Specialty & Generic
8264,1835385,MBBC,"Marathon Bancorp, Inc. /MD/",Financial Services,Banks—Regional
8265,1158399,BRCNF,Burcon NutraScience Corp,Consumer Defensive,Packaged Foods
8267,926423,MINDP,"MIND TECHNOLOGY, INC",Technology,Scientific & Technical Instruments
8269,1555017,SKYI,"Sky Century Investment, Inc.",Healthcare,Drug Manufacturers—Specialty & Generic
8271,1751700,TBBA,"TEB Bancorp, Inc.",Financial Services,Banks—Regional
8272,910679,WVFC,WVS FINANCIAL CORP,Financial Services,Banks—Regional
8273,733337,PWCO,"PwrCor, Inc.",Utilities,Utilities—Renewable
8275,719494,INRD,"Inrad Optics, Inc.",Technology,Electronic Components
8276,1897971,GLACU,Global Lights Acquisition Corp,Financial Services,Shell Companies
8277,50292,IEHC,IEH Corp,Technology,Electronic Components
8278,1566469,NHIQ,"NantHealth, Inc.",Healthcare,Health Information Services
8279,1445815,BIXT,"BIOXYTRAN, INC",Healthcare,Biotechnology
8280,1781726,NPLS,NP Life Sciences Health Industry Group Inc.,Consumer Defensive,Education & Training Services
8281,1178660,CSSI,Standard Dental Labs Inc.,Healthcare,Medical Instruments & Supplies
8283,1731727,LMPX,"LMP Automotive Holdings, Inc.",Consumer Cyclical,Auto & Truck Dealerships
8284,1130166,CYCCP,"Cyclacel Pharmaceuticals, Inc.",Healthcare,Biotechnology
8285,1527541,WHLRD,"Wheeler Real Estate Investment Trust, Inc.",Real Estate,REIT—Retail
8286,727346,GBCS,"SELECTIS HEALTH, INC.",Healthcare,Medical Care Facilities
8287,1919847,SFWJ,"Software Effective Solutions, Corp.",Healthcare,Drug Manufacturers—Specialty & Generic
8288,86115,SFES,SAFEGUARD SCIENTIFICS INC,Financial Services,Asset Management
8289,1949766,ODDAF,Odd Burger Corp,Consumer Cyclical,Restaurants
8290,1854233,EGLXF,Enthusiast Gaming Holdings Inc. / Canada,Communication Services,Internet Content & Information
8292,1439237,QOEG,Quality Online Education Group Inc.,Consumer Defensive,Education & Training Services
8293,1645155,WBSR,Webstar Technology Group Inc.,Technology,Software—Application
8294,319016,FZMD,"Fuse Medical, Inc.",Healthcare,Medical Devices
8295,1019671,SEAC,SEACHANGE INTERNATIONAL INC,Technology,Software—Application
8296,1769725,ERKH,"Eureka Homestead Bancorp, Inc.",Financial Services,Banks—Regional
8297,1827855,MCLE,Medicale Corp.,Consumer Defensive,Food Distribution
8298,846546,BNSOF,BONSO ELECTRONICS INTERNATIONAL INC,Technology,Scientific & Technical Instruments
8300,1263011,EXNRF,EXCELLON RESOURCES INC,Basic Materials,Silver
8302,1617765,LNDZF,EVOME MEDICAL TECHNOLOGIES INC.,Healthcare,Medical Devices
8303,1426506,SMGI,SMG Industries Inc.,Energy,Oil & Gas Equipment & Services
8304,1550453,TRLI,TriLinc Global Impact Fund LLC,Financial Services,Asset Management
8306,1312109,SICP,Silvergate Capital Corp,Financial Services,Banks—Regional
8307,1816554,EVTK,EVENTIKO INC.,Consumer Cyclical,Personal Services
8308,822411,IMUC,"EOM Pharmaceutical Holdings, Inc.",Healthcare,Biotechnology
8309,1377167,FGCO,"Financial Gravity Companies, Inc.",Financial Services,Financial Conglomerates
8310,1052054,EVOL,"Symbolic Logic, Inc.",Technology,Software—Application
8314,1092570,FULO,FULLNET COMMUNICATIONS INC,Communication Services,Telecom Services
8316,1737270,NEXCF,Nextech3D.AI Corp.,Consumer Cyclical,Internet Retail
8317,1777765,VQSSF,VIQ Solutions Inc.,Technology,Software—Application
8318,1588014,ADMQ,"ADM ENDEAVORS, INC.",Industrials,Specialty Business Services
8320,1318482,SGLDF,KIDOZ INC.,Basic Materials,Gold
8321,1551206,HGLD,Patagonia Gold Corp.,Basic Materials,Other Precious Metals & Mining
8322,926844,FBDS,Fuss Brands Corp.,Financial Services,Shell Companies
8323,922521,FALC,FALCONSTOR SOFTWARE INC,Technology,Software—Application
8324,1545224,SILEF,Silver Elephant Mining Corp.,Basic Materials,Other Industrial Metals & Mining
8325,1609139,INND,"INNERSCOPE HEARING TECHNOLOGIES, INC.",Healthcare,Medical Instruments & Supplies
8326,1050606,SALM,"SALEM MEDIA GROUP, INC. /DE/",Communication Services,Broadcasting
8327,1468978,SITS,"SOUTHERN ITS INTERNATIONAL, INC.",Industrials,Conglomerates
8328,819050,FRTX,"Fresh Tracks Therapeutics, Inc.",Healthcare,Biotechnology
8329,1420108,GLUC,"Glucose Health, Inc.",Consumer Defensive,Packaged Foods
8331,1128252,SIPN,"SIPP International Industries, Inc.",Financial Services,Shell Companies
8332,1908054,JETR,Star Jets International Inc.,Industrials,Airports & Air Services
8333,1788717,FXLV,F45 Training Holdings Inc.,Consumer Cyclical,Leisure
8334,1763657,OWVI,One World Ventures Inc,Real Estate,Real Estate Services
8336,1358099,UCIX,"Umbra Companies, Inc.",Real Estate,Real Estate—Development
8337,1487198,ASPU,"ASPEN GROUP, INC.",Consumer Defensive,Education & Training Services
8338,840551,TMDIF,TITAN MEDICAL INC,Healthcare,Medical Devices
8339,1771755,SWISF,Sekur Private Data Ltd.,Technology,Software—Application
8340,1100397,ADXS,"Ayala Pharmaceuticals, Inc.",Healthcare,Biotechnology
8341,1395445,PRPI,PERPETUAL INDUSTRIES INC.,Industrials,Specialty Industrial Machinery
8342,1127007,CAPV,CABO VERDE CAPITAL INC.,Communication Services,Entertainment
8343,1101396,DLA,"DELTA APPAREL, INC",Consumer Cyclical,Apparel Manufacturing
8344,1068618,GVSI,"Good Vibrations Shoes, Inc.",Consumer Cyclical,Footwear & Accessories
8345,1281984,WDLF,"Decentral Life, Inc.",Technology,Software—Application
8346,1362703,THER,"THERALINK TECHNOLOGIES, INC.",Healthcare,Biotechnology
8347,1607679,CANQF,CanaQuest Medical Corp.,Healthcare,Drug Manufacturers—Specialty & Generic
8348,1410172,RBCN,"Rubicon Technology, Inc.",Technology,Semiconductor Equipment & Materials
8349,1819615,CLVR,Clever Leaves Holdings Inc.,Healthcare,Drug Manufacturers—Specialty & Generic
8350,1087329,RSHN,"RushNet, Inc.",Healthcare,Diagnostics & Research
8351,1108248,KNOS,KRONOS ADVANCED TECHNOLOGIES INC,Industrials,Pollution & Treatment Controls
8352,1679063,CSSE,"Chicken Soup for the Soul Entertainment, Inc.",Communication Services,Entertainment
8353,945828,AMTY,AMERITYRE CORP,Consumer Cyclical,Auto Parts
8354,924095,MVCO,"Metavesco, Inc.",Financial Services,Capital Markets
8356,1776048,AMMX,Ameramex International Inc,Industrials,Farm & Heavy Construction Machinery
8357,1458631,HALB,Halberd Corp,Healthcare,Biotechnology
8358,1532981,EMWPF,Eros Media World PLC,Communication Services,Entertainment
8359,1475430,JSHG,JOSHUA GOLD RESOURCES INC,Basic Materials,Gold
8362,842722,DROP,"Fuse Science, Inc.",Technology,Software—Infrastructure
8364,919175,SGMD,"Sugarmade, Inc.",Basic Materials,Paper & Paper Products
8365,1804469,GRDAF,"Guardforce AI Co., Ltd.",Basic Materials,Other Industrial Metals & Mining
8366,1041633,FTRS,Futuris Co,Industrials,Staffing & Employment Services
8367,1586495,LTES,Leet Technology Inc.,Communication Services,Entertainment
8368,1435064,CETXP,CEMTREX INC,Technology,Software—Infrastructure
8369,1642178,AGNPF,Algernon Pharmaceuticals Inc.,Healthcare,Biotechnology
8370,1483510,EXPRQ,"EXPRESS, INC.",Consumer Cyclical,Apparel Retail
8371,1711291,CUROQ,CURO Group Holdings Corp.,Financial Services,Credit Services
8372,1509228,SDTTU,SandRidge Mississippian Trust I,Energy,Oil & Gas E&P
8373,1623360,MRGE,Mirage Energy Corp,Energy,Oil & Gas Midstream
8374,803097,SPQS,"SportsQuest, Inc.",Consumer Cyclical,Leisure
8375,1868079,PMEDF,Predictmedix Inc.,Healthcare,Medical Devices
8376,1510524,GYST,"GRAYSTONE COMPANY, INC.",Basic Materials,Other Industrial Metals & Mining
8377,1402371,ELRA,"ELRAY RESOURCES, INC.",Consumer Cyclical,Gambling
8378,1205181,GPFT,"Grapefruit USA, Inc",Healthcare,Drug Manufacturers—Specialty & Generic
8379,1094084,TKOI,TELKONET INC,Technology,Scientific & Technical Instruments
8380,1495584,SVVC,"Firsthand Technology Value Fund, Inc.",Financial Services,Asset Management
8381,1096759,SNWR,Sanwire Corp,Communication Services,Entertainment
8382,1435617,PWDY,"POWERDYNE INTERNATIONAL, INC.",Industrials,Electrical Equipment & Parts
8383,1610682,USDP,USD Partners LP,Industrials,Railroads
8384,1386049,BYOC,"Beyond Commerce, Inc.",Communication Services,Advertising Agencies
8385,1779303,DCSX,"Direct Communication Solutions, Inc.",Technology,Information Technology Services
8386,1406588,MNGG,"Mining Global, Inc.",Basic Materials,Gold
8387,1492448,GRNF,GRN Holding Corp,Healthcare,Drug Manufacturers—Specialty & Generic
8388,1002771,IGPK,"Integrated Cannabis Solutions, Inc.",Healthcare,Drug Manufacturers—Specialty & Generic
8389,1527541,WHLRP,"Wheeler Real Estate Investment Trust, Inc.",Real Estate,REIT—Retail
8390,1682265,RELT,"Reliant Holdings, Inc.",Industrials,Engineering & Construction
8391,1000683,BDRL,BLONDER TONGUE LABORATORIES INC,Technology,Communication Equipment
8392,1452011,TNBI,Tanke Biosciences Corp,Financial Services,Shell Companies
8393,1685237,TMRR,TEMIR CORP.,Industrials,Conglomerates
8394,1443089,WHSI,"WEARABLE HEALTH SOLUTIONS, INC.",Healthcare,Medical Instruments & Supplies
8395,84129,RADCQ,RITE AID CORP,Healthcare,Pharmaceutical Retailers
8396,1076262,GSPT,Golden Star Enterprises Ltd.,Technology,Software—Application
8397,1604477,SQZB,SQZ Biotechnologies Co,Healthcare,Biotechnology
8398,1898643,MOBBW,Mobilicom Ltd,Technology,Communication Equipment
8400,1865127,LSDI,"Lucy Scientific Discovery, Inc.",Healthcare,Drug Manufacturers—Specialty & Generic
8401,1000298,IMPM,IMPAC MORTGAGE HOLDINGS INC,Financial Services,Mortgage Finance
8402,1313938,SNNC,"Sibannac, Inc.",Healthcare,Drug Manufacturers—Specialty & Generic
8403,1444403,CGAC,CODE GREEN APPAREL CORP,Consumer Cyclical,Apparel Manufacturing
8404,1631463,BRLL,Barrel Energy Inc.,Energy,Oil & Gas E&P
8405,1802546,KGKG,"KONA GOLD BEVERAGE, INC.",Healthcare,Drug Manufacturers—Specialty & Generic
8406,1528188,WNFT,Worldwide NFT Inc.,Financial Services,Shell Companies
8408,1119897,PCTL,PCT LTD,Industrials,Pollution & Treatment Controls
8409,1756704,SIRC,SOLAR INTEGRATED ROOFING CORP.,Technology,Solar
8410,1800682,CANOQ,"Cano Health, Inc.",Healthcare,Medical Care Facilities
8411,1516887,WCUI,"Wellness Center USA, Inc.",Healthcare,Medical Devices
8412,1832415,BTTX,"Better Therapeutics, Inc.",Healthcare,Biotechnology
8413,829325,SPYR,"SPYR, Inc.",Technology,Software—Infrastructure
8414,1600132,BLPH,"Bellerophon Therapeutics, Inc.",Healthcare,Biotechnology
8415,96699,TCCO,TECHNICAL COMMUNICATIONS CORP,Technology,Communication Equipment
8416,946112,CDSG,"China Dongsheng International, Inc.",Financial Services,Shell Companies
8417,1451448,GMBL,"ESPORTS ENTERTAINMENT GROUP, INC.",Consumer Cyclical,Gambling
8418,1162283,MGHL,MORGAN GROUP HOLDING CO,Financial Services,Capital Markets
8419,1653606,EHVVF,"Ehave, Inc.",Technology,Software—Application
8420,1498372,IWAL,iWallet Corp,Industrials,Security & Protection Services
8424,1946585,TKMO,"Tekumo, Inc.",Technology,Software—Application
8425,1078207,BFXXQ,BOWFLEX INC.,Consumer Cyclical,Leisure
8426,1435181,PHBI,Pharmagreen Biotech Inc.,Healthcare,Drug Manufacturers—Specialty & Generic
8427,1413488,CBGL,"CANNABIS GLOBAL, INC.",Healthcare,Drug Manufacturers—Specialty & Generic
8428,1983389,GYGC,Guyana Gold Corp,Financial Services,Shell Companies
8430,1178727,COMS,COMSovereign Holding Corp.,Communication Services,Telecom Services
8432,1300938,ABCE,"ABCO Energy, Inc.",Technology,Solar
8434,1528172,ENDV,"ENDONOVO THERAPEUTICS, INC.",Healthcare,Biotechnology
8435,1496671,CALA,"Calithera Biosciences, Inc.",Healthcare,Biotechnology
8436,1317880,PLPL,"Plandai Biotechnology, Inc.",Financial Services,Shell Companies
8437,1584831,OXBRW,OXBRIDGE RE HOLDINGS Ltd,Financial Services,Insurance—Reinsurance
8438,1553264,APSI,AQUA POWER SYSTEMS INC.,Industrials,Integrated Freight & Logistics
8439,1525852,BTZI,"BOTS, Inc./PR",Technology,Software—Application
8440,1486452,MASN,"Maison Luxe, Inc.",Consumer Cyclical,Luxury Goods
8441,1411906,AMPE,"Ampio Pharmaceuticals, Inc.",Healthcare,Biotechnology
8442,1791929,DPUI,"DISCOUNT PRINT USA, INC.",Industrials,Specialty Business Services
8444,1863116,AERS,Aerius International Inc.,Financial Services,Shell Companies
8445,920990,WOWI,METRO ONE TELECOMMUNICATIONS INC,Technology,Software—Application
8446,1740915,FTCHF,Farfetch Ltd,Consumer Cyclical,Internet Retail
8447,1144169,ECOX,"ECO INNOVATION GROUP, INC.",Industrials,Specialty Business Services
8448,1370496,MLLOF,Medallion Resources Ltd,Basic Materials,Other Industrial Metals & Mining
8451,1715032,WTII,"Water Technologies International,Inc.",Industrials,Pollution & Treatment Controls
8454,1351573,PHCG,"Pure Harvest Corporate Group, Inc.",Healthcare,Drug Manufacturers—Specialty & Generic
8455,1795851,FAVO,"Favo Capital, Inc.",Financial Services,Credit Services
8457,1138608,BLMS,"BLOOMIOS, INC.",Healthcare,Drug Manufacturers—Specialty & Generic
8459,922612,SMIT,SCHMITT INDUSTRIES INC,Technology,Scientific & Technical Instruments
8460,1114898,WNBD,Winning Brands Corp,Consumer Defensive,Household & Personal Products
8462,1394638,DWAY,"Driveitaway Holdings, Inc.",Industrials,Rental & Leasing Services
8463,825322,XDSL,"MPHASE TECHNOLOGIES, INC.",Technology,Solar
8465,1558465,PGAS,"PETROGRESS, INC",Energy,Oil & Gas Integrated
8466,1300524,AMIH,AMERICAN INTERNATIONAL HOLDINGS CORP.,Consumer Cyclical,Personal Services
8468,1819876,TRIRF,"Triterras, Inc.",Technology,Software—Application
8470,1463459,EMGE,Emergent Health Corp.,Healthcare,Drug Manufacturers—Specialty & Generic
8471,1126115,LZGI,"LZG INTERNATIONAL, INC.",Technology,Software—Application
8472,1575659,RTSL,"Rapid Therapeutic Science Laboratories, Inc.",Healthcare,Medical Devices
8474,1106861,FZRO,FLASHZERO CORP.,Healthcare,Medical Devices
8476,1499275,SANP,SANTO MINING CORP.,Technology,Software—Infrastructure
8479,819913,HALL,HALLMARK FINANCIAL SERVICES INC,Financial Services,Insurance—Property & Casualty
8480,1694665,EVLO,"Evelo Biosciences, Inc.",Healthcare,Biotechnology
8481,1532595,SINC,Sincerity Applied Materials Holdings Corp.,Basic Materials,Specialty Chemicals
8483,1119643,NPHC,NUTRA PHARMA CORP,Healthcare,Drug Manufacturers—Specialty & Generic
8485,1358656,MILC,Millennium Sustainable Ventures Corp.,Healthcare,Drug Manufacturers—Specialty & Generic
8486,1345865,BABL,Buildablock Corp.,Financial Services,Shell Companies
8490,1765826,BZRD,"Blubuzzard, Inc.",Financial Services,Shell Companies
8491,1532390,WTER,ALKALINE WATER Co INC,Consumer Defensive,Beverages—Non-Alcoholic
8493,1368620,CNNA,Cann American Corp.,Healthcare,Drug Manufacturers—Specialty & Generic
8494,1081938,CPMD,"CANNAPHARMARX, INC.",Healthcare,Drug Manufacturers—Specialty & Generic
8495,810509,NAVB,"NAVIDEA BIOPHARMACEUTICALS, INC.",Healthcare,Biotechnology
8496,1493712,CMXC,Cell MedX Corp.,Healthcare,Medical Devices
8498,70858,BAC-PL,BANK OF AMERICA CORP /DE/,Financial Services,Banks—Diversified
8499,70858,BAC-PM,BANK OF AMERICA CORP /DE/,Financial Services,Banks—Diversified
8500,70858,BAC-PN,BANK OF AMERICA CORP /DE/,Financial Services,Banks—Diversified
8501,70858,BAC-PO,BANK OF AMERICA CORP /DE/,Financial Services,Banks—Diversified
8502,70858,BAC-PP,BANK OF AMERICA CORP /DE/,Financial Services,Banks—Diversified
8508,39263,CFR-PB,"CULLEN/FROST BANKERS, INC.",Financial Services,Banks—Regional
8512,70858,BAC-PQ,BANK OF AMERICA CORP /DE/,Financial Services,Banks—Diversified
8513,70858,BAC-PS,BANK OF AMERICA CORP /DE/,Financial Services,Banks—Diversified
8515,794685,GAB-PK,GABELLI EQUITY TRUST INC,Financial Services,Asset Management
8517,732717,T-PA,AT&T INC.,Communication Services,Telecom Services
8518,732717,T-PC,AT&T INC.,Communication Services,Telecom Services
8521,720672,SF-PC,STIFEL FINANCIAL CORP,Financial Services,Capital Markets
8522,720672,SF-PD,STIFEL FINANCIAL CORP,Financial Services,Capital Markets
8524,772263,NICHD,NITCHES INC,Consumer Cyclical,Apparel Manufacturing
8526,736772,CCNEP,CNB FINANCIAL CORP/PA,Financial Services,Banks—Regional
8531,886128,FCELB,FUELCELL ENERGY INC,Industrials,Electrical Equipment & Parts
8532,75208,OGSRW,OVERSEAS SHIPHOLDING GROUP INC,Energy,Oil & Gas Midstream
8533,73124,NTRSO,NORTHERN TRUST CORP,Financial Services,Asset Management
8535,91576,KEY-PL,KEYCORP /NEW/,Financial Services,Banks—Regional
8537,798941,FCNCO,FIRST CITIZENS BANCSHARES INC /DE/,Financial Services,Banks—Regional
8538,798941,FCNCP,FIRST CITIZENS BANCSHARES INC /DE/,Financial Services,Banks—Regional
8539,798949,UNTCW,UNIT CORP,Energy,Oil & Gas Integrated
8545,13372,NSARO,NSTAR ELECTRIC CO,Utilities,Utilities—Regulated Electric
8550,19617,JPM-PJ,JPMORGAN CHASE & CO,Financial Services,Banks—Diversified
8551,19617,JPM-PK,JPMORGAN CHASE & CO,Financial Services,Banks—Diversified
8552,19617,JPM-PL,JPMORGAN CHASE & CO,Financial Services,Banks—Diversified
8553,19617,JPM-PM,JPMORGAN CHASE & CO,Financial Services,Banks—Diversified
8555,36966,FHN-PF,FIRST HORIZON CORP,Financial Services,Banks—Regional
8556,36104,USB-PQ,US BANCORP DE,Financial Services,Banks—Regional
8557,36104,USB-PR,US BANCORP DE,Financial Services,Banks—Regional
8558,36966,FHN-PB,FIRST HORIZON CORP,Financial Services,Banks—Regional
8559,36966,FHN-PC,FIRST HORIZON CORP,Financial Services,Banks—Regional
8560,36966,FHN-PE,FIRST HORIZON CORP,Financial Services,Banks—Regional
8563,895421,MS-PL,MORGAN STANLEY,Financial Services,Capital Markets
8564,895421,MS-PO,MORGAN STANLEY,Financial Services,Capital Markets
8565,895421,MS-PP,MORGAN STANLEY,Financial Services,Capital Markets
8582,109380,ZIONO,"ZIONS BANCORPORATION, NATIONAL ASSOCIATION /UT/",Financial Services,Banks—Regional
8583,230557,SIGIP,SELECTIVE INSURANCE GROUP INC,Financial Services,Insurance—Property & Casualty
8584,759944,CFG-PE,CITIZENS FINANCIAL GROUP INC/RI,Financial Services,Banks—Regional
8585,759944,CFG-PH,CITIZENS FINANCIAL GROUP INC/RI,Financial Services,Banks—Regional
8589,718940,BCEXF,BCE INC,Communication Services,Telecom Services
8592,726728,O-P,REALTY INCOME CORP,Real Estate,REIT—Retail
8593,7789,ASB-PF,ASSOCIATED BANC-CORP,Financial Services,Banks—Regional
8598,18349,SNV-PE,SYNOVUS FINANCIAL CORP,Financial Services,Banks—Regional
8602,23795,CTO-PA,"CTO Realty Growth, Inc.",Real Estate,REIT—Diversified
8603,72971,WFC-PD,WELLS FARGO & COMPANY/MN,Financial Services,Banks—Diversified
8604,72971,WFC-PZ,WELLS FARGO & COMPANY/MN,Financial Services,Banks—Diversified
8606,72971,WFC-PA,WELLS FARGO & COMPANY/MN,Financial Services,Banks—Diversified
8607,109380,ZIONP,"ZIONS BANCORPORATION, NATIONAL ASSOCIATION /UT/",Financial Services,Banks—Regional
8611,1136174,OTRKP,"Ontrak, Inc.",Healthcare,Health Information Services
8612,1131312,ZNOGW,ZION OIL & GAS INC,Energy,Oil & Gas E&P
8614,1101026,ZIVOW,"Zivo Bioscience, Inc.",Healthcare,Biotechnology
8618,92103,SCE-PJ,SOUTHERN CALIFORNIA EDISON Co,Financial Services,Capital Markets
8622,92103,SCE-PH,SOUTHERN CALIFORNIA EDISON Co,Financial Services,Asset Management
8624,64463,SLNHP,"Soluna Holdings, Inc",Financial Services,Capital Markets
8626,58411,RONN,"Lee Pharmaceuticals, Inc.",Technology,Software—Application
8629,899051,ALL-PI,ALLSTATE CORP,Financial Services,Insurance—Property & Casualty
8630,899051,ALL-PJ,ALLSTATE CORP,Financial Services,Insurance—Property & Casualty
8631,895728,EBGEF,ENBRIDGE INC,Energy,Oil & Gas Midstream
8633,1014763,AIMDW,"Ainos, Inc.",Healthcare,Medical Devices
8637,1077428,TCBIO,TEXAS CAPITAL BANCSHARES INC/TX,Financial Services,Banks—Regional
8638,1055160,MFA-PC,"MFA FINANCIAL, INC.",Real Estate,REIT—Mortgage
8642,826675,DX-PC,DYNEX CAPITAL INC,Real Estate,REIT—Mortgage
8645,811156,CMS-PC,CMS ENERGY CORP,Utilities,Utilities—Regulated Electric
8646,846617,DCOMP,"Dime Community Bancshares, Inc. /NY/",Financial Services,Banks—Regional
8648,845877,AGM-PE,FEDERAL AGRICULTURAL MORTGAGE CORP,Financial Services,Credit Services
8649,845877,AGM-PF,FEDERAL AGRICULTURAL MORTGAGE CORP,Financial Services,Credit Services
8650,845877,AGM-PG,FEDERAL AGRICULTURAL MORTGAGE CORP,Financial Services,Credit Services
8651,832489,GOVXW,"GeoVax Labs, Inc.",Healthcare,Biotechnology
8657,310522,FNMAP,FEDERAL NATIONAL MORTGAGE ASSOCIATION FANNIE MAE,Financial Services,Mortgage Finance
8662,49196,HBANM,HUNTINGTON BANCSHARES INC /MD/,Financial Services,Banks—Regional
8663,49196,HBANP,HUNTINGTON BANCSHARES INC /MD/,Financial Services,Banks—Regional
8664,49196,HBANL,HUNTINGTON BANCSHARES INC /MD/,Financial Services,Banks—Regional
8665,46195,BOH-PA,BANK OF HAWAII CORP,Financial Services,Banks—Regional
8667,910606,REGCO,REGENCY CENTERS CORP,Real Estate,REIT—Retail
8668,910606,REGCP,REGENCY CENTERS CORP,Real Estate,REIT—Retail
8670,712534,FRMEP,FIRST MERCHANTS CORP,Financial Services,Banks—Regional
8671,947484,ACGLN,ARCH CAPITAL GROUP LTD.,Financial Services,Insurance—Diversified
8679,1039828,ANG-PB,American National Group Inc.,Financial Services,Insurance—Life
8680,1039828,ANG-PA,American National Group Inc.,Financial Services,Insurance—Life
8682,1091748,ARGO-PA,"Argo Group International Holdings, Inc.",Financial Services,Insurance—Property & Casualty
8684,1043219,NLY-PI,ANNALY CAPITAL MANAGEMENT INC,Real Estate,REIT—Mortgage
8687,203596,WSBCP,WESBANCO INC,Financial Services,Banks—Regional
8688,107815,WELPM,WISCONSIN ELECTRIC POWER CO,Utilities,Utilities—Regulated Electric
8691,707388,STRRP,"STAR EQUITY HOLDINGS, INC.",Healthcare,Diagnostics & Research
8692,712771,CNOBP,"ConnectOne Bancorp, Inc.",Financial Services,Banks—Regional
8695,727273,CDZIP,CADIZ INC,Utilities,Utilities—Regulated Water
8696,798359,CSR-PC,CENTERSPACE,Real Estate,REIT—Residential
8697,791908,XOMAO,XOMA Corp,Healthcare,Biotechnology
8698,791908,XOMAP,XOMA Corp,Healthcare,Biotechnology
8699,769594,NPPXF,NIPPON TELEGRAPH & TELEPHONE CORP,Communication Services,Telecom Services
8700,895126,CHKEW,CHESAPEAKE ENERGY CORP,Energy,Oil & Gas E&P
8701,895126,CHKEZ,CHESAPEAKE ENERGY CORP,Energy,Oil & Gas E&P
8702,895126,CHKEL,CHESAPEAKE ENERGY CORP,Energy,Oil & Gas E&P
8703,920112,HTLFP,HEARTLAND FINANCIAL USA INC,Financial Services,Banks—Regional
8704,925741,BCDAW,"BioCardia, Inc.",Healthcare,Biotechnology
8705,915913,ALB-PA,ALBEMARLE CORP,Basic Materials,Specialty Chemicals
8706,896429,CTLPP,"CANTALOUPE, INC.",Technology,Information Technology Services
8708,879101,KIM-PN,KIMCO REALTY CORP,Real Estate,REIT—Retail
8711,753308,NEE-PR,NEXTERA ENERGY INC,Utilities,Utilities—Regulated Electric
8713,753308,NEE-PS,NEXTERA ENERGY INC,Utilities,Utilities—Regulated Electric
8725,316709,SCHW-PJ,SCHWAB CHARLES CORP,Financial Services,Capital Markets
8727,92230,TFC-PO,TRUIST FINANCIAL CORP,Financial Services,Banks—Regional
8728,92230,TFC-PR,TRUIST FINANCIAL CORP,Financial Services,Banks—Regional
8729,92230,TFC-PI,TRUIST FINANCIAL CORP,Financial Services,Banks—Regional
8730,35527,FITBO,FIFTH THIRD BANCORP,Financial Services,Banks—Regional
8731,35527,FITBP,FIFTH THIRD BANCORP,Financial Services,Banks—Regional
8732,36270,MTB-PJ,M&T BANK CORP,Financial Services,Banks—Regional
8734,1115055,PNFPP,PINNACLE FINANCIAL PARTNERS INC,Financial Services,Banks—Regional
8735,1080657,SQFTP,"Presidio Property Trust, Inc.",Real Estate,REIT—Diversified
8736,1080657,SQFTW,"Presidio Property Trust, Inc.",Real Estate,REIT—Diversified
8737,1163739,NBRWF,NABORS INDUSTRIES LTD,Energy,Oil & Gas Drilling
8738,1166663,TEN-PE,TSAKOS ENERGY NAVIGATION LTD,Energy,Oil & Gas Midstream
8739,1166663,TEN-PF,TSAKOS ENERGY NAVIGATION LTD,Energy,Oil & Gas Midstream
8748,927628,COF-PK,CAPITAL ONE FINANCIAL CORP,Financial Services,Credit Services
8749,927628,COF-PL,CAPITAL ONE FINANCIAL CORP,Financial Services,Credit Services
8750,927628,COF-PN,CAPITAL ONE FINANCIAL CORP,Financial Services,Credit Services
8752,927628,COF-PI,CAPITAL ONE FINANCIAL CORP,Financial Services,Credit Services
8753,927628,COF-PJ,CAPITAL ONE FINANCIAL CORP,Financial Services,Credit Services
8755,823277,CHSCL,CHS INC,Consumer Defensive,Farm Products
8756,823277,CHSCM,CHS INC,Consumer Defensive,Farm Products
8757,823277,CHSCN,CHS INC,Consumer Defensive,Farm Products
8758,823277,CHSCO,CHS INC,Consumer Defensive,Farm Products
8762,707179,ONBPO,OLD NATIONAL BANCORP /IN/,Financial Services,Banks—Regional
8763,707179,ONBPP,OLD NATIONAL BANCORP /IN/,Financial Services,Banks—Regional
8764,700564,FULTP,FULTON FINANCIAL CORP,Financial Services,Banks—Regional
8767,1423689,AGNCO,AGNC Investment Corp.,Real Estate,REIT—Mortgage
8768,1423689,AGNCP,AGNC Investment Corp.,Real Estate,REIT—Mortgage
8769,1423689,AGNCL,AGNC Investment Corp.,Real Estate,REIT—Mortgage
8772,1498233,CPTNW,"Cepton, Inc.",Technology,Scientific & Technical Instruments
8774,1534525,XBIOW,"Xenetic Biosciences, Inc.",Healthcare,Biotechnology
8775,1560385,LLYVA,Liberty Media Corp,Communication Services,Entertainment
8777,1560385,LLYVK,Liberty Media Corp,Communication Services,Entertainment
8778,1554818,AUUDW,AUDDIA INC.,Technology,Software—Application
8780,1550913,MKZR,"MacKenzie Realty Capital, Inc.",Real Estate,REIT—Diversified
8781,1552000,MPLXP,MPLX LP,Energy,Oil & Gas Midstream
8783,1545772,BPYPN,Brookfield Property Partners L.P.,Real Estate,Real Estate Services
8784,1545772,BPYPO,Brookfield Property Partners L.P.,Real Estate,Real Estate Services
8785,1590364,FTAIM,FTAI Aviation Ltd.,Industrials,Rental & Leasing Services
8786,1590364,FTAIN,FTAI Aviation Ltd.,Industrials,Rental & Leasing Services
8787,1590364,FTAIO,FTAI Aviation Ltd.,Industrials,Rental & Leasing Services
8788,1590364,FTAIP,FTAI Aviation Ltd.,Industrials,Rental & Leasing Services
8792,1587603,WNRS,"WINNERS, INC.",Consumer Cyclical,Gambling
8797,1414767,NCPLW,Netcapital Inc.,Financial Services,Capital Markets
8799,1255474,WLLBW,Whiting Holdings LLC,Energy,Oil & Gas E&P
8800,1255474,WLLAW,Whiting Holdings LLC,Energy,Oil & Gas E&P
8801,1281761,RF-PE,REGIONS FINANCIAL CORP,Financial Services,Banks—Regional
8802,1287032,PSEC-PA,PROSPECT CAPITAL CORP,Financial Services,Asset Management
8803,1308106,SEAL-PA,Seapeak LLC,Energy,Oil & Gas Midstream
8804,1308106,SEAL-PB,Seapeak LLC,Energy,Oil & Gas Midstream
8808,1333986,EQH-PA,"Equitable Holdings, Inc.",Financial Services,Insurance—Diversified
8809,1333986,EQH-PC,"Equitable Holdings, Inc.",Financial Services,Insurance—Diversified
8810,1333172,NMPGY,Navios Maritime Holdings Inc.,Industrials,Marine Shipping
8811,1333172,NMPRY,Navios Maritime Holdings Inc.,Industrials,Marine Shipping
8818,1527590,RC-PE,Ready Capital Corp,Real Estate,REIT—Mortgage
8820,1546066,PBNAF,PEMBINA PIPELINE CORP,Energy,Oil & Gas Midstream
8823,1546066,PPLAF,PEMBINA PIPELINE CORP,Energy,Oil & Gas Midstream
8830,1593773,AMJT,AMJ Global Technology,Healthcare,Health Information Services
8838,1468929,NXGLW,"NEXGEL, INC.",Healthcare,Medical Instruments & Supplies
8839,1464423,PMT-PC,PennyMac Mortgage Investment Trust,Real Estate,REIT—Mortgage
8840,1495240,LANDO,GLADSTONE LAND Corp,Real Estate,REIT—Specialty
8844,1462223,RCRTW,"Recruiter.com Group, Inc.",Industrials,Staffing & Employment Services
8846,1447100,YMHAY,"Yamaha Motor Co., Ltd.",Consumer Cyclical,Auto Manufacturers
8847,1442655,NGKSF,"NGK Spark Plug Co., Ltd.",Consumer Cyclical,Auto Parts
8848,1408534,FGBIP,"First Guaranty Bancshares, Inc.",Financial Services,Banks—Regional
8850,1428205,ARR-PC,"Armour Residential REIT, Inc.",Real Estate,REIT—Mortgage
8851,1431852,ODVWZ,Osisko Development Corp.,Basic Materials,Gold
8852,1380365,IDKOF,"IDEMITSU KOSAN CO., LTD",Energy,Oil & Gas Refining & Marketing
8853,1378701,GDL-PC,GDL FUND,Financial Services,Asset Management
8854,1373670,GRBK-PA,"Green Brick Partners, Inc.",Consumer Cyclical,Residential Construction
8855,1402328,SBFMW,"Sunshine Biopharma, Inc",Healthcare,Drug Manufacturers—Specialty & Generic
8856,1355096,QRTEP,"Qurate Retail, Inc.",Consumer Cyclical,Internet Retail
8858,1341317,BWBBP,Bridgewater Bancshares Inc,Financial Services,Banks—Regional
8860,1336364,GIGGF,Giga Metals Corp,Basic Materials,Other Industrial Metals & Mining
8861,1295810,SHO-PI,"Sunstone Hotel Investors, Inc.",Real Estate,REIT—Hotel & Motel
8862,1295810,SHO-PH,"Sunstone Hotel Investors, Inc.",Real Estate,REIT—Hotel & Motel
8870,1099219,MET-PF,METLIFE INC,Financial Services,Insurance—Life
8871,1260729,GDV-PK,GABELLI DIVIDEND & INCOME TRUST,Financial Services,Asset Management
8872,1267395,AHL-PE,ASPEN INSURANCE HOLDINGS LTD,Financial Services,Insurance—Property & Casualty
8873,1234006,GOODN,GLADSTONE COMMERCIAL CORP,Real Estate,REIT—Diversified
8875,1004724,RHEPB,"REGIONAL HEALTH PROPERTIES, INC",Healthcare,Medical Care Facilities
8879,1015328,WTFCP,WINTRUST FINANCIAL CORP,Financial Services,Banks—Regional
8880,921671,GGT-PG,GABELLI MULTIMEDIA TRUST INC.,Financial Services,Asset Management
8911,1051512,TDS-PV,TELEPHONE & DATA SYSTEMS INC /DE/,Communication Services,Telecom Services
8914,1104038,VRMEW,"VerifyMe, Inc.",Industrials,Security & Protection Services
8915,1096275,WKSPW,Worksport Ltd,Consumer Cyclical,Auto Parts
8916,857855,UCBIO,UNITED COMMUNITY BANKS INC,Financial Services,Banks—Regional
8924,1004702,OCFCP,OCEANFIRST FINANCIAL CORP,Financial Services,Banks—Regional
8925,1000209,MBNKP,MEDALLION FINANCIAL CORP,Financial Services,Banks—Regional
8929,913144,RNR-PG,RENAISSANCERE HOLDINGS LTD,Financial Services,Insurance—Reinsurance
8935,1084267,MOBQW,"Mobiquity Technologies, Inc.",Communication Services,Advertising Agencies
8937,1070050,APCXW,AppTech Payments Corp.,Technology,Software—Infrastructure
8938,1298946,DRH-PA,DiamondRock Hospitality Co,Real Estate,REIT—Hotel & Motel
8939,1299939,CADE-PA,Cadence Bank,Financial Services,Banks—Regional
8940,1253986,ABR-PD,ARBOR REALTY TRUST INC,Real Estate,REIT—Mortgage
8941,1253986,ABR-PE,ARBOR REALTY TRUST INC,Real Estate,REIT—Mortgage
8942,1253986,ABR-PF,ARBOR REALTY TRUST INC,Real Estate,REIT—Mortgage
8945,1169770,BANC-PF,"BANC OF CALIFORNIA, INC.",Financial Services,Banks—Regional
8978,1022899,PTIXW,"Protagenic Therapeutics, Inc.\new",Healthcare,Biotechnology
8979,1015383,POWWP,"AMMO, INC.",Industrials,Aerospace & Defense
8980,946486,WINTW,WINDTREE THERAPEUTICS INC /DE/,Healthcare,Biotechnology
8983,948320,LFMDP,"LifeMD, Inc.",Healthcare,Health Information Services
8990,1058307,NXPLW,NextPlat Corp,Technology,Software—Application
8991,1041792,ELPC,ENERGY CO OF PARANA,Utilities,Utilities—Diversified
8992,1045450,EPR-PC,EPR PROPERTIES,Real Estate,REIT—Specialty
8993,1045450,EPR-PE,EPR PROPERTIES,Real Estate,REIT—Specialty
9000,1419554,BBLGW,Bone Biologics Corp,Healthcare,Medical Devices
9001,1419951,DTSTW,Data Storage Corp,Technology,Information Technology Services
9010,936528,WAFDP,WAFD INC,Financial Services,Banks—Regional
9011,929008,WCC-PA,WESCO INTERNATIONAL INC,Industrials,Industrial Distribution
9012,1025835,EFSCP,ENTERPRISE FINANCIAL SERVICES CORP,Financial Services,Banks—Regional
9014,1466026,MSBIP,"Midland States Bancorp, Inc.",Financial Services,Banks—Regional
9023,1348362,LEXXW,Lexaria Bioscience Corp.,Healthcare,Biotechnology
9024,1297996,DLR-PL,"DIGITAL REALTY TRUST, INC.",Real Estate,REIT—Specialty
9025,1273685,NYMTL,NEW YORK MORTGAGE TRUST INC,Real Estate,REIT—Mortgage
9026,1273685,NYMTM,NEW YORK MORTGAGE TRUST INC,Real Estate,REIT—Mortgage
9027,1273685,NYMTZ,NEW YORK MORTGAGE TRUST INC,Real Estate,REIT—Mortgage
9032,1393311,PSA-PL,Public Storage,Real Estate,REIT—Industrial
9033,1393311,PSA-PM,Public Storage,Real Estate,REIT—Industrial
9034,1393311,PSA-PN,Public Storage,Real Estate,REIT—Industrial
9035,1393311,PSA-PO,Public Storage,Real Estate,REIT—Industrial
9036,1393311,PSA-PP,Public Storage,Real Estate,REIT—Industrial
9037,1393311,PSA-PQ,Public Storage,Real Estate,REIT—Industrial
9038,1393311,PSA-PR,Public Storage,Real Estate,REIT—Industrial
9039,1393311,PSA-PS,Public Storage,Real Estate,REIT—Industrial
9040,1393311,PSA-PI,Public Storage,Real Estate,REIT—Industrial
9041,1393311,PSA-PJ,Public Storage,Real Estate,REIT—Industrial
9042,1393311,PSA-PF,Public Storage,Real Estate,REIT—Industrial
9048,1406234,BIP-PA,Brookfield Infrastructure Partners L.P.,Utilities,Utilities—Diversified
9049,1406234,BIP-PB,Brookfield Infrastructure Partners L.P.,Utilities,Utilities—Diversified
9067,899689,VNO-PO,VORNADO REALTY TRUST,Real Estate,REIT—Office
9068,892553,GTLS-PB,CHART INDUSTRIES INC,Industrials,Specialty Industrial Machinery
9075,1323468,GLP-PB,GLOBAL PARTNERS LP,Energy,Oil & Gas Midstream
9076,922247,CYTHW,"Cyclo Therapeutics, Inc.",Healthcare,Drug Manufacturers—Specialty & Generic
9086,907254,BFS-PE,"SAUL CENTERS, INC.",Real Estate,REIT—Retail
9087,911421,PRE-PJ,PARTNERRE LTD,Financial Services,Insurance—Reinsurance
9093,1034957,CRESW,CRESUD INC,Industrials,Conglomerates
9094,1038572,CBDBY,BRAZILIAN DISTRIBUTION CO COMPANHIA BRASILEIRA DE DISTR CBD,Consumer Cyclical,Department Stores
9096,1356115,NXDT-PA,NEXPOINT DIVERSIFIED REAL ESTATE TRUST,Real Estate,REIT—Diversified
9097,1332551,ACR-PC,ACRES Commercial Realty Corp.,Real Estate,REIT—Mortgage
9098,1332551,ACR-PD,ACRES Commercial Realty Corp.,Real Estate,REIT—Mortgage
9099,1424657,CUENW,Cuentas Inc.,Technology,Software—Application
9101,1446705,NTTDF,NTT Data Corp,Technology,Information Technology Services
9106,1408057,ICNP,iCoreConnect Inc.,Healthcare,Health Information Services
9109,1486159,OASPW,Chord Energy Corp,Energy,Oil & Gas E&P
9112,1468492,HSCSW,"Heart Test Laboratories, Inc.",Healthcare,Medical Devices
9118,1743905,RVSNW,Rail Vision Ltd.,Industrials,Railroads
9119,1716947,ENSCW,"Ensysce Biosciences, Inc.",Healthcare,Biotechnology
9120,1716951,OCCIN,"OFS Credit Company, Inc.",Financial Services,Asset Management
9121,1716951,OCCIO,"OFS Credit Company, Inc.",Financial Services,Asset Management
9125,1687187,METCB,"Ramaco Resources, Inc.",Basic Materials,Coking Coal
9128,1679688,DBRG-PH,"DigitalBridge Group, Inc.",Real Estate,Real Estate Services
9129,1679688,DBRG-PI,"DigitalBridge Group, Inc.",Real Estate,Real Estate Services
9130,1679688,DBRG-PJ,"DigitalBridge Group, Inc.",Real Estate,Real Estate Services
9131,1651944,DMTWQ,"DermTech, Inc.",Healthcare,Diagnostics & Research
9133,1648960,DATSW,"DatChat, Inc.",Technology,Software—Application
9134,1660734,TRTN-PB,Triton International Ltd,Industrials,Rental & Leasing Services
9135,1660734,TRTN-PC,Triton International Ltd,Industrials,Rental & Leasing Services
9136,1660734,TRTN-PD,Triton International Ltd,Industrials,Rental & Leasing Services
9137,1660734,TRTN-PE,Triton International Ltd,Industrials,Rental & Leasing Services
9138,1627606,DTEAF,DAVIDsTEA Inc.,Consumer Defensive,Packaged Foods
9139,1630472,TRTX-PC,"TPG RE Finance Trust, Inc.",Real Estate,REIT—Mortgage
9141,1582982,CCLDO,"CareCloud, Inc.",Healthcare,Health Information Services
9142,1582982,CCLDP,"CareCloud, Inc.",Healthcare,Health Information Services
9148,1514281,MITT-PC,"AG Mortgage Investment Trust, Inc.",Real Estate,REIT—Mortgage
9150,1527469,ATH-PB,Athene Holding Ltd.,Financial Services,Insurance—Diversified
9151,1527469,ATH-PC,Athene Holding Ltd.,Financial Services,Insurance—Diversified
9152,1527469,ATH-PD,Athene Holding Ltd.,Financial Services,Insurance—Diversified
9153,1527469,ATH-PE,Athene Holding Ltd.,Financial Services,Insurance—Diversified
9155,1547546,LFT-PA,"Lument Finance Trust, Inc.",Real Estate,REIT—Mortgage
9157,1397183,IVDAW,"Iveda Solutions, Inc.",Industrials,Security & Protection Services
9158,1392694,SURGW,"SurgePays, Inc.",Technology,Software—Application
9159,1411342,EFC-PE,Ellington Financial Inc.,Real Estate,REIT—Mortgage
9160,1411342,EFC-PD,Ellington Financial Inc.,Real Estate,REIT—Mortgage
9161,1411342,EFC-PA,Ellington Financial Inc.,Real Estate,REIT—Mortgage
9162,1411342,EFC-PB,Ellington Financial Inc.,Real Estate,REIT—Mortgage
9165,1276187,ET-PI,Energy Transfer LP,Energy,Oil & Gas Midstream
9167,1324948,RBCP,RBC Bearings INC,Industrials,Tools & Accessories
9168,1335105,LIXTW,"LIXTE BIOTECHNOLOGY HOLDINGS, INC.",Healthcare,Biotechnology
9169,1357671,CRTDW,"Creatd, Inc.",Communication Services,Internet Content & Information
9170,1345126,CODI-PC,Compass Diversified Holdings,Industrials,Conglomerates
9172,1451448,GMBLP,"ESPORTS ENTERTAINMENT GROUP, INC.",Consumer Cyclical,Gambling
9173,1451448,GMBLW,"ESPORTS ENTERTAINMENT GROUP, INC.",Consumer Cyclical,Gambling
9174,1451448,GMBLZ,"ESPORTS ENTERTAINMENT GROUP, INC.",Consumer Cyclical,Gambling
9175,1501072,RIV-PA,"RIVERNORTH OPPORTUNITIES FUND, INC.",Financial Services,Asset Management
9178,1467505,RECX,"Planet Resource Recovery, Inc.",Consumer Cyclical,Recreational Vehicles
9179,1482541,CEADW,CEA Industries Inc.,Industrials,Farm & Heavy Construction Machinery
9185,1631596,KREF-PA,KKR Real Estate Finance Trust Inc.,Real Estate,REIT—Mortgage
9188,1630805,BW-PA,"Babcock & Wilcox Enterprises, Inc.",Industrials,Specialty Industrial Machinery
9194,1175483,DSHKN,Drive Shack Inc.,Consumer Cyclical,Leisure
9195,1175483,DSHKO,Drive Shack Inc.,Consumer Cyclical,Leisure
9196,1175483,DSHKP,Drive Shack Inc.,Consumer Cyclical,Leisure
9197,1575311,DTLAP,Brookfield DTLA Fund Office Trust Investor Inc.,Real Estate,REIT—Office
9198,1569650,OZKAP,Bank OZK,Financial Services,Banks—Regional
9199,1178727,COMSP,COMSovereign Holding Corp.,Communication Services,Telecom Services
9200,1178727,COMSW,COMSovereign Holding Corp.,Communication Services,Telecom Services
9201,1212545,WAL-PA,WESTERN ALLIANCE BANCORPORATION,Financial Services,Banks—Regional
9204,1561032,HTIBP,"Healthcare Trust, Inc.",Real Estate,REIT—Healthcare Facilities
9207,1518461,AMPGW,"AmpliTech Group, Inc.",Technology,Communication Equipment
9209,1562528,FBRT-PE,"Franklin BSP Realty Trust, Inc.",Real Estate,REIT—Mortgage
9212,1512673,BSQKZ,"Block, Inc.",Technology,Software—Infrastructure
9213,1526113,GNL-PE,"Global Net Lease, Inc.",Real Estate,REIT—Diversified
9214,1526113,GNL-PD,"Global Net Lease, Inc.",Real Estate,REIT—Diversified
9215,1526113,GNL-PB,"Global Net Lease, Inc.",Real Estate,REIT—Diversified
9219,1495222,OXLCP,Oxford Lane Capital Corp.,Financial Services,Asset Management
9222,1495222,OXLCN,Oxford Lane Capital Corp.,Financial Services,Asset Management
9231,1464790,RILYL,"B. Riley Financial, Inc.",Financial Services,Financial Conglomerates
9234,1464343,ATLCP,Atlanticus Holdings Corp,Financial Services,Credit Services
9237,1464790,RILYP,"B. Riley Financial, Inc.",Financial Services,Financial Conglomerates
9240,1806524,LGHLW,Lion Group Holding Ltd,Financial Services,Capital Markets
9241,1498382,DMPWW,"Kintara Therapeutics, Inc.",Healthcare,Biotechnology
9242,1512922,PETVW,"PetVivo Holdings, Inc.",Healthcare,Medical Devices
9243,1527352,NXLIW,"Nexalin Technology, Inc.",Healthcare,Medical Devices
9244,1497645,INN-PF,"Summit Hotel Properties, Inc.",Real Estate,REIT—Hotel & Motel
9246,1474098,PEB-PH,Pebblebrook Hotel Trust,Real Estate,REIT—Hotel & Motel
9247,1474098,PEB-PG,Pebblebrook Hotel Trust,Real Estate,REIT—Hotel & Motel
9248,1576018,SPNT-PB,SiriusPoint Ltd,Financial Services,Insurance—Reinsurance
9249,1601712,SYF-PB,Synchrony Financial,Financial Services,Credit Services
9250,1605888,SQLLW,ATLANTIC INTERNATIONAL CORP.,Healthcare,Diagnostics & Research
9251,1601712,SYF-PA,Synchrony Financial,Financial Services,Credit Services
9252,1635077,ACONW,"Aclarion, Inc.",Healthcare,Health Information Services
9254,1629019,MBINM,Merchants Bancorp,Financial Services,Banks—Regional
9255,1629019,MBINN,Merchants Bancorp,Financial Services,Banks—Regional
9256,1629019,MBINO,Merchants Bancorp,Financial Services,Banks—Regional
9257,1609253,CRCQW,California Resources Corp,Energy,Oil & Gas E&P
9259,1680935,HHEGF,Huahui Education Group Ltd,Consumer Defensive,Education & Training Services
9262,1723580,BFIIW,"BurgerFi International, Inc.",Consumer Cyclical,Restaurants
9265,1719406,NRXPW,"NRX Pharmaceuticals, Inc.",Healthcare,Biotechnology
9266,1711570,URCWF,Uranium Royalty Corp.,Energy,Uranium
9267,1769624,AGBAW,AGBA Group Holding Ltd.,Financial Services,Asset Management
9268,1779128,BLDEW,"Blade Air Mobility, Inc.",Industrials,Airports & Air Services
9269,1787412,WBBAD,"WB Burgers Asia, Inc.",Consumer Cyclical,Restaurants
9270,1760903,SHOTW,"Safety Shot, Inc.",Consumer Defensive,Beverages—Non-Alcoholic
9274,1539638,TFINP,"Triumph Financial, Inc.",Financial Services,Banks—Regional
9276,1610820,BCTXW,BriaCell Therapeutics Corp.,Healthcare,Biotechnology
9279,1582581,VJTTY,voxeljet AG,Technology,Computer Hardware
9282,1649009,SYTAW,Siyata Mobile Inc.,Technology,Communication Equipment
9283,1654595,MDRRP,"Medalist Diversified REIT, Inc.",Real Estate,REIT—Diversified
9284,1662574,GROMW,"Grom Social Enterprises, Inc.",Communication Services,Internet Content & Information
9286,1705012,FATBP,"Fat Brands, Inc",Consumer Cyclical,Restaurants
9287,1705012,FATBW,"Fat Brands, Inc",Consumer Cyclical,Restaurants
9288,1701963,VSSYW,Versus Systems Inc.,Technology,Software—Application
9289,1712762,BIAFW,"bioAffinity Technologies, Inc.",Healthcare,Diagnostics & Research
9290,1691936,SNAXW,"STRYVE FOODS, INC.",Consumer Defensive,Packaged Foods
9291,1693577,MNSBP,"MainStreet Bancshares, Inc.",Financial Services,Banks—Regional
9292,1589361,WTRVW,White River Energy Corp.,Energy,Oil & Gas E&P
9293,1590715,ARECW,American Resources Corp,Basic Materials,Coking Coal
9294,1585389,SSST,"SmartStop Self Storage REIT, Inc.",Real Estate,REIT—Industrial
9295,1628171,RVMDW,"Revolution Medicines, Inc.",Healthcare,Biotechnology
9296,1624326,PAVMZ,PAVmed Inc.,Healthcare,Medical Devices
9298,1571283,REXR-PC,"Rexford Industrial Realty, Inc.",Real Estate,REIT—Industrial
9299,1554625,PRIF-PI,"Priority Income Fund, Inc.",Financial Services,Asset Management
9301,1554625,PRIF-PK,"Priority Income Fund, Inc.",Financial Services,Asset Management
9302,1554625,PRIF-PL,"Priority Income Fund, Inc.",Financial Services,Asset Management
9303,1554625,PRIF-PD,"Priority Income Fund, Inc.",Financial Services,Asset Management
9304,1554625,PRIF-PF,"Priority Income Fund, Inc.",Financial Services,Asset Management
9306,1554625,PRIF-PH,"Priority Income Fund, Inc.",Financial Services,Asset Management
9308,1482512,HPP-PC,"Hudson Pacific Properties, Inc.",Real Estate,REIT—Office
9309,1476045,CLDT-PA,Chatham Lodging Trust,Real Estate,REIT—Hotel & Motel
9319,1533232,BEP-PA,Brookfield Renewable Partners L.P.,Utilities,Utilities—Renewable
9322,1550453,TRIC,TriLinc Global Impact Fund LLC,Financial Services,Asset Management
9325,1556593,RITM-PA,Rithm Capital Corp.,Real Estate,REIT—Mortgage
9326,1556593,RITM-PB,Rithm Capital Corp.,Real Estate,REIT—Mortgage
9327,1556593,RITM-PC,Rithm Capital Corp.,Real Estate,REIT—Mortgage
9328,1556593,RITM-PD,Rithm Capital Corp.,Real Estate,REIT—Mortgage
9329,1611983,LBRDP,Liberty Broadband Corp,Communication Services,Telecom Services
9332,1591890,FGFPP,Fundamental Global Inc.,Financial Services,Insurance—Diversified
9333,1606268,VIASP,"Via Renewables, Inc.",Utilities,Utilities—Regulated Electric
9337,1710680,HFRO-PA,HIGHLAND OPPORTUNITIES & INCOME FUND,Financial Services,Asset Management
9338,1708341,AGAEW,Allied Gaming & Entertainment Inc.,Communication Services,Entertainment
9340,1632970,AHRT,"American Healthcare REIT, Inc.",Real Estate,REIT—Healthcare Facilities
9342,1620179,XELAP,"Exela Technologies, Inc.",Technology,Software—Application
9343,1645873,MDV-PA,"Modiv Industrial, Inc.",Real Estate,REIT—Diversified
9348,1678130,OPP-PB,"RiverNorth/DoubleLine Strategic Opportunity Fund, Inc.",Financial Services,Asset Management
9351,1777921,AVPTW,"AvePoint, Inc.",Technology,Software—Infrastructure
9352,1814215,BURUW,"Nuburu, Inc.",Industrials,Specialty Industrial Machinery
9355,1818674,SYBE,SYBLEU Inc,Healthcare,Biotechnology
9356,1819395,SONDW,Sonder Holdings Inc.,Consumer Cyclical,Lodging
9358,1823794,ARKOW,ARKO Corp.,Consumer Cyclical,Specialty Retail
9359,1822791,CLNNW,Clene Inc.,Consumer Defensive,Packaged Foods
9360,1831283,LIANY,LianBio,Healthcare,Biotechnology
9362,1830210,BHILW,"Benson Hill, Inc.",Basic Materials,Agricultural Inputs
9365,1838108,RMGWF,RMG Acquisition Corp. III,Financial Services,Shell Companies
9367,1835972,AILEW,"iLearningEngines, Inc.",Technology,Software—Infrastructure
9370,1833214,SABSW,"SAB Biotherapeutics, Inc.",Healthcare,Biotechnology
9371,1848898,AAGRW,African Agriculture Holdings Inc.,Consumer Defensive,Farm Products
9372,1849820,KITTW,"Nauticus Robotics, Inc.",Industrials,Aerospace & Defense
9373,1848861,HAIAU,Healthcare AI Acquisition Corp.,Financial Services,Shell Companies
9374,1847846,EUDAW,EUDA Health Holdings Ltd,Healthcare,Health Information Services
9375,1848821,GTACU,Global Technology Acquisition Corp. I,Financial Services,Shell Companies
9376,1848821,GTACW,Global Technology Acquisition Corp. I,Financial Services,Shell Companies
9377,1848861,HAIAW,Healthcare AI Acquisition Corp.,Financial Services,Shell Companies
9379,1845815,PAYOW,Payoneer Global Inc.,Technology,Software—Infrastructure
9380,1839998,AONCW,"American Oncology Network, Inc.",Healthcare,Medical Care Facilities
9382,1842356,PETWW,Wag! Group Co.,Technology,Software—Application
9383,1841408,DAVEW,Dave Inc./DE,Technology,Software—Application
9386,1844981,FAASW,DIGIASIA CORP.,Technology,Software—Infrastructure
9388,1843370,BLEUU,bleuacacia ltd,Financial Services,Shell Companies
9389,1843370,BLEUW,bleuacacia ltd,Financial Services,Shell Companies
9390,1864531,VSEEW,"VSEE HEALTH, INC.",Healthcare,Health Information Services
9392,1865631,NNAVW,NEXTNAV INC.,Technology,Software—Infrastructure
9393,1860514,USTWF,Roth CH Acquisition Co.,Financial Services,Shell Companies
9395,1866782,CDROW,"Codere Online Luxembourg, S.A.",Consumer Cyclical,Gambling
9397,1651721,GIPRW,"GENERATION INCOME PROPERTIES, INC.",Real Estate,REIT—Diversified
9398,1854275,ZCARW,"Zoomcar Holdings, Inc.",Industrials,Rental & Leasing Services
9400,1855612,GRABW,Grab Holdings Ltd,Technology,Software—Application
9402,1853138,AACT-UN,Ares Acquisition Corp II,Financial Services,Shell Companies
9403,1854149,ANSCW,Agriculture & Natural Solutions Acquisition Corp,Financial Services,Shell Companies
9404,1854149,ANSCU,Agriculture & Natural Solutions Acquisition Corp,Financial Services,Shell Companies
9406,1852061,GAQWF,Generation Asia I Acquisition Ltd,Financial Services,Shell Companies
9408,1852019,IXAQU,IX Acquisition Corp.,Financial Services,Shell Companies
9409,1852019,IXAQW,IX Acquisition Corp.,Financial Services,Shell Companies
9410,1852016,AEAEU,AltEnergy Acquisition Corp,Financial Services,Shell Companies
9411,1852016,AEAEW,AltEnergy Acquisition Corp,Financial Services,Shell Companies
9412,1679063,CSSEL,"Chicken Soup for the Soul Entertainment, Inc.",Communication Services,Entertainment
9423,1679063,CSSLQ,"Chicken Soup for the Soul Entertainment, Inc.",Communication Services,Entertainment
9424,1679063,CSSPQ,"Chicken Soup for the Soul Entertainment, Inc.",Communication Services,Entertainment
9425,1676047,NTRBW,NutriBand Inc.,Healthcare,Biotechnology
9426,1690080,ATNFW,180 Life Sciences Corp.,Healthcare,Biotechnology
9427,1709682,CTOSW,"Custom Truck One Source, Inc.",Industrials,Rental & Leasing Services
9429,1734768,IMVIF,IMV Inc.,Healthcare,Biotechnology
9430,1742927,RVPHW,"REVIVA PHARMACEUTICALS HOLDINGS, INC.",Healthcare,Biotechnology
9432,1739174,PHGEW,BiomX Inc.,Healthcare,Biotechnology
9433,1703644,GPMT-PA,Granite Point Mortgage Trust Inc.,Real Estate,REIT—Mortgage
9434,1843993,THCPU,"Thunder Bridge Capital Partners IV, Inc.",Financial Services,Shell Companies
9435,1843993,THCPW,"Thunder Bridge Capital Partners IV, Inc.",Financial Services,Shell Companies
9437,1844862,SLDPW,"Solid Power, Inc.",Consumer Cyclical,Auto Parts
9438,1837429,BNRE-A,Brookfield Reinsurance Ltd.,Financial Services,Insurance—Reinsurance
9439,1837493,IINNW,Inspira Technologies OXY B.H.N. Ltd,Healthcare,Medical Devices
9440,1838359,RGTIW,"Rigetti Computing, Inc.",Technology,Computer Hardware
9441,1839586,DMXCF,District Metals Corp.,Basic Materials,Other Industrial Metals & Mining
9442,1839608,GETRW,"Getaround, Inc",Technology,Software—Application
9443,1839519,CFFSU,CF Acquisition Corp. VII,Financial Services,Shell Companies
9444,1839519,CFFSW,CF Acquisition Corp. VII,Financial Services,Shell Companies
9445,1839530,XBPEW,"XBP Europe Holdings, Inc.",Technology,Software—Infrastructure
9446,1737995,STSSW,Sharps Technology Inc.,Healthcare,Medical Instruments & Supplies
9447,1721386,LSEAW,Landsea Homes Corp,Real Estate,Real Estate—Development
9448,1760689,MVSTW,"Microvast Holdings, Inc.",Industrials,Electrical Equipment & Parts
9450,1750153,GOEVW,Canoo Inc.,Consumer Cyclical,Auto Manufacturers
9451,1784567,HCDWQ,"Harbor Custom Development, Inc.",Real Estate,Real Estate—Development
9452,1784567,HCDZQ,"Harbor Custom Development, Inc.",Real Estate,Real Estate—Development
9453,1784567,HCDPQ,"Harbor Custom Development, Inc.",Real Estate,Real Estate—Development
9455,1781162,MNTSW,Momentus Inc.,Industrials,Aerospace & Defense
9456,1769116,VIAOY,VIA optronics AG,Technology,Electronic Components
9460,1812727,RELIW,"Reliance Global Group, Inc.",Financial Services,Insurance Brokers
9462,1834526,GPATW,GP-Act III Acquisition Corp.,Financial Services,Shell Companies
9463,1834526,GPATU,GP-Act III Acquisition Corp.,Financial Services,Shell Companies
9464,1833498,MDAIW,"Spectral AI, Inc.",Healthcare,Medical Devices
9467,1822886,HHGCU,HHG Capital Corp,Financial Services,Shell Companies
9468,1822886,HHGCW,HHG Capital Corp,Financial Services,Shell Companies
9469,1821424,UKOMW,Ucommune International Ltd,Real Estate,Real Estate Services
9472,1820566,ISPOW,Inspirato Inc,Consumer Cyclical,Travel Services
9474,1826397,AGRIW,AGRIFORCE GROWING SYSTEMS LTD.,Consumer Defensive,Farm Products
9475,1825452,ONFOW,"Onfolio Holdings, Inc",Communication Services,Internet Content & Information
9477,1835856,BETRW,Better Home & Finance Holding Co,Financial Services,Mortgage Finance
9481,1828248,CVIIW,Churchill Capital Corp VII,Financial Services,Shell Companies
9482,1828248,CVIIU,Churchill Capital Corp VII,Financial Services,Shell Companies
9483,1801602,SBIGW,"SpringBig Holdings, Inc.",Technology,Software—Application
9484,1799191,TOIIW,"Oncology Institute, Inc.",Healthcare,Medical Care Facilities
9485,1816233,SHCRW,"Sharecare, Inc.",Healthcare,Health Information Services
9487,1661053,NVNBW,enVVeno Medical Corp,Healthcare,Medical Devices
9488,1604174,ECCC,Eagle Point Credit Co Inc.,Financial Services,Asset Management
9489,1604174,ECC-PD,Eagle Point Credit Co Inc.,Financial Services,Asset Management
9491,1604174,ECCF,Eagle Point Credit Co Inc.,Financial Services,Asset Management
9493,1836875,NVVEW,Nuvve Holding Corp.,Consumer Cyclical,Specialty Retail
9495,1838513,GATEU,Marblegate Acquisition Corp.,Financial Services,Shell Companies
9496,1838513,GATEW,Marblegate Acquisition Corp.,Financial Services,Shell Companies
9497,1754836,EICB,Eagle Point Income Co Inc.,Financial Services,Asset Management
9498,1754836,EICC,Eagle Point Income Co Inc.,Financial Services,Asset Management
9499,1754836,EICA,Eagle Point Income Co Inc.,Financial Services,Asset Management
9500,1744494,ADNWW,"ADVENT TECHNOLOGIES HOLDINGS, INC.",Utilities,Utilities—Renewable
9502,1776661,ADVWW,Advantage Solutions Inc.,Communication Services,Advertising Agencies
9503,1758699,TRSO,TRANSUITE.ORG INC.,Technology,Software—Application
9504,1718405,HYMCW,HYCROFT MINING HOLDING CORP,Basic Materials,Gold
9505,1718405,HYMCL,HYCROFT MINING HOLDING CORP,Basic Materials,Gold
9508,1685040,BHFAM,"Brighthouse Financial, Inc.",Financial Services,Insurance—Life
9509,1685040,BHFAN,"Brighthouse Financial, Inc.",Financial Services,Insurance—Life
9510,1685040,BHFAO,"Brighthouse Financial, Inc.",Financial Services,Insurance—Life
9511,1668010,DBGIW,"Digital Brands Group, Inc.",Consumer Cyclical,Apparel Retail
9514,1640043,PXSAP,Pyxis Tankers Inc.,Energy,Oil & Gas Midstream
9515,1640043,PXSAW,Pyxis Tankers Inc.,Energy,Oil & Gas Midstream
9516,1685428,LMDWF,LumiraDx Ltd,Healthcare,Diagnostics & Research
9522,1657853,HTZWW,"HERTZ GLOBAL HOLDINGS, INC",Industrials,Rental & Leasing Services
9523,1792849,HPKEW,"HighPeak Energy, Inc.",Energy,Oil & Gas E&P
9527,1776909,CURIW,CuriosityStream Inc.,Communication Services,Broadcasting
9529,1738758,GSMGW,"Cheer Holding, Inc.",Communication Services,Advertising Agencies
9530,1765651,PSPX,Pacific Sports Exchange Inc.,Consumer Cyclical,Specialty Retail
9531,1786248,NREF-PA,"NexPoint Real Estate Finance, Inc.",Real Estate,REIT—Mortgage
9532,1784851,SHPWW,"Shapeways Holdings, Inc.",Industrials,Specialty Industrial Machinery
9533,1779474,MAPSW,"WM TECHNOLOGY, INC.",Technology,Software—Application
9534,1748137,NEOVW,NeoVolta Inc.,Industrials,Electrical Equipment & Parts
9535,1759824,ALTG-PA,ALTA EQUIPMENT GROUP INC.,Industrials,Rental & Leasing Services
9537,1752828,CELUW,Celularity Inc,Healthcare,Biotechnology
9538,1753706,FREEW,"Whole Earth Brands, Inc.",Consumer Defensive,Packaged Foods
9541,1721056,HSCT,HOOPS SCOUTING USA,Communication Services,Internet Content & Information
9545,1716583,HYZNW,Hyzon Motors Inc.,Consumer Cyclical,Auto Parts
9546,1708176,HOFVW,Hall of Fame Resort & Entertainment Co,Communication Services,Entertainment
9547,1823878,MYPSW,"PLAYSTUDIOS, Inc.",Communication Services,Electronic Gaming & Multimedia
9548,1821159,EVGOW,EVgo Inc.,Consumer Cyclical,Specialty Retail
9549,1832511,PIIIW,P3 Health Partners Inc.,Healthcare,Medical Care Facilities
9551,1828972,BZFDW,"BuzzFeed, Inc.",Communication Services,Internet Content & Information
9552,1838162,SLAMW,Slam Corp.,Financial Services,Shell Companies
9553,1838162,SLAMU,Slam Corp.,Financial Services,Shell Companies
9554,1838163,BNAIW,Brand Engagement Network Inc.,Technology,Software—Infrastructure
9556,1849902,SEPAU,SEP Acquisition Corp.,Financial Services,Shell Companies
9557,1849902,SEPAW,SEP Acquisition Corp.,Financial Services,Shell Companies
9559,1847607,RFACU,RF Acquisition Corp.,Financial Services,Shell Companies
9561,1847577,LCW-UN,Learn CW Investment Corp,Financial Services,Shell Companies
9563,1847607,RFACW,RF Acquisition Corp.,Financial Services,Shell Companies
9564,1846975,SEDA-UN,SDCL EDGE Acquisition Corp,Financial Services,Shell Companies
9566,1845459,NKGNW,"NKGen Biotech, Inc.",Healthcare,Biotechnology
9567,1802749,ZEVYW,"Lightning eMotors, Inc.",Industrials,Farm & Heavy Construction Machinery
9568,1798562,TMCWW,TMC the metals Co Inc.,Basic Materials,Other Industrial Metals & Mining
9570,1792941,GNVR,Genvor Inc,Basic Materials,Agricultural Inputs
9572,1794846,ATCO-PD,Atlas Corp.,Financial Services,Asset Management
9573,1794846,ATCO-PH,Atlas Corp.,Financial Services,Asset Management
9574,1788028,JSPRW,"Jasper Therapeutics, Inc.",Healthcare,Biotechnology
9575,1785424,KPLTW,"Katapult Holdings, Inc.",Technology,Software—Infrastructure
9576,1780312,ASTSW,"AST SpaceMobile, Inc.",Technology,Communication Equipment
9577,1804469,GFAIW,"Guardforce AI Co., Ltd.",Industrials,Security & Protection Services
9579,1810560,REVBW,"REVELATION BIOSCIENCES, INC.",Healthcare,Biotechnology
9580,1806347,WESTW,Westrock Coffee Co,Consumer Defensive,Packaged Foods
9581,1819615,CLVRW,Clever Leaves Holdings Inc.,Healthcare,Drug Manufacturers—Specialty & Generic
9584,1927719,CRGOW,Freightos Ltd,Industrials,Integrated Freight & Logistics
9585,1913577,DECAU,Denali Capital Acquisition Corp.,Financial Services,Shell Companies
9586,1913577,DECAW,Denali Capital Acquisition Corp.,Financial Services,Shell Companies
9588,1903870,AFRIW,Forafric Global PLC,Consumer Defensive,Farm Products
9591,1895262,NBLWF,Noble Corp plc,Energy,Oil & Gas Drilling
9592,1893219,ACABU,Atlantic Coastal Acquisition Corp. II,Financial Services,Shell Companies
9593,1893219,ACABW,Atlantic Coastal Acquisition Corp. II,Financial Services,Shell Companies
9594,1893311,LUXHP,LUXURBAN HOTELS INC.,Consumer Cyclical,Lodging
9596,1879851,TMTCU,TMT Acquisition Corp.,Financial Services,Shell Companies
9600,1945422,OAKUU,Oak Woods Acquisition Corp,Financial Services,Shell Companies
9603,1936255,FORLU,Four Leaf Acquisition Corp,Financial Services,Shell Companies
9604,1940674,SMXWW,SMX (Security Matters) Public Ltd Co,Industrials,Specialty Business Services
9605,1938338,GLTK,GlobalTech Corp,Communication Services,Telecom Services
9609,1870144,CDIOW,"Cardio Diagnostics Holdings, Inc.",Healthcare,Biotechnology
9610,1870143,RCFA-UN,Perception Capital Corp. IV,Financial Services,Shell Companies
9612,1865248,CMCAW,Capitalworks Emerging Markets Acquisition Corp,Financial Services,Shell Companies
9613,1865200,PORTW,Southport Acquisition Corp,Financial Services,Shell Companies
9615,1875091,NRSNW,NeuroSense Therapeutics Ltd.,Healthcare,Biotechnology
9616,1871745,DSAQW,Direct Selling Acquisition Corp.,Financial Services,Shell Companies
9617,1871638,BRKHU,BurTech Acquisition Corp.,Financial Services,Shell Companies
9618,1871638,BRKHW,BurTech Acquisition Corp.,Financial Services,Shell Companies
9620,1876945,GRAMW,Gold Flora Corp.,Consumer Defensive,Tobacco
9622,1876716,ASCBU,ASPAC II Acquisition Corp.,Financial Services,Shell Companies
9623,1876716,ASCBW,ASPAC II Acquisition Corp.,Financial Services,Shell Companies
9624,1862150,CINGW,Cingulate Inc.,Healthcare,Biotechnology
9625,1863990,MSAIW,"MultiSensor AI Holdings, Inc.",Technology,Software—Infrastructure
9626,1857855,FNVTU,Finnovate Acquisition Corp.,Financial Services,Shell Companies
9627,1857855,FNVTW,Finnovate Acquisition Corp.,Financial Services,Shell Companies
9628,1855756,LILMW,Lilium N.V.,Industrials,Aerospace & Defense
9630,1858007,GDSTU,Goldenstone Acquisition Ltd.,Financial Services,Shell Companies
9631,1858007,GDSTW,Goldenstone Acquisition Ltd.,Financial Services,Shell Companies
9634,1852407,FEXDU,Fintech Ecosystem Development Corp.,Financial Services,Shell Companies
9635,1852407,FEXDW,Fintech Ecosystem Development Corp.,Financial Services,Shell Companies
9637,1853580,PFTAU,Perception Capital Corp. III,Financial Services,Shell Companies
9638,1853580,PFTAW,Perception Capital Corp. III,Financial Services,Shell Companies
9640,1830033,PCTTU,"PureCycle Technologies, Inc.",Industrials,Pollution & Treatment Controls
9641,1830033,PCTTW,"PureCycle Technologies, Inc.",Industrials,Pollution & Treatment Controls
9642,1835416,MACAU,Moringa Acquisition Corp,Financial Services,Shell Companies
9643,1835416,MACAW,Moringa Acquisition Corp,Financial Services,Shell Companies
9645,1836100,PUCKU,Goal Acquisitions Corp.,Financial Services,Shell Companies
9646,1836100,PUCKW,Goal Acquisitions Corp.,Financial Services,Shell Companies
9647,1837929,NPABU,New Providence Acquisition Corp. II,Financial Services,Shell Companies
9648,1837929,NPABW,New Providence Acquisition Corp. II,Financial Services,Shell Companies
9649,1838000,SWSSW,Clean Energy Special Situations Corp.,Financial Services,Shell Companies
9652,1842566,AISPW,"Airship AI Holdings, Inc.",Technology,Software—Infrastructure
9653,1838876,GSLR,"GeoSolar Technologies, Inc.",Technology,Solar
9655,1850059,FSHPU,Flag Ship Acquisition Corp,Financial Services,Shell Companies
9656,1875547,LCFYW,Locafy Ltd,Communication Services,Internet Content & Information
9658,1875493,CSLMU,CSLM ACQUISITION CORP.,Financial Services,Shell Companies
9661,1847986,DFLIW,Dragonfly Energy Holdings Corp.,Industrials,Electrical Equipment & Parts
9662,1849380,ONMDW,OneMedNet Corp,Healthcare,Health Information Services
9665,1845123,IVCPU,Swiftmerge Acquisition Corp.,Financial Services,Shell Companies
9667,1845149,CBRGU,Chain Bridge I,Financial Services,Shell Companies
9669,1817232,HGASW,Global Gas Corp,Basic Materials,Specialty Chemicals
9670,1816431,QSIAW,Quantum-Si Inc,Healthcare,Medical Devices
9671,1809750,EDBLW,Edible Garden AG Inc,Consumer Defensive,Farm Products
9676,1796514,BTCTW,BTC Digital Ltd.,Technology,Computer Hardware
9678,1805077,EOSEW,"Eos Energy Enterprises, Inc.",Industrials,Electrical Equipment & Parts
9679,1825024,OPADW,Offerpad Solutions Inc.,Real Estate,Real Estate Services
9680,1823584,AENTW,ALLIANCE ENTERTAINMENT HOLDING CORP,Communication Services,Entertainment
9682,1823000,CNXXW,CONX Corp.,Financial Services,Shell Companies
9683,1822993,JXN-PA,Jackson Financial Inc.,Financial Services,Insurance—Life
9684,1826011,BNZIW,"Banzai International, Inc.",Technology,Software—Application
9686,1830029,GRDIW,GRIID Infrastructure Inc.,Financial Services,Capital Markets
9689,1819989,CIFRW,Cipher Mining Inc.,Financial Services,Capital Markets
9691,1914023,ACACU,Acri Capital Acquisition Corp,Financial Services,Shell Companies
9696,1901203,IROHW,Iron Horse Acquisitions Corp.,Financial Services,Shell Companies
9697,1901203,IROHU,Iron Horse Acquisitions Corp.,Financial Services,Shell Companies
9698,1903145,GRRRW,Gorilla Technology Group Inc.,Technology,Software—Infrastructure
9700,1885849,TFLM,Tofla Megaline Inc.,Technology,Software—Infrastructure
9702,1892747,VMCAU,Valuence Merger Corp. I,Financial Services,Shell Companies
9703,1892747,VMCAW,Valuence Merger Corp. I,Financial Services,Shell Companies
9704,1895144,GODNU,Golden Star Acquisition Corp,Financial Services,Shell Companies
9707,1895249,MCACU,Monterey Capital Acquisition Corp,Financial Services,Shell Companies
9708,1895249,MCACW,Monterey Capital Acquisition Corp,Financial Services,Shell Companies
9712,1880319,PRMFF,"Perimeter Solutions, SA",Basic Materials,Specialty Chemicals
9713,1881741,AOGOU,Arogo Capital Acquisition Corp.,Financial Services,Shell Companies
9714,1881741,AOGOW,Arogo Capital Acquisition Corp.,Financial Services,Shell Companies
9715,1883788,DHAIW,"DIH HOLDING US, INC.",Healthcare,Medical Devices
9716,1800392,VENAF,MicroAlgo Inc.,Technology,Software—Infrastructure
9717,1805385,EVLVW,"Evolv Technologies Holdings, Inc.",Industrials,Security & Protection Services
9718,1809196,IMTXW,Immatics N.V.,Healthcare,Biotechnology
9722,1977303,ARLTF,Arcadium Lithium plc,Basic Materials,Specialty Chemicals
9723,1957489,ABLVW,Able View Global Inc.,Communication Services,Advertising Agencies
9724,1957538,ESGLW,ESGL Holdings Ltd,Industrials,Waste Management
9725,1980845,ENGNW,enGene Holdings Inc.,Healthcare,Biotechnology
9732,1787518,NUKKW,Nukkleus Inc.,Technology,Software—Application
9733,1783036,NLSPW,NLS Pharmaceutics Ltd.,Healthcare,Biotechnology
9734,1775734,BENFW,Beneficient,Financial Services,Asset Management
9735,1774675,SKILW,Skillsoft Corp.,Consumer Defensive,Education & Training Services
9737,1760764,GMVWF,G Medical Innovations Holdings Ltd.,Healthcare,Medical Instruments & Supplies
9739,1851484,TENKU,TenX Keane Acquisition,Financial Services,Shell Companies
9740,1850262,INTEU,Integral Acquisition Corp 1,Financial Services,Shell Companies
9741,1850262,INTEW,Integral Acquisition Corp 1,Financial Services,Shell Companies
9742,1847345,PWUPU,PowerUp Acquisition Corp.,Financial Services,Shell Companies
9743,1847345,PWUPW,PowerUp Acquisition Corp.,Financial Services,Shell Companies
9745,1844507,AVHIW,Achari Ventures Holdings Corp. I,Financial Services,Shell Companies
9746,1844505,QTIWW,"QT IMAGING HOLDINGS, INC.",Healthcare,Medical Devices
9748,1849058,CLOEU,Clover Leaf Capital Corp.,Financial Services,Shell Companies
9749,1848334,OKMN,"OKMIN RESOURCES, INC.",Energy,Oil & Gas E&P
9750,1847355,TGAAU,Target Global Acquisition I Corp.,Financial Services,Shell Companies
9751,1847355,TGAAW,Target Global Acquisition I Corp.,Financial Services,Shell Companies
9752,1827871,ELIWQ,"Electriq Power Holdings, Inc.",Utilities,Utilities—Renewable
9753,1826667,TLSIW,"TriSalus Life Sciences, Inc.",Healthcare,Medical Devices
9754,1826681,PDYNW,Palladyne AI Corp.,Technology,Software—Infrastructure
9755,1824893,SRZNW,"Surrozen, Inc./DE",Healthcare,Biotechnology
9757,1828522,EFTRW,"eFFECTOR Therapeutics, Inc.",Healthcare,Biotechnology
9758,1830081,RUMBW,Rumble Inc.,Technology,Software—Application
9760,1822145,PRSTW,Presto Automation Inc.,Technology,Software—Application
9761,1823593,TSPH,TuSimple Holdings Inc.,Industrials,Trucking
9763,1818644,LIDRW,"AEye, Inc.",Technology,Software—Infrastructure
9766,1819794,HTOOW,Fusion Fuel Green PLC,Utilities,Utilities—Renewable
9767,1819796,GCMGW,GCM Grosvenor Inc.,Financial Services,Asset Management
9769,1831868,ICUCW,SeaStar Medical Holding Corp,Healthcare,Biotechnology
9772,1831874,IRAAU,Iris Acquisition Corp,Financial Services,Shell Companies
9773,1831874,IRAAW,Iris Acquisition Corp,Financial Services,Shell Companies
9775,1840292,HLGNW,"Heliogen, Inc.",Utilities,Utilities—Renewable
9776,1840317,PLMIW,Plum Acquisition Corp. I,Financial Services,Shell Companies
9777,1840317,PLMIU,Plum Acquisition Corp. I,Financial Services,Shell Companies
9778,1839341,CORZW,"Core Scientific, Inc./tx",Technology,Software—Infrastructure
9779,1839341,CORZZ,"Core Scientific, Inc./tx",Technology,Software—Infrastructure
9781,1843714,ZPTAW,Zapata Computing Holdings Inc.,Technology,Software—Infrastructure
9783,1841125,GAMCU,Golden Arrow Merger Corp.,Financial Services,Shell Companies
9784,1841125,GAMCW,Golden Arrow Merger Corp.,Financial Services,Shell Companies
9785,1854963,SHFSW,"SHF Holdings, Inc.",Financial Services,Banks—Regional
9786,1864943,FGIWW,FGI Industries Ltd.,Consumer Cyclical,"Furnishings, Fixtures & Appliances"
9787,1863362,PROCW,"Procaps Group, S.A.",Healthcare,Drug Manufacturers—Specialty & Generic
9788,1852973,BRLSW,Borealis Foods Inc.,Consumer Defensive,Packaged Foods
9790,1858028,NOVVU,Nova Vision Acquisition Corp,Financial Services,Shell Companies
9791,1858028,NOVVW,Nova Vision Acquisition Corp,Financial Services,Shell Companies
9792,1852889,IVCAU,Investcorp India Acquisition Corp,Financial Services,Shell Companies
9793,1852889,IVCAW,Investcorp India Acquisition Corp,Financial Services,Shell Companies
9794,1849548,ONYXU,Onyx Acquisition Co. I,Financial Services,Shell Companies
9795,1849548,ONYXW,Onyx Acquisition Co. I,Financial Services,Shell Companies
9796,1846750,TCOA-UN,Zalatoris Acquisition Corp.,Financial Services,Shell Companies
9798,1848437,CITEU,Cartica Acquisition Corp,Financial Services,Shell Companies
9799,1848437,CITEW,Cartica Acquisition Corp,Financial Services,Shell Companies
9800,1841209,HOLOW,MicroCloud Hologram Inc.,Technology,Electronic Components
9802,1840425,BLACU,Bellevue Life Sciences Acquisition Corp.,Financial Services,Shell Companies
9805,1842937,HCVIU,Hennessy Capital Investment Corp. VI,Financial Services,Shell Companies
9806,1842937,HCVIW,Hennessy Capital Investment Corp. VI,Financial Services,Shell Companies
9808,1844149,SPECW,Spectaire Holdings Inc.,Industrials,Pollution & Treatment Controls
9809,1841330,KTTAW,Pasithea Therapeutics Corp.,Healthcare,Biotechnology
9810,1840502,TBLAW,Taboola.com Ltd.,Communication Services,Internet Content & Information
9813,1820175,OCAXU,OCA Acquisition Corp.,Financial Services,Shell Companies
9814,1820175,OCAXW,OCA Acquisition Corp.,Financial Services,Shell Companies
9815,1810140,POLWQ,Polished.com Inc.,Consumer Cyclical,Specialty Retail
9817,1802450,LIFWW,"MSP Recovery, Inc.",Healthcare,Health Information Services
9818,1802450,LIFWZ,"MSP Recovery, Inc.",Healthcare,Health Information Services
9821,1834032,CSTUF,Constellation Acquisition Corp I,Financial Services,Shell Companies
9822,1834032,CSTWF,Constellation Acquisition Corp I,Financial Services,Shell Companies
9823,1834045,VWEWW,"Vintage Wine Estates, Inc.",Consumer Defensive,Beverages—Wineries & Distilleries
9829,1820190,SCLXW,Scilex Holding Co,Healthcare,Drug Manufacturers—General
9830,1823144,CMPOW,"CompoSecure, Inc.",Industrials,Metal Fabrication
9831,1781629,ANKM,"Ankam, Inc.",Technology,Software—Application
9834,1801417,BYNOU,byNordic Acquisition Corp,Financial Services,Shell Companies
9835,1801417,BYNOW,byNordic Acquisition Corp,Financial Services,Shell Companies
9836,1802457,ORGNW,"Origin Materials, Inc.",Basic Materials,Chemicals
9837,1774983,BROGW,Brooge Energy Ltd,Energy,Oil & Gas Midstream
9838,1770141,UPHLW,"UpHealth, Inc.",Healthcare,Health Information Services
9839,1900402,EVGRU,Evergreen Corp,Financial Services,Shell Companies
9840,1900402,EVGRW,Evergreen Corp,Financial Services,Shell Companies
9843,1915328,ISRLU,Israel Acquisitions Corp,Financial Services,Shell Companies
9845,1889983,KVACU,Keen Vision Acquisition Corp.,Financial Services,Shell Companies
9846,1889983,KVACW,Keen Vision Acquisition Corp.,Financial Services,Shell Companies
9847,1889823,KWESW,KWESST Micro Systems Inc.,Industrials,Aerospace & Defense
9848,1885998,ROCLU,Roth CH Acquisition V Co.,Financial Services,Shell Companies
9849,1885998,ROCLW,Roth CH Acquisition V Co.,Financial Services,Shell Companies
9850,1887912,WLSS,Welsis Corp.,Healthcare,Health Information Services
9851,1894630,GHIXU,"Gores Holdings IX, Inc.",Financial Services,Shell Companies
9852,1894630,GHIXW,"Gores Holdings IX, Inc.",Financial Services,Shell Companies
9853,1894693,SVREW,SaverOne 2014 Ltd.,Technology,Scientific & Technical Instruments
9855,1903392,CLRCU,ClimateRock,Financial Services,Shell Companies
9856,1903392,CLRCW,ClimateRock,Financial Services,Shell Companies
9857,1903464,AIMAU,Aimfinity Investment Corp. I,Financial Services,Shell Companies
9858,1903464,AIMAW,Aimfinity Investment Corp. I,Financial Services,Shell Companies
9859,1903464,AIMBU,Aimfinity Investment Corp. I,Financial Services,Shell Companies
9860,1868573,APXIU,APx Acquisition Corp. I,Financial Services,Shell Companies
9861,1868573,APXIW,APx Acquisition Corp. I,Financial Services,Shell Companies
9862,1868640,RDZNW,Roadzen Inc.,Technology,Software—Application
9863,1868419,WAVSU,Western Acquisition Ventures Corp.,Financial Services,Shell Companies
9864,1868419,WAVSW,Western Acquisition Ventures Corp.,Financial Services,Shell Companies
9866,1866226,WTMAU,Welsbach Technology Metals Acquisition Corp.,Financial Services,Shell Companies
9867,1874315,SATLW,Satellogic Inc.,Industrials,Aerospace & Defense
9868,1877557,WEL-UN,Integrated Wellness Acquisition Corp,Financial Services,Shell Companies
9872,1884046,SPKLW,Spark I Acquisition Corp,Financial Services,Shell Companies
9873,1884046,SPKLU,Spark I Acquisition Corp,Financial Services,Shell Companies
9874,1826889,BODYW,"Beachbody Company, Inc.",Communication Services,Internet Content & Information
9876,1828108,AUROW,"Aurora Innovation, Inc.",Technology,Information Technology Services
9879,1824403,RSVRW,"Reservoir Media, Inc.",Communication Services,Entertainment
9881,1831979,GPACU,Stardust Power Inc.,Financial Services,Shell Companies
9882,1831979,GPACW,Stardust Power Inc.,Financial Services,Shell Companies
9883,1831979,SDSTW,Stardust Power Inc.,Industrials,Electrical Equipment & Parts
9884,1832950,KRNLU,"Kernel Group Holdings, Inc.",Financial Services,Shell Companies
9885,1832950,KRNLW,"Kernel Group Holdings, Inc.",Financial Services,Shell Companies
9887,1831978,NBSTU,Newbury Street Acquisition Corp,Financial Services,Shell Companies
9888,1831978,NBSTW,Newbury Street Acquisition Corp,Financial Services,Shell Companies
9889,1811109,AUVPQ,"Applied UV, Inc.",Consumer Cyclical,"Furnishings, Fixtures & Appliances"
9890,1807765,PMVCW,PMV Consumer Acquisition Corp.,Financial Services,Shell Companies
9891,1808377,LUCYW,Innovative Eyewear Inc,Healthcare,Medical Instruments & Supplies
9892,1813914,CMAXW,"CareMax, Inc.",Healthcare,Health Information Services
9897,1818331,WGSWW,GeneDx Holdings Corp.,Healthcare,Health Information Services
9898,1818382,HUMAW,"Humacyte, Inc.",Healthcare,Biotechnology
9901,1843477,SVIIW,Spring Valley Acquisition Corp. II,Financial Services,Shell Companies
9902,1844419,MAQCU,Maquia Capital Acquisition Corp,Financial Services,Shell Companies
9903,1844419,MAQCW,Maquia Capital Acquisition Corp,Financial Services,Shell Companies
9906,1844417,ESLAW,"Estrella Immunopharma, Inc.",Healthcare,Biotechnology
9907,1843656,RMCOW,Royalty Management Holding Corp,Financial Services,Asset Management
9908,1838293,CHAAW,Catcha Investment Corp,Financial Services,Shell Companies
9909,1840199,WALDW,Waldencast plc,Consumer Defensive,Household & Personal Products
9910,1835654,INVZW,Innoviz Technologies Ltd.,Consumer Cyclical,Auto Parts
9913,1840856,SOUNW,"SOUNDHOUND AI, INC.",Technology,Software—Application
9914,1840877,COCHW,"Envoy Medical, Inc.",Healthcare,Medical Devices
9915,1851909,CDAQU,Compass Digital Acquisition Corp.,Financial Services,Shell Companies
9916,1851909,CDAQW,Compass Digital Acquisition Corp.,Financial Services,Shell Companies
9920,1849737,PLAOU,Patria Latin American Opportunity Acquisition Corp.,Financial Services,Shell Companies
9921,1849737,PLAOW,Patria Latin American Opportunity Acquisition Corp.,Financial Services,Shell Companies
9922,1848756,PHYT-UN,Pyrophyte Acquisition Corp.,Financial Services,Shell Companies
9923,1848763,RNWWW,ReNew Energy Global plc,Utilities,Utilities—Renewable
9925,1843477,SVIIU,Spring Valley Acquisition Corp. II,Financial Services,Shell Companies
9927,1847112,TRTL-UN,TortoiseEcofin Acquisition Corp. III,Financial Services,Shell Companies
9930,1845942,BNIXW,Bannix Acquisition Corp.,Financial Services,Shell Companies
9932,1847075,SAITW,SAI.TECH Global Corp,Financial Services,Capital Markets
9933,1872525,SWAGW,"Stran & Company, Inc.",Communication Services,Advertising Agencies
9934,1874074,MMVWW,MultiMetaVerse Holdings Ltd,Communication Services,Entertainment
9935,1879248,ADSEW,Ads-Tec Energy Public Ltd Co,Industrials,Electrical Equipment & Parts
9936,1886190,GGROW,Gogoro Inc.,Consumer Cyclical,Auto Manufacturers
9937,1896049,STIXF,"Semantix, Inc.",Technology,Software—Application
9938,1896049,STWWF,"Semantix, Inc.",Technology,Software—Application
9939,1889112,RENEU,Cartesian Growth Corp II,Financial Services,Shell Companies
9940,1889112,RENEW,Cartesian Growth Corp II,Financial Services,Shell Companies
9941,1887673,WLDSW,Wearable Devices Ltd.,Technology,Consumer Electronics
9943,1889106,ATMCU,ALPHATIME ACQUISITION CORP,Financial Services,Shell Companies
9944,1889106,ATMCW,ALPHATIME ACQUISITION CORP,Financial Services,Shell Companies
9946,1907730,YOTAU,Yotta Acquisition Corp,Financial Services,Shell Companies
9947,1912461,SKGRU,SK Growth Opportunities Corp,Financial Services,Shell Companies
9948,1912461,SKGRW,SK Growth Opportunities Corp,Financial Services,Shell Companies
9950,1922331,GLSTU,Global Star Acquisition Inc.,Financial Services,Shell Companies
9951,1922331,GLSTW,Global Star Acquisition Inc.,Financial Services,Shell Companies
9955,1900679,TETEU,Technology & Telecommunication Acquisition Corp,Financial Services,Shell Companies
9956,1900679,TETEW,Technology & Telecommunication Acquisition Corp,Financial Services,Shell Companies
9958,1889123,EMLDU,FTAC Emerald Acquisition Corp.,Financial Services,Shell Companies
9959,1889123,EMLDW,FTAC Emerald Acquisition Corp.,Financial Services,Shell Companies
9961,1907730,YOTAW,Yotta Acquisition Corp,Financial Services,Shell Companies
9962,1901886,AFARU,Aura Fat Projects Acquisition Corp,Financial Services,Shell Companies
9963,1901886,AFARW,Aura Fat Projects Acquisition Corp,Financial Services,Shell Companies
9964,1904616,BAKR,Baker Global Asset Management Inc.,Financial Services,Asset Management
9965,1850502,NFYS-UN,Enphys Acquisition Corp.,Financial Services,Shell Companies
9968,1849294,FRLAU,Fortune Rise Acquisition Corp,Financial Services,Shell Companies
9969,1849294,FRLAW,Fortune Rise Acquisition Corp,Financial Services,Shell Companies
9972,1859690,ARQQW,Arqit Quantum Inc.,Technology,Software—Infrastructure
9973,1859686,SBXC-UN,SilverBox Corp III,Financial Services,Shell Companies
9974,1853816,DRMAW,"Dermata Therapeutics, Inc.",Healthcare,Biotechnology
9976,1866001,JVSAU,JVSPAC Acquisition Corp.,Financial Services,Shell Companies
9977,1861841,ARBEW,Arbe Robotics Ltd.,Technology,Software—Infrastructure
9980,1859807,NVACW,NorthView Acquisition Corp,Financial Services,Shell Companies
9981,1860871,TVGNW,Tevogen Bio Holdings Inc.,Healthcare,Biotechnology
9982,1860879,RRAC-UN,Rigel Resource Acquisition Corp.,Financial Services,Shell Companies
9984,1866816,OPTXW,"SYNTEC OPTICS HOLDINGS, INC.",Technology,Electronic Components
9985,1868269,LATGF,Chenghe Acquisition I Co.,Financial Services,Shell Companies
9987,1866838,IGTAU,Inception Growth Acquisition Ltd,Financial Services,Shell Companies
9988,1866838,IGTAW,Inception Growth Acquisition Ltd,Financial Services,Shell Companies
9989,1868269,LATGU,Chenghe Acquisition I Co.,Financial Services,Shell Companies
9991,1869601,EMCGU,Embrace Change Acquisition Corp.,Financial Services,Shell Companies
9992,1869601,EMCGW,Embrace Change Acquisition Corp.,Financial Services,Shell Companies
9993,1946573,KDLYW,"Kindly MD, Inc.",Healthcare,Medical Care Facilities
9996,1956055,BUJAW,Bukit Jalil Global Acquisition 1 Ltd.,Financial Services,Shell Companies
9997,1956055,BUJAU,Bukit Jalil Global Acquisition 1 Ltd.,Financial Services,Shell Companies
9999,1965473,CCGWW,Cheche Group Inc.,Communication Services,Internet Content & Information
10000,1978528,QETAU,Quetta Acquisition Corp,Financial Services,Shell Companies
10002,1964021,NCNCW,noco-noco Inc.,Consumer Cyclical,Auto Parts
10004,1975218,NETDW,Nabors Energy Transition Corp. II,Financial Services,Shell Companies
10005,1975218,NETDU,Nabors Energy Transition Corp. II,Financial Services,Shell Companies
10007,1999297,DSYWW,Big Tree Cloud Holdings Ltd,Consumer Defensive,Household & Personal Products
10010,1947559,ANZGF,ANZ GROUP HOLDINGS LIMITED/ADR,Financial Services,Banks—Diversified
10015,1936702,CETUU,Cetus Capital Acquisition Corp.,Financial Services,Shell Companies
10017,1997652,TBNRL,Tamboran Resources Corp,Energy,Oil & Gas E&P
10019,1988776,MRNOW,Murano Global Investments Ltd,Real Estate,Real Estate—Development
10020,1992818,ZOOZW,ZOOZ Power Ltd.,Consumer Cyclical,Specialty Retail
10021,1991946,CGBSW,Crown LNG Holdings Ltd,Energy,Oil & Gas Integrated
10024,2000775,BKHAU,Black Hawk Acquisition Corp,Financial Services,Shell Companies
10026,1962746,LOTWW,Lotus Technology Inc.,Consumer Cyclical,Auto Manufacturers
10027,1964504,CLGDF,Aris Mining Corp,Basic Materials,Gold
10029,1966734,AITRU,AI Transportation Acquisition Corp,Financial Services,Shell Companies
10032,1969475,BAYAU,Bayview Acquisition Corp,Financial Services,Shell Companies
10036,1946021,HSPOU,Horizon Space Acquisition I Corp.,Financial Services,Shell Companies
10037,1946021,HSPOW,Horizon Space Acquisition I Corp.,Financial Services,Shell Companies
10039,1981462,LDTCW,LeddarTech Holdings Inc.,Technology,Software—Application
10041,1990145,NUVOW,Holdco Nuvo Group D.G Ltd.,Healthcare,Medical Devices
10047,1969766,SEPSF,Asep Medical Holdings Inc.,Healthcare,Biotechnology
10049,1973056,BOWNU,Bowen Acquisition Corp,Financial Services,Shell Companies
10051,1979005,AFJKU,"Aimei Health Technology Co., Ltd.",Financial Services,Shell Companies
10052,1941189,TANAF,Tian'an Technology Group Ltd,Healthcare,Medical Devices
10053,1947861,NMHIW,Nature's Miracle Holding Inc.,Industrials,Specialty Industrial Machinery
10055,1953984,BCGWW,"Binah Capital Group, Inc.",Financial Services,Asset Management
10056,1953988,WEBT,Helio Corp /FL/,Technology,Information Technology Services
10058,1965143,NVNIW,Nvni Group Ltd,Technology,Software—Application
10061,2000410,EURKU,Eureka Acquisition Corp,Financial Services,Shell Companies
10062,1979484,ABVEW,Above Food Ingredients Inc.,Consumer Defensive,Packaged Foods
10066,1930021,HOVRW,New Horizon Aircraft Ltd.,Industrials,Aerospace & Defense
10067,1932737,NWTNW,"NWTN, Inc.",Consumer Cyclical,Auto Manufacturers
10072,1869858,SSUNF,SIGNA Sports United N.V.,Consumer Cyclical,Specialty Retail
10074,1871321,DRTSW,Alpha Tau Medical Ltd.,Healthcare,Biotechnology
10075,1876431,PRENW,Prenetics Global Ltd,Healthcare,Diagnostics & Research
10076,1876581,IMPPP,Imperial Petroleum Inc./Marshall Islands,Energy,Oil & Gas Midstream
10079,1890671,DUETU,DUET Acquisition Corp.,Financial Services,Shell Companies
10080,1890671,DUETW,DUET Acquisition Corp.,Financial Services,Shell Companies
10081,1892922,MARXU,Mars Acquisition Corp.,Financial Services,Shell Companies
10084,1894951,GBBKW,Global Blockchain Acquisition Corp.,Financial Services,Shell Companies
10086,1901336,ALCYU,Alchemy Investments Acquisition Corp 1,Financial Services,Shell Companies
10088,1913510,VFSWW,VinFast Auto Ltd.,Consumer Cyclical,Auto Manufacturers
10089,1915403,STXYF,SatixFy Communications Ltd.,Technology,Communication Equipment
10090,1922858,ECDAW,"ECD Automotive Design, Inc.",Consumer Cyclical,Auto Manufacturers
10091,1936258,NAMSW,NewAmsterdam Pharma Co N.V.,Healthcare,Biotechnology
10092,1934064,OSPWQ,"ProSomnus, Inc.",Healthcare,Medical Devices
10094,1846235,IMAQU,International Media Acquisition Corp.,Financial Services,Shell Companies
10095,1846235,IMAQW,International Media Acquisition Corp.,Financial Services,Shell Companies
10096,1847241,PEGRU,Project Energy Reimagined Acquisition Corp.,Financial Services,Shell Companies
10097,1847241,PEGRW,Project Energy Reimagined Acquisition Corp.,Financial Services,Shell Companies
10098,1846253,OABIW,"OmniAb, Inc.",Healthcare,Biotechnology
10099,1853044,AERTW,"Aeries Technology, Inc.",Industrials,Consulting Services
10100,1853047,HUDAU,Hudson Acquisition I Corp.,Financial Services,Shell Companies
10103,1851612,BHACU,Focus Impact BH3 Acquisition Co,Financial Services,Shell Companies
10104,1851612,BHACW,Focus Impact BH3 Acquisition Co,Financial Services,Shell Companies
10105,1848739,GDEVW,GDEV Inc.,Communication Services,Electronic Gaming & Multimedia
10106,1849635,DJTWW,Trump Media & Technology Group Corp.,Communication Services,Internet Content & Information
10107,1848731,GHBWF,Glass House Brands Inc.,Healthcare,Drug Manufacturers—Specialty & Generic
10109,1847513,TRONU,CORNER GROWTH ACQUISITION CORP. 2,Financial Services,Shell Companies
10110,1847513,TRONW,CORNER GROWTH ACQUISITION CORP. 2,Financial Services,Shell Companies
10111,1848672,GDLG,Glidelogic Corp.,Technology,Software—Application
10112,1847440,MITAU,Coliseum Acquisition Corp.,Financial Services,Shell Companies
10113,1847440,MITAW,Coliseum Acquisition Corp.,Financial Services,Shell Companies
10114,1844817,AACIU,Armada Acquisition Corp. I,Financial Services,Shell Companies
10115,1844817,AACIW,Armada Acquisition Corp. I,Financial Services,Shell Companies
10116,1845550,PLMJW,Plum Acquisition Corp. III,Financial Services,Shell Companies
10117,1845550,PLMJU,Plum Acquisition Corp. III,Financial Services,Shell Companies
10118,1860805,ASTLW,Algoma Steel Group Inc.,Basic Materials,Steel
10119,1862068,RBTCW,"Rubicon Technologies, Inc.",Technology,Software—Application
10120,1861974,ECXWW,ECARX Holdings Inc.,Consumer Cyclical,Auto Parts
10122,1865120,BRACU,Broad Capital Acquisition Corp,Financial Services,Shell Companies
10126,1865111,ALSAU,Alpha Star Acquisition Corp,Financial Services,Shell Companies
10127,1865111,ALSAW,Alpha Star Acquisition Corp,Financial Services,Shell Companies
10128,1859639,CZOWF,Cazoo Group Ltd,Consumer Cyclical,Auto & Truck Dealerships
10129,1856031,SEATW,Vivid Seats Inc.,Communication Services,Internet Content & Information
10130,1856961,BOCNU,Blue Ocean Acquisition Corp,Financial Services,Shell Companies
10131,1856961,BOCNW,Blue Ocean Acquisition Corp,Financial Services,Shell Companies
10132,1856995,MCAAU,Mountain & Co. I Acquisition Corp.,Financial Services,Shell Companies
10133,1856995,MCAAW,Mountain & Co. I Acquisition Corp.,Financial Services,Shell Companies
10134,1878074,BWAQW,Blue World Acquisition Corp,Financial Services,Shell Companies
10135,1871983,ANGHW,Anghami Inc,Communication Services,Entertainment
10136,1885408,JFBRW,Jeffs' Brands Ltd,Consumer Cyclical,Internet Retail
10139,1889450,FTIIU,FutureTech II Acquisition Corp.,Financial Services,Shell Companies
10140,1889450,FTIIW,FutureTech II Acquisition Corp.,Financial Services,Shell Companies
10142,1918884,MTRC,Metaterra Corp.,Consumer Cyclical,Auto Parts
10143,1907223,WENAW,"ANEW Medical, Inc.",Healthcare,Biotechnology
10145,1950429,NNAGW,99 Acquisition Group Inc.,Financial Services,Shell Companies
10146,1950429,NNAGU,99 Acquisition Group Inc.,Financial Services,Shell Companies
10151,1921158,FUFUW,Bitfufu Inc.,Financial Services,Capital Markets
10152,1930313,PTWOU,"Pono Capital Two, Inc.",Financial Services,Shell Companies
10153,1930313,PTWOW,"Pono Capital Two, Inc.",Financial Services,Shell Companies
10154,1935418,FMSTW,Foremost Lithium Resource & Technology Ltd.,Basic Materials,Chemicals
10155,1937737,MLECW,Moolec Science SA,Healthcare,Biotechnology
10158,1946399,LSBPW,"LakeShore Biopharma Co., Ltd.",Healthcare,Biotechnology
10159,1853397,ZLSWU,Zalatoris II Acquisition Corp,Financial Services,Shell Companies
10160,1853397,ZLSWW,Zalatoris II Acquisition Corp,Financial Services,Shell Companies
10162,1854463,WINVU,WinVest Acquisition Corp.,Financial Services,Shell Companies
10163,1854463,WINVW,WinVest Acquisition Corp.,Financial Services,Shell Companies
10164,1858685,BFRIW,Biofrontera Inc.,Healthcare,Drug Manufacturers—Specialty & Generic
10165,1856161,PRLHW,Pearl Holdings Acquisition Corp,Financial Services,Shell Companies
10166,1856161,PRLHU,Pearl Holdings Acquisition Corp,Financial Services,Shell Companies
10168,1855474,AIRJW,Montana Technologies Corp.,Industrials,Building Products & Equipment
10169,1855467,MOBXW,"MOBIX LABS, INC",Technology,Semiconductors
10170,1854480,FIACU,Focus Impact Acquisition Corp.,Financial Services,Shell Companies
10171,1854480,FIACW,Focus Impact Acquisition Corp.,Financial Services,Shell Companies
10172,1862490,DCFWQ,Tritium DCFC Ltd,Industrials,Electrical Equipment & Parts
10175,1862463,INAQU,Insight Acquisition Corp. /DE,Financial Services,Shell Companies
10176,1862463,INAQW,Insight Acquisition Corp. /DE,Financial Services,Shell Companies
10178,1861063,AQUNU,Aquaron Acquisition Corp.,Financial Services,Shell Companies
10181,1865506,ZEOWW,Zeo Energy Corp.,Technology,Solar
10182,1870404,CEROW,"CERO THERAPEUTICS HOLDINGS, INC.",Healthcare,Biotechnology
10183,1873441,BCSAU,Blockchain Coinvestors Acquisition Corp. I,Financial Services,Shell Companies
10184,1873441,BCSAW,Blockchain Coinvestors Acquisition Corp. I,Financial Services,Shell Companies
10187,1944212,DYCQU,DT Cloud Acquisition Corp,Financial Services,Shell Companies
10189,1941536,BAERW,"Bridger Aerospace Group Holdings, Inc.",Industrials,Security & Protection Services
10194,1883085,PGYWW,Pagaya Technologies Ltd.,Technology,Software—Infrastructure
10196,1888734,GLLIU,GLOBALINK INVESTMENT INC.,Financial Services,Shell Companies
10197,1888734,GLLIW,GLOBALINK INVESTMENT INC.,Financial Services,Shell Companies
10198,1888740,LSEB,LSEB Creative Corp.,Consumer Cyclical,Apparel Retail
10199,1879814,TLGYU,TLGY ACQUISITION CORP,Financial Services,Shell Companies
10200,1879814,TLGYW,TLGY ACQUISITION CORP,Financial Services,Shell Companies
10201,1974044,MNYWW,MoneyHero Ltd,Communication Services,Internet Content & Information
10202,1970509,HYAC-UN,Haymaker Acquisition Corp. 4,Financial Services,Shell Companies
10205,1970622,IPXXU,Inflection Point Acquisition Corp. II,Financial Services,Shell Companies
10206,1865861,CCTSU,Cactus Acquisition Corp. 1 Ltd,Financial Services,Shell Companies
10207,1865861,CCTSW,Cactus Acquisition Corp. 1 Ltd,Financial Services,Shell Companies
10208,1862935,IFIN-UN,InFinT Acquisition Corp,Financial Services,Shell Companies
10209,1865782,BTSGU,"BrightSpring Health Services, Inc.",Healthcare,Health Information Services
10210,1861622,JTAIW,Jet.AI Inc.,Technology,Software—Application
10211,1861622,JTAIZ,Jet.AI Inc.,Technology,Software—Application
10213,1859035,MCAGU,Mountain Crest Acquisition Corp. V,Financial Services,Shell Companies
10214,1852749,XFINU,ExcelFin Acquisition Corp.,Financial Services,Shell Companies
10215,1852749,XFINW,ExcelFin Acquisition Corp.,Financial Services,Shell Companies
10218,1857410,IVCBU,Investcorp Europe Acquisition Corp I,Financial Services,Shell Companies
10219,1857410,IVCBW,Investcorp Europe Acquisition Corp I,Financial Services,Shell Companies
10220,1855457,KORGW,"KORE Group Holdings, Inc.",Communication Services,Telecom Services
10223,1909417,SLNAW,SELINA HOSPITALITY PLC,Consumer Cyclical,Resorts & Casinos
10225,1905660,HUBCZ,Hub Cyber Security Ltd.,Technology,Software—Infrastructure
10226,1896212,CDTTW,CONDUIT PHARMACEUTICALS INC.,Healthcare,Biotechnology
10228,1898416,ALVOW,Alvotech,Healthcare,Drug Manufacturers—Specialty & Generic
10229,1894057,PPYAU,Papaya Growth Opportunity Corp. I,Financial Services,Shell Companies
10230,1894057,PPYAW,Papaya Growth Opportunity Corp. I,Financial Services,Shell Companies
10232,1894210,QOMOU,Qomolangma Acquisition Corp.,Financial Services,Shell Companies
10233,1894210,QOMOW,Qomolangma Acquisition Corp.,Financial Services,Shell Companies
10234,1957783,MACT,"MachTen, Inc.",Communication Services,Telecom Services
10236,1963088,ATCHW,"AtlasClear Holdings, Inc.",Technology,Software—Infrastructure
10237,1960208,CREVW,Carbon Revolution Public Ltd Co,Consumer Cyclical,Auto Parts
10239,1951089,CRMLW,Critical Metals Corp.,Basic Materials,Other Industrial Metals & Mining
10240,1937987,FBYDW,"Falcon's Beyond Global, Inc.",Industrials,Conglomerates
10242,1937891,ATMVU,AlphaVest Acquisition Corp.,Financial Services,Shell Companies
10243,1880441,BFAC-UN,Battery Future Acquisition Corp.,Financial Services,Shell Companies
10246,1882464,MSSAU,Metal Sky Star Acquisition Corp,Financial Services,Shell Companies
10247,1882464,MSSAW,Metal Sky Star Acquisition Corp,Financial Services,Shell Companies
10248,1883983,VSACU,VISION SENSING ACQUISITION CORP.,Financial Services,Shell Companies
10249,1883983,VSACW,VISION SENSING ACQUISITION CORP.,Financial Services,Shell Companies
10251,1872812,TCBPW,TC BioPharm (Holdings) plc,Healthcare,Biotechnology
10252,1872964,MTEKW,Maris Tech Ltd.,Technology,Electronic Components
10256,1865468,KACLU,Kairous Acquisition Corp. Ltd,Financial Services,Shell Companies
10257,1865468,KACLW,Kairous Acquisition Corp. Ltd,Financial Services,Shell Companies
10260,1857803,DPCSU,DP Cap Acquisition Corp I,Financial Services,Shell Companies
10261,1857803,DPCSW,DP Cap Acquisition Corp I,Financial Services,Shell Companies
10263,1854587,CLBTW,Cellebrite DI Ltd.,Technology,Software—Infrastructure
10264,1865407,KCGI-UN,Kensington Capital Acquisition Corp. V,Financial Services,Shell Companies
